canon,n_solvents,lmax_min,lmax_max,lmax_median,span_nm
[O-]c1c(-c2ccccc2)cc(-[n+]2c(-c3ccccc3)cc(-c3ccccc3)cc2-c2ccccc2)cc1-c1ccccc1,334,437.8407351,931.3029316,699.0464548,493.46219649999995
CC(=O)[O-],2,210.0,628.0,419.0,418.0
C1=Cc2nc1c(-c1cccs1)c1ccc([nH]1)c(-c1cccs1)c1nc(c(-c3cccs3)c3ccc([nH]3)c2-c2cccs2)C=C1,2,426.0,661.0,543.5,235.0
CCCCN1C(=O)C(=C/C=C/C=C/C=C2N(CCCC)c3ccccc3N2CCCC)C(=O)N(CCCC)C1=S,9,464.0,689.0,549.0,225.0
C[n+]1ccc(/C=C/c2ccc3cc([O-])ccc3c2)cc1,10,412.0151372,622.0,545.5,209.98486279999997
CC[n+]1ccc2ccccc2c1/C=C/c1c([O-])ccc2ccc(=O)oc12,9,491.7098681,655.0113687999999,603.4424739,163.3015006999999
CN(C)c1ccc(-c2c(/C=C3/C=Cc4ccccc4N3Cc3ccccc3)c(=O)c2=O)cc1,3,358.0,511.0,364.0,153.0
C[n+]1ccc(/C=C/c2ccc([O-])cc2)cc1,12,442.0,595.0,533.5,153.0
CCCCN1/C(=C\c2c(-c3ccc(N(C)C)cc3)c(=O)c2=O)C=Cc2ccccc21,3,357.0,509.0,361.0,152.0
CN(C)c1ccc(-c2c(/C=C3/C=Cc4ccccc4N3C)c(=O)c2=O)cc1,3,358.0,509.0,362.0,151.0
CCCN1/C(=C\c2c(-c3ccc(N(C)C)cc3)c(=O)c2=O)C=Cc2ccccc21,3,358.0,509.0,362.0,151.0
CCN1/C(=C\c2c(-c3ccc(N(C)C)cc3)c(=O)c2=O)C=Cc2ccccc21,3,359.0,509.0,362.0,150.0
CC1(C)C(/C=C/c2cc3ccc(O)cc3oc2=O)=[N+](CCCS(=O)(=O)[O-])c2ccc3c(S(=O)(=O)O)cc(S(=O)(=O)O)cc3c21,3,495.0,643.0,578.0,148.0
CC(C)(C)c1ccc(-c2nc3c4ccc(-c5cc6ccccc6c6ccccc56)cc4c4cc(-c5cc6ccccc6c6ccccc56)ccc4c3n2-c2ccc(C(C)(C)C)cc2)cc1,13,234.0,379.0,325.0,145.0
CC1(C)C(/C=C/c2cc3ccc(O)cc3oc2=O)=[N+](CCCS(=O)(=O)[O-])c2ccc(S(=O)(=O)O)cc21,3,485.0,630.0,573.0,145.0
CC[n+]1c(/C=C/c2c([O-])ccc3ccc(=O)oc23)sc2ccccc21,9,492.7553238,623.5680139,590.5606257999998,130.8126901
O=C1/C(=C/C=C/c2cc3c4c(c2)CCCN4CCC3)CC/C1=C\C=C\c1cc2c3c(c1)CCCN3CCC2,18,457.0,584.0,529.5,127.0
CN(C)c1ccc(N2c3sc4ccccc4c3Sc3sc4ccccc4c32)cc1,2,319.0,444.0,381.5,125.0
CCCCN1C(=O)C(=C/C=C/C=C2N(CCCC)c3ccccc3N2CCCC)C(=O)N(CCCC)C1=S,6,452.0,575.0,554.5,123.0
CCCCN1C(=O)c2cccc3c(OC)ccc(c23)C1=O,3,362.0,484.0,376.0,122.0
CCCCOc1ccc(/C=C/C=C/C=C/c2ccc([N+](=O)[O-])cc2)cc1,5,413.0,531.0,420.0,118.0
CCCCN1C(=O)c2cccc3c([O-])c(/C=C/c4sc5ccccc5[n+]4CC)cc(c23)C1=O,10,489.4899536,607.2642967999999,569.6483771000001,117.77434319999992
CC(=O)c1ccc(/N=N/c2ccc(Nc3ccccc3)cc2)cc1,9,427.0,544.0,438.0,117.0
CCOc1ccc(/C=C/C=C/C=C/c2ccc([N+](=O)[O-])cc2)cc1,5,412.0,525.0,419.0,113.0
CCCCN(CCCC)c1ccc2nc3c4ccccc4c(=O)c(OC(=C(C(F)(C(F)(F)F)C(F)(F)F)C(F)(C(F)(F)F)C(F)(F)F)C(F)(F)F)c-3oc2c1,2,577.0,690.0,633.5,113.0
C[n+]1ccc(/C=C/c2ccc(N(c3ccccc3)c3ccc(/C=C/c4cc[n+](C)cc4)cc3)cc2)cc1,3,402.0,509.0,496.0,107.0
N#Cc1c(-c2cccs2)cc(-c2ccc3c(c2)Cc2ccccc2-3)[nH]c1=O,7,343.0,449.0,394.0,106.0
O=[N+]([O-])c1ccc(NCCN(Cc2c3ccccc3cc3ccccc23)c2ccc([N+](=O)[O-])cc2[N+](=O)[O-])c([N+](=O)[O-])c1,8,267.0,372.0,368.5,105.0
CN(C)c1ccc2cc3c(cc2c1)OCCN=C3,9,353.0,456.0,362.0,103.0
c1csc(-c2ccc(-c3cccs3)s2)c1,3,351.0,453.0,355.0,102.0
CCCCN(CCCC)c1ccc2nc3c4ccccc4c(=O)c(-c4cccc5ccccc45)c-3oc2c1,2,552.0,654.0,603.0,102.0
COc1ccc2c(-c3nc(-c4cccc(Br)c4)no3)cc(=O)oc2c1,2,259.0,360.0,309.5,101.0
CC1(C)C(/C=C/C=C/c2cc3ccc(O)cc3oc2=O)=[N+](CCCS(=O)(=O)[O-])c2ccc(S(=O)(=O)O)cc21,3,494.0,592.0,508.0,98.0
O=C(O)c1cc2c(cc3ccc4cccc5ccc2c3c45)[nH]1,2,398.0,493.0,445.5,95.0
COc1ccc(/C=C/C=C/C=C/c2ccc([N+](=O)[O-])cc2)cc1,10,411.0,505.0,418.0,94.0
COC1=C/C(=C\C=C2C=CN(Cc3ccc(Br)cc3)C=C2)C=CC1=O,14,537.0,629.0,586.5,92.0
O=[N+]([O-])c1ccc(O)cc1,2,309.0,401.0,355.0,92.0
c1ccc2cc3cc(-c4cc(-c5nccs5)nc(-c5nccs5)c4)ccc3cc2c1,4,305.0,394.0,365.5,89.0
CCCOc1ccc(/C=C/C=C/C=C/c2ccc([N+](=O)[O-])cc2)cc1,5,413.0,501.0,420.0,88.0
c1cc2sc3ccsc3c2s1,2,291.0,379.0,335.0,88.0
Cc1ccc(-c2cc(-c3ccccc3)c(C#N)c(=S)[nH]2)cc1,10,400.0,488.0,439.0,88.0
c1ccc(-c2cc(-c3ccc(-c4nc(-c5ccccn5)c(-c5ccccn5)[nH]4)cc3)cc(-c3ccccn3)n2)nc1,10,321.0,408.0,365.5,87.0
O=C(N/N=C/c1ccccc1O)c1ccccc1,7,329.0,415.0,334.0,86.0
CCN(CC)c1ccc2c(C#N)c(/C=C(\C#N)c3nc4ccccc4s3)c(=O)oc2c1,9,525.0,611.0,568.0,86.0
C[Si](C)(C)[Si](c1ccc(-c2ccc(-c3ccc(-c4ccc([Si]([Si](C)(C)C)([Si](C)(C)C)[Si](C)(C)C)s4)s3)s2)s1)([Si](C)(C)C)[Si](C)(C)C,2,331.0,417.0,374.0,86.0
C[n+]1ccc(-c2ccc([O-])cc2)cc1,8,394.0,479.0,458.5,85.0
c1ccc(-c2nc(-c3ccccc3)n3ccccc23)cc1,6,301.0,385.0,305.0,84.0
CC(=O)O[B-]1(OC(C)=O)OC(/C=C/C=C/c2ccccc2)=CC(/C=C/C=C/c2ccccc2)=[O+]1,8,468.0,550.0,473.0,82.0
CCCCN(CCCC)c1ccc2nc3c4ccccc4c(=O)c(-c4ccccc4)c-3oc2c1,2,549.0,631.0,590.0,82.0
CCC/N=C/c1cc2ccc(N(C)C)cc2cc1OC,9,368.0,450.0,369.0,82.0
N#C/C(=N/Nc1ccc(C#N)cc1)c1nc(-c2ccccc2)cs1,5,396.0,477.0,399.0,81.0
O=C(N/N=C/c1ccccc1O)c1ccccc1O,7,331.0,412.0,335.0,81.0
CCCCc1c2ccccc2c(-c2ccc(-c3nc4cc(CC(NC(=O)OC(C)(C)C)C(=O)OC)ccc4o3)cc2)c2ccccc12,21,391.8694918,472.0432392,398.49051789999993,80.17374740000002
COc1ccc(-c2csc(/C(C#N)=N\Nc3ccc(C#N)cc3)n2)cc1,5,401.0,481.0,404.0,80.0
CCCCN(CCCC)c1ccc2nc3c4ccccc4c(=O)c(-c4c5ccccc5cc5ccccc45)c-3oc2c1,2,555.0,635.0,595.0,80.0
Cc1ccccc1,2,256.4760195,336.0,296.23800975,79.5239805
c1ccc(N2N=C(c3c4ccccc4cc4ccccc34)CC2c2ccc3ccc4cccc5ccc2c3c45)cc1,2,425.0,503.0,464.0,78.0
O=C(NCc1cc(=O)oc2cc(O)c(Br)cc12)c1cccnc1,4,330.0,408.0,382.0,78.0
O=[N+]([O-])c1ccc(O)c(O)c1,2,346.0,423.0,384.5,77.0
C[P+]1(c2ccccc2)C2=C(c3ccccc31)S(=O)(=O)c1ccccc12,3,319.0,395.0,388.0,76.0
COc1ccccc1-c1nc(-c2ccccc2)c2ccccn12,5,298.0,374.0,330.0,76.0
CC1(C)C(/C=C/c2cc3ccc(O)cc3oc2=O)=[N+](CCCS(=O)(=O)[O-])c2ccccc21,3,555.0,630.0,623.0,75.0
CC(C)(C)c1ccc2c(c1)c1cc(C(C)(C)C)ccc1n2-c1ccc(-c2nc(-c3ccc(P(=O)(c4ccccc4)c4ccccc4)cc3)nc(-c3ccc(P(=O)(c4ccccc4)c4ccccc4)cc3)n2)cc1,8,361.4266843,435.7808858,370.7397622,74.35420150000004
CCCCC[n+]1ccc(/C=C/c2ccc(N(C)C)c3ccccc23)c2ccccc21,13,452.0,526.0,503.0,74.0
COc1ccc(-n2cccc2)cc1,3,252.0,325.0,252.0,73.0
CC(=O)O[B-]1(OC(C)=O)OC(/C=C/c2cccc3ccccc23)=CC(/C=C/c2cccc3ccccc23)=[O+]1,8,464.0,537.0,470.0,73.0
CC1(C)C(/C=C/C=C/c2cc3ccc(O)cc3oc2=O)=[N+](CCCS(=O)(=O)[O-])c2ccccc21,2,491.0,564.0,527.5,73.0
O=[N+]([O-])c1ccccc1O,2,338.0,411.0,374.5,73.0
CN(C)c1ccc(/C=C/c2cc[n+](C)cc2)cc1,13,449.0002867,522.0,475.0000381,72.9997133
CCN(CC)c1ccc2cc(-c3cn4ccccc4n3)c(=O)oc2c1,11,407.0,479.0,424.0,72.0
c1cc2ccc3cc4[nH]ccc4c4ccc(c1)c2c34,2,384.0,456.0,420.0,72.0
O=C(N/N=C/c1ccccc1O)c1cccc2ccccc12,7,328.0,400.0,334.0,72.0
CN(C)c1ccc(/C=C/c2cc[n+](C)c3ccccc23)cc1,5,510.0,581.0,540.0,71.0
O=Cc1cc(O)c(C=O)cc1O,12,356.0,427.0,413.5,71.0
CCCCCCCCCCOC(=O)c1ccc2c3ccc(C(=O)OCCCCCCCCCC)c4c(C(=O)OCCCCCCCCCC)cc5[nH]c6cc(C(=O)OCCCCCCCCCC)c1c2c6c5c43,2,410.0,479.0,444.5,69.0
CN(C)c1ccc(/C=C/C=C2\CC/C(=C\C=C\c3ccc(N(C)C)cc3)C2=O)cc1,20,465.0,534.0,499.0,69.0
CCN(CC)c1ccc(/C=C/C2=[O+][B-](F)(F)Oc3c2c(=O)oc2cc(N(CC)CC)ccc32)cc1,13,542.0,610.0,582.0,68.0
CCCN(c1ccccc1)c1ccc2c(c1)C(CC)(CC)c1cc(/C=C/c3ccc(/C=C(\C#N)C(=O)O)s3)ccc1-2,8,412.0,480.0,451.0,68.0
CC(C)(C)c1ccc2c(c1)c1cc(C(C)(C)C)ccc1n2-c1ccc2oc3nc4oc5cc(C(F)(F)F)ccc5c4cc3c2c1,2,346.0,414.0,380.0,68.0
CC1(C)CC(=O)C2=C(C1)Oc1ccc3ccc(O)cc3c1C2c1ccccn1,7,274.0,341.0,334.0,67.0
O=C(N/N=C/c1ccccc1O)c1cc2ccccc2cc1O,7,334.0,400.0,340.0,66.0
CCOC(=O)c1ccc(C2=C(c3ccccc3)c3sc4ccccc4[n+]3[B-](F)(F)O2)cc1,2,374.0,440.0,407.0,66.0
CC(C)(C)c1ccc2c(c1)c1cc(C(C)(C)C)ccc1n2-c1ccc(C#Cc2ccc(C=C(C#N)C#N)cc2)cc1,4,345.0,410.0,347.0,65.0
CN(C)c1ccc(/C=C/C=C2\CC/C(=C\c3ccc(N(C)C)cc3)C2=O)cc1,23,435.0,500.0,484.0,65.0
c1ccc(N2N=C(c3ccc4ccc5cccc6ccc3c4c56)CC2c2ccc3ccc4cccc5ccc2c3c45)cc1,2,422.0,485.0,453.5,63.0
O=c1oc2ccccc2cc1-c1cn2ccccc2n1,2,349.0,412.0,380.5,63.0
COC(=O)c1c(C(=O)OC)c2ccc(C)nn2c1C,2,380.4,443.0,411.7,62.60000000000002
CCCCN(c1ccccc1)c1ccc2c(c1)C(CC)(CC)c1cc(/C=C/c3ccc(/C=C(\C#N)C(=O)O)s3)ccc1-2,8,424.0,486.0,462.0,62.0
N#Cc1c(-c2ccc([N+](=O)[O-])cc2)cc(-c2ccc([N+](=O)[O-])cc2)[nH]c1=O,7,386.0,448.0,392.0,62.0
CN(CCO)c1ccc(/N=N/c2ccc([N+](=O)[O-])cc2)cc1,4,487.0,548.0,503.5,61.0
COc1ccc(-c2csc(-c3ccncc3)n2)cc1,6,340.0,401.0,340.5,61.0
CCN(CC)c1ccc2cc(/C=C/C3=C4CC/C(=C\c5cc6ccc(N(CC)CC)cc6oc5=O)C4=[O+][B-](F)(F)O3)c(=O)oc2c1,9,629.0,690.0,653.0,61.0
Cc1ccc(-n2cccc2)cc1,3,254.0,315.0,254.0,61.0
N#Cc1nnn(-c2ccnc3cc(Cl)ccc23)c1N,9,326.0089978000001,386.6228494,368.7859566,60.61385159999992
CCCCCCCCCCCCCCCC[n+]1ccc(/C=C/c2ccc(N(C)C)cc2)cc1,15,454.6,515.2,479.0,60.60000000000002
N#Cc1coc2ccccc2c1=O,12,312.0,372.0,354.5,60.0
C[n+]1ccc(/C=C/c2ccc(N(c3ccccc3)c3ccc(/C=C/c4cc[n+](C)cn4)cc3)cc2)nc1,3,500.0,560.0,525.0,60.0
C[n+]1ccnc(/C=C/c2ccc(N(c3ccccc3)c3ccc(/C=C/c4c[n+](C)ccn4)cc3)cc2)c1,3,440.0,500.0,485.0,60.0
CC[N+]1=C(/C=C/c2cc3cc(C(C)(C)C)cc4ccc5cc(C(C)(C)C)cc2c5c43)C(C)(C)c2ccccc21,6,489.0,548.0,512.0,59.0
COC(=O)c1cc2c(cc3ccc4cccc5ccc2c3c45)[nH]1,2,400.0,458.0,429.0,58.0
FC(F)(F)c1ccc2oc3nc4oc5ccc(N(c6ccccc6)c6ccccc6)cc5c4cc3c2c1,2,287.0,345.0,316.0,58.0
N#Cc1ccc(-c2nc(-c3ccccc3)c3ccccn23)cc1,5,372.0,430.0,377.0,58.0
c1ccc(-n2cccc2)cc1,3,252.0,310.0,254.0,58.0
CN(C)c1ccc(-c2nc(-c3ccccc3)c3ccccn23)cc1,5,315.0,372.0,341.0,57.0
N#C/C(=C\c1ccncc1)c1nc(-c2ccccc2)cs1,7,361.0,418.0,370.0,57.0
COc1ccc(/C=C/C2=CC(/C=C/c3ccc(OC)cc3)=[O+][B-](OC(C)=O)(OC(C)=O)O2)cc1,8,456.0,513.0,463.0,57.0
O=C(/C=C/c1cn(-c2ccccc2)nc1-c1ccccc1)c1c(O)c2ccccc2oc1=O,10,352.0,409.0,403.0,57.0
O=S(=O)([O-])c1cc(O)c2ccc3c(S(=O)(=O)[O-])cc(S(=O)(=O)[O-])c4ccc1c2c34,11,397.6143141,454.0,398.8035892,56.3856859
Nc1ccc2c3c(cccc13)C(=O)c1ccccc1-2,11,461.0419548,517.0630817,483.0917874,56.02112690000001
CC(C)(C)c1ccc(-c2nc3c4ccccc4c4ccccc4c3n2-c2ccc(C(C)(C)C)cc2)cc1,13,310.0,366.0,315.0,56.0
CN(C)c1ccc(/C=C/c2ccc3ccccc3[n+]2C)cc1,5,500.0,556.0,522.0,56.0
CCCCCCCCCCCCOc1cc2cc(N(C)C)ccc2cc1C=C(C#N)C#N,8,432.0,487.0,476.5,55.0
CC(C)(C)c1ccc(-c2nc3c4ccc(-c5cccc6ccccc56)cc4c4cc(-c5cccc6ccccc56)ccc4c3n2-c2ccc(C(C)(C)C)cc2)cc1,13,323.0,378.0,326.0,55.0
CC(C)(C)c1cc(-c2cc3c(cc(-c4cc(C(C)(C)C)cc(C(C)(C)C)c4)n3-c3ccc(C(=C(c4ccccc4)c4ccccc4)c4ccccc4)cc3)n2-c2ccc(C(=C(c3ccccc3)c3ccccc3)c3ccccc3)cc2)cc(C(C)(C)C)c1,2,337.0,392.0,364.5,55.0
c1ccc(N2N=C(c3cccc4ccccc34)CC2c2ccc3ccc4cccc5ccc2c3c45)cc1,2,391.0,446.0,418.5,55.0
CCCCCCCCCCCCCCCC[n+]1ccc(/C=C/c2ccccc2O)cc1,15,503.8,558.2,547.0,54.400000000000034
CC(C)(C)c1ccc(-c2nc3c4ccc(-c5ccccc5)cc4c4cc(-c5ccccc5)ccc4c3n2-c2ccc(C(C)(C)C)cc2)cc1,13,329.0,383.0,331.0,54.0
Cc1s[c+](N2CCOCC2)sc1-c1cc(I)cc(I)c1[O-],4,371.0,425.0,411.0,54.0
CCN(CC)c1ccc2cc(/C=C/C3=CC(/C=C/c4cc5ccc(N(CC)CC)cc5oc4=O)=[O+][B-](F)(F)O3)c(=O)oc2c1,8,598.0,652.0,622.5,54.0
CC1=C(C)c2cccc3c2c(cc2nc4ccccc4nc23)O1,2,497.0,550.0,523.5,53.0
CCCCCCN(c1ccccc1)c1ccc2c(c1)C(CC)(CC)c1cc(/C=C/c3ccc(/C=C(\C#N)C(=O)O)s3)ccc1-2,8,426.0,479.0,463.0,53.0
Brc1cc(/C=C/c2ccc(N(c3ccccc3)c3ccccc3)cc2)c(Br)cc1/C=C/c1ccc(N(c2ccccc2)c2ccccc2)cc1,2,425.0,478.0,451.5,53.0
COc1cc2cc(-c3cc4cc(OC)c(OC)cc4oc3=O)oc2cc1OC,5,358.0,411.0,408.0,53.0
CC(C)(C)c1ccc(-c2nc3c4ccc(-c5ccc6ccccc6c5)cc4c4cc(-c5ccc6ccccc6c5)ccc4c3n2-c2ccc(C(C)(C)C)cc2)cc1,13,334.0,387.0,338.0,53.0
Oc1ccccc1/C=N/N=C/c1ccccc1O,14,345.0,398.0,358.5,53.0
c1ccc(-c2csc(-c3ccncc3)n2)cc1,5,323.0,376.0,325.0,53.0
CCCCN1C(=S)c2cccc3c(N(C)C)ccc(c23)C1=S,3,536.0,588.0,571.0,52.0
O=c1c2ccccc2nc2n1[B-](F)(F)[n+]1ccccc1-2,3,334.0,386.0,353.0,52.0
C(=C/c1ccc(N(c2ccc(/C=C/c3ccc(N(c4ccccc4)c4ccccc4)cc3)cc2)c2ccc(/C=C/c3ccc(/C=C/c4ccc(N(c5ccc(/C=C/c6ccc(N(c7ccccc7)c7ccccc7)cc6)cc5)c5ccc(/C=C/c6ccc(N(c7ccccc7)c7ccccc7)cc6)cc5)cc4)c4nsnc34)cc2)cc1)\c1ccc(N(c2ccccc2)c2ccccc2)cc1,7,518.0,570.0,528.0,52.0
CC1=N/C(=C\c2ccccc2N(C)C)C(=O)N1C,7,346.0,398.0,396.0,52.0
Cc1cc(C)c(C2=C3C=C(/C=C/C(=O)OC(C)(C)C)C=[N+]3[B-](F)(F)n3c2ccc3N2CCOCC2)c(C)c1,6,480.0,532.0,491.0,52.0
COc1ccc2[nH]cc(/C=C/C3=[NH+]c4cccc5cccc3c45)c2c1,2,488.0,540.0,514.0,52.0
CCCCCN(c1ccccc1)c1ccc2c(c1)C(CC)(CC)c1cc(/C=C/c3ccc(/C=C(\C#N)C(=O)O)s3)ccc1-2,8,418.0,470.0,458.0,52.0
O=S(=O)([O-])c1cc([O-])c2ccc3c(S(=O)(=O)[O-])cc(S(=O)(=O)[O-])c4ccc1c2c34,8,432.9941546,484.9895727,464.00270085,51.995418099999995
CC(=O)O[B-]1(OC(C)=O)OC(/C=C/c2ccccc2)=CC(/C=C/c2ccccc2)=[O+]1,8,422.0,473.0,424.0,51.0
O=c1c2cccc3cccc(c32)c2nc3ccccc3n12,2,384.0,435.0,409.5,51.0
CN(C)c1ccc(C2=C(c3ccccc3)c3oc4ccccc4[n+]3[B-](F)(F)O2)cc1,2,414.0,465.0,439.5,51.0
CN(C)c1ccc(C(=Cc2ccc(C#N)cc2)c2ccc(N(C)C)cc2)cc1,2,364.0,415.0,389.5,51.0
Nc1ccc2c(c1)C(=O)c1ccc(N)cc1C2=O,5,433.4,484.0,474.0,50.60000000000002
CC(C)(C)c1ccc2c(c1)c1cc(C(C)(C)C)ccc1n2-c1ccc(-c2nc(-c3ccc(-n4c5ccc(C(C)(C)C)cc5c5cc(C(C)(C)C)ccc54)cc3)nc(-c3ccc(P(=O)(c4ccccc4)c4ccccc4)cc3)n2)cc1,8,380.0215983,430.0699301,385.69114475000003,50.04833180000003
CCN(CC)c1ccc2c(C#N)c(/C=C(\C#N)c3nc4ccccc4o3)c(=O)oc2c1,9,561.0,611.0,594.0,50.0
CCN(CC)c1ccc2cc(/C=C/c3cccc[n+]3CCCS(=O)(=O)[O-])c(=O)oc2c1,8,480.0,530.0,490.5,50.0
CCC[n+]1ccc(/C=C/c2ccc(N(C)C)cc2)cc1,10,463.0,513.0,484.5,50.0
CN(CC(O)c1cccc(O)c1)c1ccc([N+](=O)[O-])c(C2CC(c3cccc4ccccc34)=NN2c2ccccc2)c1,11,369.0,418.0,406.0,49.0
O=P(c1ccccc1)(c1ccccc1)c1ccc(-c2nc3ccccc3n2-c2cccc(P(=O)(c3ccccc3)c3ccccc3)c2)cc1,2,314.0,363.0,338.5,49.0
O=P(c1ccccc1)(c1ccccc1)c1ccc(-c2nc3ccccc3n2-c2ccc(P(=O)(c3ccccc3)c3ccccc3)cc2)cc1,2,314.0,363.0,338.5,49.0
CCc1s[c+](N2CCCCC2)sc1-c1cc(C)cc(I)c1[O-],4,360.0,409.0,405.5,49.0
CC(=O)O[B-]1(OC(C)=O)OC(/C=C/c2ccc(C)cc2)=CC(/C=C/c2ccc(C)cc2)=[O+]1,8,434.0,482.0,438.0,48.0
O=c1oc2ccc(Cl)cc2cc1-c1cc2cc(Cl)ccc2o1,5,327.0,375.0,370.0,48.0
CCOc1ccc2c(-c3nc(-c4ccccc4F)no3)cc(=O)oc2c1,2,345.0,393.0,369.0,48.0
CCC1(CC)c2cc(N(C)C)ccc2-c2ccc(C(F)(F)F)cc21,7,302.0,350.0,342.0,48.0
CCN(CC)c1ccc(/C=N/c2ccccc2/N=C/c2ccc(N(CC)CC)cc2O)c(O)c1,3,442.0,490.0,442.0,48.0
Nc1ccc(-c2ccc3c(c2)C(=O)c2ccccc2C3=O)cc1,7,395.0,443.0,419.0,48.0
CN(C)c1ccc(/C=C/c2cc3ccccc3c[n+]2C)cc1,5,394.0,441.0,425.0,47.0
O=Cc1ccc(-c2ccc(-c3nc4ccccc4s3)c(O)c2)o1,3,326.0,373.0,371.0,47.0
CNc1ccc2c(c1)-c1ccccc1C2=O,4,389.0,436.0,416.5,47.0
CN(C)c1ccc(/C=C/c2nc3ccc(N(C)C)cc3oc2=O)cc1,14,465.5,512.5,491.5,47.0
CC1=N/C(=C\c2ccccc2N)C(=O)N1C,7,390.0,436.0,424.0,46.0
O=c1oc2ccc(Br)cc2cc1-c1cc2cc(Br)ccc2o1,5,331.0,377.0,371.0,46.0
F[B-]1(F)N(c2ccccc2)C=Cc2cccc[n+]21,8,396.0,442.0,420.0,46.0
COCCOCCOc1cc(C=O)c(OCCOCCOC)cc1C=O,11,350.0,396.0,389.0,46.0
Oc1ccccc1-c1nc(-c2ccccc2)c2ccccn12,5,299.0,345.0,340.0,46.0
N#Cc1nc2c(nc1C#N)C1c3ccc(N(c4ccccc4)c4ccccc4)cc3C2c2ccc(N(c3ccccc3)c3ccccc3)cc21,5,378.0,424.0,408.0,46.0
CCCCN1C(=O)C(=CC=C2N(CCCC)c3ccccc3N2CCCC)C(=O)N(CCCC)C1=S,6,424.0,470.0,458.5,46.0
Cc1ccc2c(c1)c(C#N)c(C#N)c1cc(C)ccc12,2,343.0,389.0,366.0,46.0
CC[N+]1=C(/C=C/c2cc3cccc4ccc5cccc2c5c43)C(C)(C)c2ccccc21,6,476.0,521.0,488.0,45.0
N#Cc1c(-c2ccccc2)cc(-c2ccccc2)[nH]c1=S,10,407.0,452.0,440.0,45.0
CCN(CC)c1ccc2nc3c4ccccc4c(=O)cc-3oc2c1,10,508.0,553.0,534.0,45.0
c1csc(-c2cccs2)c1,2,304.0,349.0,326.5,45.0
O=c1c2cc(I)ccc2nc2n1[B-](F)(F)[n+]1ccccc1-2,3,317.0,362.0,345.0,45.0
CCN(CC)c1ccc2cc(/C=C/C(O)=C3\CC/C(=C\c4cc5ccc(N(CC)CC)cc5oc4=O)C3=O)c(=O)oc2c1,8,511.0,556.0,525.5,45.0
N#Cc1c(C#N)c2cc(Br)ccc2c2ccc(Br)cc12,2,350.0,395.0,372.5,45.0
CC(C)(C)c1ccc2oc3nc4oc5ccc(N(c6ccccc6)c6ccccc6)cc5c4cc3c2c1,2,342.0,386.0,364.0,44.0
COc1ccc2c3c([nH]c2c1)C(C)=NCC3,3,328.0,372.0,330.0,44.0
Cc1ccc(-c2cc(/C=C/c3ccc(N(c4ccccc4)c4ccccc4)cc3)c(-c3ccc(C)cc3)cc2/C=C/c2ccc(N(c3ccccc3)c3ccccc3)cc2)cc1,2,410.0,454.0,432.0,44.0
c1ccncc1,4,252.0,296.0,253.0,44.0
CCN(CC)c1ccc(/C=N/c2cc3ccccc3cc2/N=C/c2ccc(N(CC)CC)cc2O)c(O)c1,3,403.0,447.0,416.0,44.0
N#Cc1c(C#N)c2cc(F)ccc2c2ccc(F)cc12,2,335.0,379.0,357.0,44.0
N#CSC1=CC2=C(c3ccccc3)c3ccc(N4CCOCC4)n3[B-](F)(F)[N+]2=C1N1CCOCC1,5,476.0,520.0,487.0,44.0
F[B-]1(F)n2c(Cl)ccc2C(c2c(Cl)cccc2Cl)=C2C=CC(NCc3ccccc3)=[N+]21,5,479.0,523.0,497.0,44.0
F[B-]1(F)n2c(nc3c4ccccc4c4ccccc4c32)-c2cccc[n+]21,5,403.0,447.0,421.0,44.0
CN(C)[c+]1scc(-c2cc(I)cc(I)c2[O-])s1,4,394.0,438.0,427.5,44.0
COCCOCCOCCOCCOc1cc(C=O)c(OCCOCCOCCOCCOC)cc1C=O,11,350.0,394.0,375.0,44.0
COCCOCCOCCOc1cc(C=O)c(OCCOCCOCCOC)cc1C=O,11,350.0,394.0,378.0,44.0
Oc1ccccc1/C=N/c1ccc(Cn2cncn2)cc1,15,278.0017236,321.0066769,292.0049057,43.00495330000001
CCOC(=O)c1cc(C)n2nc(-c3ccccc3)ccc12,2,390.0,433.0,411.5,43.0
C(=C/c1c[nH]c2ccc(Oc3ccccc3)cc12)\C1=[NH+]c2cccc3cccc1c23,2,489.0,532.0,510.5,43.0
Nc1ccc2c(c1)-c1ccccc1C2=O,4,386.0,429.0,402.0,43.0
F[B-]1(F)n2c(-c3ccccc3)cnc2-c2cccc[n+]21,8,369.0,412.0,393.5,43.0
Cc1nc2c(ccc3c2sc(/C=C/C=C/c2ccc(N(C)C)cc2)[n+]3C)s1,2,574.0,617.0,595.5,43.0
c1cc2ccc3cccc4ccc(c1)c2c34,10,330.0,373.0,334.5,43.0
O=C(O)c1ccc2ccc3cccc4ccc1c2c34,7,339.0,382.0,379.0,43.0
COc1ccc2n1[B-](F)(F)[N+]1=C(SC#N)C=CC1=C2c1ccccc1,5,474.0,517.0,506.0,43.0
CCN(CC)c1ccc2cc(/C=C/C(=C(C#N)C#N)c3ccc(N(c4ccccc4)c4ccccc4)cc3)c(=O)oc2c1,6,493.0,536.0,517.0,43.0
COc1ccc2oc(-c3cc4cc(OC)ccc4oc3=O)cc2c1,5,347.0,389.0,384.0,42.0
CN(C)/C=N\c1ccc2c3c(cccc13)C(=O)c1ccccc1-2,11,437.0,479.0,459.0,42.0
F[B-]1(F)n2c(nc(-c3ccccc3)c2-c2ccccc2)-c2cccc[n+]21,7,387.0,429.0,404.0,42.0
Oc1ccc(/N=C/c2ccccc2Oc2ccccc2)cc1,26,340.0,382.0,345.0,42.0
CN(C)c1ccc(/C=C/C(=O)O)cc1,11,323.0,365.0,358.0,42.0
Cc1nc2c(ccc3c2sc(/C=C/c2ccc(-n4c5ccccc5c5ccccc54)cc2)[n+]3C)s1,2,446.0,488.0,467.0,42.0
O=C(N/N=C/c1ccccc1O)c1ccc([N+](=O)[O-])cc1,7,338.0,380.0,342.0,42.0
O=C1c2ccccc2C(=O)N1c1ccc(Cn2cncn2)cc1,15,278.0,320.0,302.0,42.0
COCCOc1cc(C=O)c(OCCOC)cc1C=O,11,351.0,393.0,363.0,42.0
CCCCCCCCN1c2ccc(C#Cc3ccc(F)cc3)cc2Sc2cc(C=O)ccc21,7,350.0024635,391.98968,380.0061931,41.987216500000045
CC1=N/C(=C\c2ccc(N(C)C)cc2)C(=O)N1C,7,405.0,446.0,428.0,41.0
N#Cc1c(C#N)c2ccccc2c2ccccc12,2,346.0,387.0,366.5,41.0
N#CSC1=CC2=C(c3ccccc3)c3ccc(SC#N)n3[B-](F)(F)[N+]2=C1N1CCOCC1,5,519.0,560.0,554.0,41.0
F[B-]1(F)n2cccc2C(c2ccccc2)=C2C=CC(N3CCOCC3)=[N+]21,5,473.0,514.0,480.0,41.0
CCCCCCCCCCCCC(CCCCCCCCCC)Cn1c2cc(/C=C/C=C(C#N)C#N)c3cccc4c5cccc6c(/C=C/C=C(C#N)C#N)cc1c(c65)c2c34,4,597.0,638.0,605.0,41.0
O=c1cc(C(F)(F)F)c2cc3c4c(c2o1)CCCN4CCC3,5,393.0,434.0,418.0,41.0
COc1ccc2c(=O)c3c([nH]c2c1)-c1ccccc1NC3(C)C,14,383.0,424.0,409.5,41.0
COc1ccc(-c2ccc(-c3ccc(C#N)s3)s2)cc1,14,340.0,381.0,375.5,41.0
N#Cc1cccc(C#N)c1-c1ccc(N2c3ccccc3C3(c4ccccc42)c2ccccc2N(c2ccc(-c4c(C#N)cccc4C#N)cc2)c2ccccc23)cc1,2,371.0306407,412.0065789,391.51860980000004,40.97593820000003
CN1c2ccc3c(c2-c2ccccc2S1(=O)=O)-c1ccccc1S(=O)(=O)N3C,2,350.0,390.0,370.0,40.0
CN(C)c1ccc2cc(C3=[O+][B-](F)(F)OC(c4ccc(C#N)cc4)=C3)ccc2c1,7,519.0,559.0,533.0,40.0
Cc1nc2c(ccc3c2sc(/C=C/c2ccc(N4CCN(C)CC4)cc2)[n+]3C)s1,2,505.0,545.0,525.0,40.0
Cc1ccc(N(c2ccc(C)cc2)c2ccc3c4cccc5c(N(c6ccc(C)cc6)c6ccc(C)cc6)ccc(c6cccc2c63)c54)cc1,6,473.0,513.0,504.0,40.0
CCOC(=O)c1ccc(C2=C(c3ccccc3)c3oc4ccccc4[n+]3[B-](F)(F)O2)cc1,2,350.0,390.0,370.0,40.0
Nc1ccc2c(c1)C(=O)N(C13C[C@H]4C[C@@H](C1)C[C@@H](C3)C4)C2=O,8,340.0,380.0,361.0,40.0
N#CSc1ccc2n1[B-](F)(F)[N+]1=C(N3CCOCC3)C=CC1=C2c1ccccc1,5,452.0,492.0,464.0,40.0
CC1=CC(c2ccc(N(C)C)cc2)=[N+]2C1=Nc1c(C)cc(-c3ccc(N(C)C)cc3)n1[B-]2(F)F,3,734.0,774.0,744.0,40.0
O=[N+]([O-])c1ccc([N+]2=Cc3ccc4c5c(ccc4c3O[B-]2(c2c(F)c(F)c(F)c(F)c2F)c2c(F)c(F)c(F)c(F)c2F)C=[N+](c2ccc([N+](=O)[O-])cc2)[B-](c2c(F)c(F)c(F)c(F)c2F)(c2c(F)c(F)c(F)c(F)c2F)O5)cc1,5,513.0,553.0,525.0,40.0
CCc1c(C(=O)OC)c(C(=O)OC)c2ccc(-c3ccccc3)nn12,2,399.4,439.0,419.2,39.60000000000002
CN(C)c1ccc2nc(/C=C/c3cc4c5c(c3)CCCN5CCC4)c(=O)oc2c1,12,483.0,522.5,507.25,39.5
Cc1nc2c(ccc3c2sc(/C=C/c2ccc(N(c4ccccc4)c4ccccc4)cc2)[n+]3C)s1,2,522.0,561.0,541.5,39.0
F[B-]1(F)OC(c2ccccc2)=Nc2sc(-c3ccccc3)n[n+]21,9,328.0,367.0,333.0,39.0
CN(C)c1ccc2nc(/C=C/c3ccccc3)c(=O)oc2c1,12,436.0,475.0,462.5,39.0
Nc1ccc2c(C(F)(F)F)cc(=O)oc2c1,19,347.0,386.0,368.0,39.0
CN(C)c1ccc(/C=C2/N=C(c3ccccc3)OC2=O)cc1,14,443.0,482.0,470.0,39.0
N#CC(C#N)=Cc1ccc(-c2ccc(-c3nc4ccccc4s3)c(O)c2)s1,3,388.0,426.0,421.0,38.0
CCCCC(CC)CN1C(=O)c2cccc3c(C#Cc4ccc(N(c5ccccc5)c5ccccc5)cc4)ccc(c23)C1=O,6,422.0,460.0,436.0,38.0
CCN(CC)c1ccc2cc(/C(Cl)=C/C=C/C(=C(C#N)C#N)c3ccc(N(c4ccccc4)c4ccccc4)cc3)c(=O)oc2c1,6,504.0,542.0,517.0,38.0
Fc1ccc(N(c2ccc(F)cc2)c2ccc3c4cccc5c(N(c6ccc(F)cc6)c6ccc(F)cc6)ccc(c6cccc2c63)c54)cc1,6,461.0,499.0,490.5,38.0
CCCN1C(=O)C(=CC=CC=C2Oc3ccccc3N2CCCS(=O)(=O)[O-])C(=O)N(CCC)C1=S,8,530.0,568.0,560.0,38.0
COc1ccc(C(=Cc2ccc(C#N)cc2)c2ccc(OC)cc2)cc1,2,350.0,388.0,369.0,38.0
CN(C)c1ccc(C(=Cc2ccc(C=O)cc2)c2ccc(N(C)C)cc2)cc1,2,407.0,445.0,426.0,38.0
CN(C)c1ccc(/C=C2\CCCC2=O)cc1,19,357.0,394.0,383.0,37.0
N#Cc1c(C#N)c2cc(Cl)ccc2c2ccc(Cl)cc12,2,347.0,384.0,365.5,37.0
N#Cc1c(C#N)c2cc(Cl)c(Cl)cc2c2cc(Cl)c(Cl)cc12,2,343.0,380.0,361.5,37.0
CNc1ccc2c(c1)C(=O)c1ccccc1-2,4,474.0,511.0,499.5,37.0
CCN(CC)c1ccc(/C=N/c2cc3nc4ccccc4nc3cc2/N=C/c2ccc(N(CC)CC)cc2O)c(O)c1,3,451.0,488.0,476.0,37.0
O=P(c1ccccc1)(c1ccccc1)c1ccc(-n2c(-c3cccc(P(=O)(c4ccccc4)c4ccccc4)c3)nc3ccccc32)cc1,2,304.0,341.0,322.5,37.0
F[B-]1(F)n2c(nc(Br)c2Br)-c2cccc[n+]21,7,356.0,393.0,366.0,37.0
CCN(CC)c1ccc2c(C(F)(F)F)cc(=O)oc2c1,6,376.0,413.0,398.0,37.0
CN(C)c1ccc2c(c1)-c1ccccc1C2=O,4,400.0,437.0,425.5,37.0
O=Cc1cc(C=O)c2ccc3c(N4CCCCC4)cc(N4CCCCC4)c4ccc1c2c43,10,498.0,535.0,521.5,37.0
CCC(=O)c1ccc2cc(N(C)C)ccc2c1,20,338.0,375.0,353.5,37.0
CN(C)c1ccc2c(c1)C(=O)NC2=O,9,371.0,408.0,387.0,37.0
CN(C)c1ccc(/C=C/c2cc[n+](CCCCC[n+]3ccc(/C=C/c4ccc(N(C)C)cc4)cc3)cc2)cc1,11,457.0007952,494.00036560000007,479.0006131,36.99957040000004
CCC12C(=C3C(=C4c5ccc(-c6ccc(C)s6)cc5S(=O)(=O)C41CC)C(F)(F)C(F)(F)C3(F)F)c1ccc(-c3ccc(C)s3)cc1S2(=O)=O,7,489.0,525.3687316,507.0,36.36873160000005
C[n+]1ccc(/C=C/c2ccc3cc(O)ccc3c2)cc1,12,390.0,426.0,410.5,36.0
FC(F)(F)C(F)(F)C(F)(F)C1=NC2=C(c3ccc4ccc5cccc6ccc3c4c56)C=C3c4cc(-c5ccc6ccc7cccc8ccc5c6c78)c5nc(C(F)(F)C(F)(F)C(F)(F)F)nc6c(-c7ccc8ccc9cccc%10ccc7c8c9%10)cc(c4c56)=C4C=C(c5ccc6ccc7cccc8ccc5c6c78)C(=N1)C2C34,2,524.0,560.0,542.0,36.0
O=C1c2cccc3c(NCc4ccccn4)c4ccccc4c(c23)C(=O)N1Cc1ccccn1,5,497.0,533.0,520.0,36.0
C1=CSC(=C2SC=C(/C=C/C=C/C=C/C3=CSC(=C4SC=CS4)S3)S2)S1,13,463.0,499.0,479.0,36.0
O=P(c1ccccc1)(c1ccccc1)c1cccc(-c2nc3ccccc3n2-c2cccc(P(=O)(c3ccccc3)c3ccccc3)c2)c1,2,304.0,340.0,322.0,36.0
Cc1nc(-c2ccccc2)c2ccccn12,5,338.0,374.0,364.0,36.0
N#Cc1c2nc3ccccn3c2nc2nc3ccccn3c12,5,455.0,490.0,475.0,35.0
F[B-]1(F)n2c(c3cccc4cccc2c43)=Nc2ccc3ccccc3[n+]21,5,455.0,490.0,486.0,35.0
F[B-]1(F)n2c(c3cccc4cccc2c43)=Nc2cccc[n+]21,5,438.0,473.0,468.0,35.0
CCN(CC)c1ccc2c(C)cc(=O)oc2c1,11,350.0,385.0,373.0,35.0
CCN(CC)/C(C)=N\c1ccc2c3c(cccc13)C(=O)c1ccccc1-2,11,444.0,479.0,467.0,35.0
CC1=CC(=[N+]2CCC2)C=C2C1=Nc1c(C)cc(N3CCC3)cc1[Si]2(C)C,4,701.0,736.0,728.5,35.0
CCCCC(CC)CN1C(=O)c2cccc3c(C#Cc4ccc(N(c5ccccc5)c5ccc(C#Cc6ccc7c8c(cccc68)C(=O)N(CC(CC)CCCC)C7=O)cc5)cc4)ccc(c23)C1=O,6,451.0,486.0,454.5,35.0
O=Cc1ccc(-c2ccc(-c3nc4ccccc4s3)c(O)c2)s1,3,343.0,378.0,376.0,35.0
CCCCCCCCCCCCCCCCN(CCCCCCCCCCCCCCCC)c1ccc(/C=C/c2cc[n+](Cc3cc(C[n+]4ccc(/C=C/c5ccc(N(CCCCCCCCCCCCCCCC)CCCCCCCCCCCCCCCC)cc5)cc4)cc(C[n+]4ccc(/C=C/c5ccc(N(CCCCCCCCCCCCCCCC)CCCCCCCCCCCCCCCC)cc5)cc4)c3)cc2)cc1,14,481.0,516.0,502.0,35.0
Cc1cc(=O)oc2c3c4c(cc12)CCCN4CCC3,4,361.0,396.0,383.5,35.0
CN(C)c1ccc(/C=C2\CC/C(=C\c3ccc(C#N)cc3)C2=O)cc1,23,438.0,473.0,464.0,35.0
CCN(CC)c1ccc2cc(-c3nc4ccccc4s3)c(=O)oc2c1,6,425.0,460.0,425.4,35.0
COc1cc(OC)cc(-c2ccc(-c3ccc(C#N)s3)s2)c1,14,337.0,372.0,365.5,35.0
O=P(c1ccccc1)(c1ccccc1)c1ccc(-n2c(-c3ccccc3P(=O)(c3ccccc3)c3ccccc3)nc3ccccc32)cc1,2,300.0,335.0,317.5,35.0
O=c1c2cc(F)ccc2nc2n1[B-](F)(F)[n+]1ccccc1-2,3,337.0,372.0,350.0,35.0
CC(C)(C)c1ccc2c(c1)sc1[n+]2[B-](F)(F)n2c(c3cccc4cccc2c43)=N1,5,451.0,486.0,482.0,35.0
C=CCOC(=O)C(C#N)=C1C=C(/C=C/c2ccc(N(C)C)cc2)OC(/C=C/c2ccc(N(C)C)cc2)=C1,9,462.0,497.0,479.0,35.0
CC(C)(C)c1ccc2c(c1)sc1[n+]2[B-](F)(F)n2c(c3cccc4c(Br)ccc2c43)=N1,5,463.0,498.0,490.0,35.0
CN(C)c1ccc(/C=C/c2cc[n+](CCC[n+]3ccc(/C=C/c4ccc(N(C)C)cc4)cc3)cc2)cc1,11,466.0005965,500.999494,488.00007810000005,34.998897500000055
COc1cc(/C=C/C2=CC(/C=C/c3ccc(O)c(OC)c3)=[O+][B-](F)(F)O2)ccc1O,8,492.9,527.0,497.55,34.10000000000002
F[B-]1(F)n2c(c3cccc4cccc2c43)=Nc2cccc(Cl)[n+]21,5,447.0,481.0,476.0,34.0
F[B-]1(F)n2c(c3cccc4cccc2c43)=Nc2sc3ccccc3[n+]21,5,448.0,482.0,479.0,34.0
CCN(CC)c1ccc([N+]2=Cc3ccc4c5c(ccc4c3O[B-]2(c2c(F)c(F)c(F)c(F)c2F)c2c(F)c(F)c(F)c(F)c2F)C=[N+](c2ccc(N(CC)CC)cc2)[B-](c2c(F)c(F)c(F)c(F)c2F)(c2c(F)c(F)c(F)c(F)c2F)O5)cc1,5,555.0,589.0,559.0,34.0
Cc1ccc2occ(CC(=O)NN)c2c1,10,279.0,313.0,289.5,34.0
O=Cc1ccc(-c2ccc(C3=CCCCC3)s2)s1,6,358.0,392.0,387.0,34.0
CCN(CC)c1ccc(/C=N/C2CCCCC2/N=C/c2ccc(N(CC)CC)cc2O)c(O)c1,3,376.0,410.0,403.0,34.0
COc1ccc2cc(-c3cc4ccc(OC)cc4oc3=O)oc2c1,5,361.0,395.0,390.0,34.0
CCN(CC)c1ccc2cc(/C=C/C(=C(C#N)C#N)c3ccc4c(c3)c3ccccc3n4CC)c(=O)oc2c1,6,500.0,534.0,518.0,34.0
CC1(C)Nc2ccccc2-c2[nH]c3ccccc3c(=O)c21,14,382.0,416.0,405.0,34.0
CCNc1ccc2c(C(F)(F)F)cc(=O)oc2c1,14,360.0,394.0,383.5,34.0
CN(C)c1ccc(-c2ccc(-c3cc(N4CCCCC4)c(C#N)c4c3-c3ccccc3CC4)s2)cc1,6,350.0,384.0,377.0,34.0
Cc1c(C2=[N+]3C(=Cc4c(C)c5ccccc5n4[B-]3(F)F)c3ccccc32)[nH]c2ccccc12,6,591.0,625.0,609.5,34.0
CCc1ccc2ccc(-c3ccccc3)nn12,2,405.0,439.0,422.0,34.0
Cc1cccc2[n+]1[B-](F)(F)n1c(c3cccc4cccc1c43)=N2,5,441.0,475.0,465.0,34.0
Cc1csc2[n+]1[B-](F)(F)n1c(c3cccc4cccc1c43)=N2,5,445.0,479.0,476.0,34.0
COc1ccc(N(c2ccc(OC)cc2)c2ccc3c4cccc5c(N(c6ccc(OC)cc6)c6ccc(OC)cc6)ccc(c6cccc2c63)c54)cc1,6,508.0,541.0,517.0,33.0
[C-]#[N+]c1ccc(-c2ccc(NC)cc2)cc1,15,305.0,338.0,325.0,33.0
O=c1oc2ccccc2c2c1c(=O)oc1c3ccccc3cc(O)c12,2,447.0,480.0,463.5,33.0
Oc1ccccc1/N=C/c1ccccc1Oc1ccccc1,27,348.0,381.0,355.0,33.0
CN(CCO)c1ccc(/C=C/C2=C(C#N)C(C(C#N)C#N)OC2(C)C)cc1,10,562.0,595.0,577.0,33.0
Nc1ccc2c(c1)C(=O)c1ccccc1-2,4,455.0,488.0,475.0,33.0
N#Cc1ccc(N)c2nonc12,7,397.0,430.0,418.0,33.0
CCCCCCCCCCCCOc1cc2cc(N(C)C)ccc2cc1C#N,8,336.0,369.0,368.0,33.0
c1ccc2nc3c(nc2c1)c1c2n3CCCN2CCCC1,3,408.0,441.0,419.0,33.0
CCCCCCN1C(=O)c2cccc3c(-c4ccc(-c5cc(-c6ccc(OC)cc6)n(-c6ccccc6)n5)s4)ccc(c23)C1=O,2,403.0,436.0,419.5,33.0
CCCCCCCCN1c2ccccc2Sc2cc(/C=C/c3ccc(N(c4ccc(/C=C/c5ccc6c(c5)Sc5ccccc5N6CCCCCCCC)cc4)c4ccc(/C=C/c5ccc(/C=C/c6ccc(N(c7ccc(/C=C/c8ccc(N(c9ccccc9)c9ccccc9)cc8)cc7)c7ccc(/C=C/c8ccc(N(c9ccccc9)c9ccccc9)cc8)cc7)cc6)c6nsnc56)cc4)cc3)ccc21,7,524.0,557.0,533.0,33.0
CN(C)CCNc1ccc([N+](=O)[O-])cc1[N+](=O)[O-],14,330.0,363.0,350.0,33.0
CN1CCN(c2ccc3c4c(cccc24)C(=O)c2ccccc2-3)CC1,17,428.2,460.8,454.4,32.60000000000002
CCCCCCC(CCCCCC)N1C(=O)c2cccc3c(-c4ccc(N(C)C)cc4)ccc(c23)C1=O,7,401.2,433.8,426.2,32.60000000000002
COC(=O)c1c(C(=O)OC)c2ccc(-c3ccccc3)nn2c1C,2,397.6,430.0,413.8,32.39999999999998
CCCCCCCCN1c2ccc(C#Cc3ccc(OC)cc3)cc2Sc2cc(C=O)ccc21,7,351.114668,383.4507346,380.0061931,32.33606659999998
N#C/C(=C\c1ccc(C=C(c2ccccc2)c2ccccc2)cc1)c1ccc([N+](=O)[O-])cc1,2,381.0,413.0,397.0,32.0
CN(C)c1ccc(-c2ccc3n2[B-](F)(F)[N+]2=C(c4ccccc4)C=CC2=C3C(F)(F)F)cc1,10,665.0,697.0,677.5,32.0
CCN(CC)c1ccc2cc(/C=C(\C#N)c3nc4ccccc4o3)c(=O)oc2c1,9,497.0,529.0,510.0,32.0
CCCCCCCCOc1cc(/C=C/c2ccncc2)c(OCCCCCCCC)cc1/C=C/c1ccncc1,2,398.0,430.0,414.0,32.0
Cc1ccc2c(CC(=O)NN)coc2c1,10,278.0,310.0,289.5,32.0
N#CC(C#N)=Cc1ccc(-c2ccc(-c3nc4ccccc4s3)c(O)c2)o1,3,394.0,426.0,421.0,32.0
O=P(c1ccccc1)(c1ccccc1)c1cccc(-n2c(-c3ccccc3P(=O)(c3ccccc3)c3ccccc3)nc3ccccc32)c1,2,300.0,332.0,316.0,32.0
CC[N+]1=C(/C=C/c2ccc3ccc4cccc5ccc2c3c45)C(C)(C)c2ccccc21,6,504.0,536.0,513.5,32.0
CN(C)c1ccc(/C=C2\CC/C(=C\c3ccc(N(C)C)cc3)C2=O)cc1,15,447.0,479.0,463.0,32.0
C=CCNc1ccc2ccc3oc4cc(=[N+]5CCCC5)ccc-4nc3c2c1,4,556.0,588.0,573.0,32.0
N#Cc1ccc2c(c1)CCc1nc(-c3ccc([N+](=O)[O-])cc3)c3c(c1-2)CCc1cc(C#N)ccc1-3,8,329.0,360.0,344.0,31.0
CN(C)c1ccc(/C=C/C=C2\CCCC2=O)cc1,18,394.0,425.0,413.5,31.0
CN(C)c1ccc2cc(C3=[O+][B-](F)(F)OC(c4ccccc4)=C3)ccc2c1,7,489.0,520.0,500.0,31.0
CCCCCCCCN1c2ccccc2Sc2cc(/C=C/c3ccc(N(c4ccc(/C=C/c5ccc6c(c5)Sc5ccccc5N6CCCCCCCC)cc4)c4ccc(/C=C/c5ccc(/C=C/c6ccc(N(c7ccc(/C=C/c8ccc9c(c8)Sc8ccccc8N9CCCCCCCC)cc7)c7ccc(/C=C/c8ccc9c(c8)Sc8ccccc8N9CCCCCCCC)cc7)cc6)c6nsnc56)cc4)cc3)ccc21,7,519.0,550.0,530.0,31.0
[C-]#[N+]c1ccc(-c2ccc(N)cc2)cc1,15,298.0,329.0,310.0,31.0
C=CCNc1ccc2c(ccc3oc4cc(=[N+](C)C)ccc-4nc32)c1,4,579.0,610.0,599.0,31.0
CCCCCCN1C(=O)c2cccc3c(-c4ccc(-c5cc(-c6ccc(C)cc6)nn5-c5ccccc5)s4)ccc(c23)C1=O,2,389.0,420.0,404.5,31.0
CCCCCCN1C(=O)c2cccc3c(-c4ccc(-c5cc(-c6ccc(C)cc6)n(-c6ccccc6)n5)s4)ccc(c23)C1=O,2,402.0,433.0,417.5,31.0
CCc1ccc(/C=C/c2ccc(-c3nnc(-c4ccc(-c5cc6ccccc6s5)cc4)o3)cc2)cc1,10,326.0,357.0,348.5,31.0
Nc1cccc2c1-c1ccccc1C2=O,4,427.0,458.0,445.5,31.0
c1ccc(-n2c(-c3cccc4ccccc34)nc3c4cccc5ccc6cccc(c6c54)c32)cc1,3,352.9859719,383.0,380.0,30.01402810000002
C=CCNc1ccc2ccc3oc4cc(=[N+](C)C)ccc-4nc3c2c1,4,552.0,582.0,570.5,30.0
COc1ccc2c(c1)c(C#N)c(C#N)c1cc(OC)ccc12,2,403.0,433.0,418.0,30.0
CCN(CC)c1ccc2cc(/C=C(\C#N)c3nc4ccccc4s3)c(=O)oc2c1,9,498.0,528.0,509.0,30.0
COC(=O)c1cc(=O)n(C)c2cc(-c3cc4c5c(c3)CCCN5CCC4)sc12,9,430.0,460.0,454.0,30.0
Nc1ccc2c3cccc4cccc(c5cccc1c52)c43,10,452.0,482.0,464.5,30.0
Cn1c(=O)c(/N=N/c2ccc(Nc3ccccc3)c(S(=O)(=O)O)c2)c(O)c2ccccc21,8,385.0,415.0,409.0,30.0
CN(C)c1ccc(C(=O)c2ccccc2)cc1,5,325.0,355.0,345.0,30.0
c1ccc2c(c1)oc1nc3oc4ccc(-n5c6ccccc6c6ccccc65)cc4c3cc12,2,316.0,346.0,331.0,30.0
CCN(CC)c1ccc2cc(/C(Cl)=C/C=C/C(=C(C#N)C#N)c3ccc4c(c3)c3ccccc3n4CC)c(=O)oc2c1,6,508.0,538.0,522.0,30.0
CCCCCCCCN1c2ccc(C#Cc3cc(C(F)(F)F)cc(C(F)(F)F)c3)cc2Sc2cc(C=O)ccc21,7,366.0005975,396.0001056,381.9964621,29.999508099999957
CCOC(=O)C1=C(C)NC2=C(C(=O)c3ccccc32)C1c1ccc(N(C)C)cc1,10,371.0,400.0,384.0,29.0
COc1ccc(C(=Cc2ccc(/C=C(\C#N)c3ccc([N+](=O)[O-])cc3)cc2)c2ccc(OC)cc2)cc1,2,421.0,450.0,435.5,29.0
CC1(C)Nc2cc(Cl)ccc2-c2[nH]c3ccccc3c(=O)c21,14,395.0,424.0,414.0,29.0
Cn1c(/C=C/c2ccc(/C=C/c3nc4ccccc4[nH]3)cc2)[n+](C)c2ccccc21,7,363.0,392.0,386.0,29.0
CCCCCCN1C(=O)c2cccc3c(-c4ccc(-c5cc(-c6cccc7ccccc67)nn5-c5ccccc5)s4)ccc(c23)C1=O,2,389.0,418.0,403.5,29.0
O=C(O)CC[N+]1=c2cc3c(cc2CCC1)=Cc1c(c2cc4c5c(c2oc1=O)CCCN5CCC4)O3,4,608.0,637.0,618.0,29.0
CC(C)(C)c1ccc2oc3nc4oc5ccc(N6c7ccccc7Sc7ccccc76)cc5c4cc3c2c1,2,348.0,377.0,362.5,29.0
N#Cc1ccc(/C=C/c2ccc(C=C(c3ccccc3)c3ccccc3)cc2)cc1,2,366.0,395.0,380.5,29.0
CCN(CC)c1ccc2ccc(=O)oc2c1,15,352.0,381.0,375.0,29.0
COc1cc(/C=C2/SC(=O)NC2=O)cc(OC)c1O,8,341.0,370.0,360.5,29.0
CN(C)c1ccc(/C=C/c2cc[n+](CCCOCC(COCCC[n+]3ccc(/C=C/c4ccc(N(C)C)cc4)cc3)(COCCC[n+]3ccc(/C=C/c4ccc(N(C)C)cc4)cc3)COCCC[n+]3ccc(/C=C/c4ccc(N(C)C)cc4)cc3)cc2)cc1,10,460.0,489.0,483.0,29.0
COc1ccc(C2=C(c3ccc(OC)cc3)c3cccc4c5c(cc(c34)O2)=NC(C#N)C(C#N)N=5)cc1,2,511.0,540.0,525.5,29.0
O=c1c2cc(Cl)ccc2nc2n1[B-](F)(F)[n+]1ccccc1-2,3,345.0,374.0,345.0,29.0
O=C1c2ccccc2-c2ccc(N3CCN(c4ccccc4)CC3)c3cccc1c23,17,423.0,452.0,444.0,29.0
C[Si](C)(C)[Si](c1cc2sc3cc([Si]([Si](C)(C)C)([Si](C)(C)C)[Si](C)(C)C)sc3c2s1)([Si](C)(C)C)[Si](C)(C)C,2,334.0,363.0,348.5,29.0
CN(C)c1ccc(/C=C/c2cc[n+](CCCCCCCCCCCC[n+]3ccc(/C=C/c4ccc(N(C)C)cc4)cc3)cc2)cc1,11,462.000462,490.9999705,476.0000762,28.99950849999999
CN1c2ccccc2C(O)(c2ccccc2)c2cc([N+](=O)[O-])ccc21,6,381.5,410.0,394.85,28.5
CCC1(CC)c2cc(/C=C/c3ccc(/C=C/c4ccc5c(c4)C(CC)(CC)c4cc(N6c7ccccc7Sc7ccccc76)ccc4-5)cc3)ccc2-c2ccc(N3c4ccccc4Sc4ccccc43)cc21,5,418.0,446.4285714,441.4965986,28.42857140000001
CC(C)(C)c1ccc(C2=C(c3ccc(C(C)(C)C)cc3)C(c3ccc(C(C)(C)C)cc3)=[N+]3C2=C(c2ccccc2)c2c(-c4ccc(C(C)(C)C)cc4)c(-c4ccc(C(C)(C)C)cc4)c(-c4ccc(C(C)(C)C)cc4)n2[B-]3(F)F)cc1,5,563.0,591.0,585.0,28.0
CCCCCCN1C(=O)c2cc(-c3ccc(-n4c5ccccc5c5ccccc54)cc3)c(-c3ccc(-n4c5ccccc5c5ccccc54)cc3)cc2C1=O,2,347.0,375.0,361.0,28.0
CCOC(=O)/C(C#N)=C(\C=C\c1ccc(N(c2ccccc2)c2ccc(/C=C/C(=C(/C#N)C(=O)OCC)c3ccccc3)cc2)cc1)c1ccccc1,10,474.0,502.0,488.5,28.0
CNc1cccc2c1-c1ccccc1C2=O,4,449.0,477.0,466.0,28.0
Cn1nc(-c2ccccc2)c2n[nH]nc2/c1=N\c1ccccn1,3,382.0,410.0,402.0,28.0
COc1ccc(C2=CC(c3ccc4cc(N(C)C)ccc4c3)=[O+][B-](F)(F)O2)cc1,7,484.0,512.0,494.0,28.0
CCOC(=O)CC[N+]1=c2cc3c(cc2CCC1)=Cc1c(c2cc4c5c(c2oc1=O)CCCN5CCC4)O3,4,610.0,638.0,619.0,28.0
CCCCCCN1C(=O)c2cccc3c(-c4ccc(-c5cc(-c6ccc(Cl)cc6)n(-c6ccccc6)n5)s4)ccc(c23)C1=O,2,402.0,430.0,416.0,28.0
Cc1cc(-c2ccc(-c3ccccc3)cc2)nc(-c2ccc(-n3c4ccccc4c4ccccc43)cc2)n1,4,313.0,341.0,329.0,28.0
CCCCCCCCN1c2ccc(C#Cc3ccc(C(F)(F)F)cc3)cc2Sc2cc(C=O)ccc21,7,362.0040544,389.9914348,381.9948205,27.987380400000006
CC(C)(C)c1ccc2c(c1)c1cc(C(C)(C)C)ccc1n2-c1ccccc1-c1nc(-c2ccccc2P(=O)(c2ccccc2)c2ccccc2)nc(-c2ccccc2P(=O)(c2ccccc2)c2ccccc2)n1,7,320.3497615,347.5357711000001,343.5612083000001,27.18600960000009
COc1ccc2c(c1)N(c1ccccc1-c1ccccc1)c1cc3c(cc1=N2)Oc1c(cc(C(C)(C)C)cc1C(C)(C)C)N=3,3,532.0,559.0,552.0,27.0
N#CC(C#N)=Cc1ccc(-c2cccc(-c3nc4ccccc4s3)c2O)s1,3,397.0,424.0,414.0,27.0
COc1cc2c(cc1/C=C/C1=CC(=C(C#N)C#N)CC(C)(C)C1)c1ccccc1n2C,9,462.0,489.0,478.0,27.0
O=C1/C(=C2\Sc3ccc(S(=O)(=O)Cl)cc3C2=O)Sc2ccc(S(=O)(=O)Cl)cc21,2,526.0,553.0,539.5,27.0
CCCCN1c2ccccc2Sc2cc(/C=C/c3nc4nc5ccccc5nc4s3)ccc21,12,454.0,481.0,465.5,27.0
N#CC(C#N)=C(/C=C/c1cc2c3c(c1)CCCN3CCC2)c1ccc2c3c(cccc13)CC2,8,523.0,550.0,536.5,27.0
CCN(CC)c1ccc2cc(-c3cn4cc5ccccc5cc4n3)c(=O)oc2c1,2,434.0,461.0,447.5,27.0
O=C1c2cccn2[B-](F)(F)[n+]2ccccc21,10,368.0,395.0,379.0,27.0
COc1coc2cc(-c3ccc(N(C)C)cc3)ccc2c1=O,8,348.0,375.0,362.5,27.0
COc1cc(/C=C/c2cc[n+](Cc3ccc(Br)cc3)cc2)ccc1O,14,406.0,433.0,424.0,27.0
COc1cc(/C=C2/SC(=O)NC2=O)ccc1O,8,340.0,367.0,355.0,27.0
CCCCC1(CCCC)c2cc(-c3ccc(C=C4C(=O)c5ccccc5C4=O)cc3)ccc2-c2ccc(-c3ccc(C=C4C(=O)c5ccccc5C4=O)cc3)cc21,6,418.0,445.0,437.5,27.0
Nc1ccc(-c2ccc(N)cc2)cc1,12,279.0,306.0,287.5,27.0
CN(C)c1ccc(/C=C/C=C/c2nc3ccccc3s2)cc1,16,405.0,432.0,420.5,27.0
Cc1cc(O)c(C(C)C)cc1/N=C/c1ccc([N+](=O)[O-])cc1,17,383.0,410.0,399.0,27.0
Nc1ccc2c(c1)oc(=O)c1c(=O)oc3ccccc3c12,2,411.0,438.0,424.5,27.0
N#C/C(=C\c1ccc(C=C(c2ccccc2)c2ccccc2)cc1)c1ccccc1,2,339.0,366.0,352.5,27.0
CN(C)c1cccc2c1-c1ccccc1C2=O,4,412.0,439.0,435.5,27.0
N#Cc1cc2nc3c(nc2cc1C#N)C1c2ccc(N(c4ccccc4)c4ccccc4)cc2C3c2ccc(N(c3ccccc3)c3ccccc3)cc21,5,410.0,437.0,428.0,27.0
O=c1c(Nc2ccccc2)c([O-])c1=[NH+]c1ccccc1,10,374.0,401.0,393.0,27.0
Cc1ccc2oc(-c3cc4cc(C)ccc4oc3=O)cc2c1,5,351.0,378.0,374.0,27.0
Cc1c2oc3c(C)c(N)cc(C(=O)NC4OC(=O)C(C(C)C)N(C)C(=O)CN(C)C(=O)C5CCCN5C(=O)C(C(C)C)NC4=O)c3nc-2c(C(=O)NC2OC(=O)C(C(C)C)N(C)C(=O)CN(C)C(=O)C3CCCN3C(=O)C(C(C)C)NC2=O)c(N)c1=O,20,514.1731838000002,541.1606813999998,526.6833968999999,26.987497599999642
CCC1=C(C)C2=Cc3c(I)c(I)cn3[B-](F)(F)[N+]2=C1C,6,501.0,527.5,514.0,26.5
C[Si](C)(C)[Si](c1ccc(-c2ccc(-c3ccc([Si]([Si](C)(C)C)([Si](C)(C)C)[Si](C)(C)C)s3)s2)s1)([Si](C)(C)C)[Si](C)(C)C,2,368.0,394.0,381.0,26.0
CN(C)c1ccc2c(c1)C(=O)c1ccccc1-2,4,484.0,510.0,508.0,26.0
CCC1=C(CC)c2cccc3c2c(cc2nc4ccccc4nc23)O1,2,501.0,527.0,514.0,26.0
F[B-]1(F)OC(c2ccccc2)=C(c2ccccc2)c2oc3ccccc3[n+]21,2,344.0,370.0,357.0,26.0
CN(C)c1ccc2cc(C(/C=C/c3c[nH]c4ccccc34)=C(C#N)C#N)c(=O)oc2c1,5,444.0,470.0,447.0,26.0
O=C1c2ccc3c4c(Oc5ccccc5)cc5c6c(ccc(c7c(Oc8ccccc8)cc(c2c37)C(=O)N1c1ccc(O)cc1)c64)C(=O)N(c1ccc(O)cc1)C5=O,3,487.0,513.0,495.0,26.0
CCOC(=O)CSc1nc(-c2ccccc2)c(C)c(C#N)c1C#N,6,350.0,376.0,366.5,26.0
CCCCC(CC)COC(=O)/C=C\c1ccc(OC)c(OC)c1OC,2,303.0,329.0,316.0,26.0
CCCCC(CC)CN1C(=O)c2cccc3c(C#Cc4ccc(N(c5ccc(C#Cc6ccc7c8c(cccc68)C(=O)N(CC(CC)CCCC)C7=O)cc5)c5ccc(C#Cc6ccc7c8c(cccc68)C(=O)N(CC(CC)CCCC)C7=O)cc5)cc4)ccc(c23)C1=O,6,444.0,470.0,450.0,26.0
CC[n+]1ccc(/C=C/c2ccc3ccc4cccc5ccc2c3c45)cc1,6,428.0,454.0,440.0,26.0
CN1CCCc2cc3c(C(F)(F)F)cc(=O)oc3cc21,3,382.0,408.0,405.0,26.0
C/C(=N\Nc1ccc(C#N)cc1)c1ccccn1,6,342.0,368.0,349.0,26.0
CC(C)(C)c1cccc2c1oc1nc3oc4cc(-n5c6ccccc6c6ccccc65)ccc4c3cc12,2,329.0,355.0,342.0,26.0
CCn1c2ccccc2c2cc(/C=C/C(=O)c3ccc4c(c3)c3cc(C(=O)/C=C/c5ccc6c(c5)c5ccccc5n6CC)ccc3n4CC)ccc21,11,372.0,398.0,385.0,26.0
CCN(CC)c1ccc2cc(/C=C/C(=O)/C=C(O)/C=C/c3cc4ccc(N(CC)CC)cc4oc3=O)c(=O)oc2c1,10,514.0,540.0,519.5,26.0
CN(C)c1ccc2nc(-c3ccc(C(=O)O)cc3)sc2c1,7,374.0,400.0,390.0,26.0
CCCCn1c2ccc(/C=C(\C#N)c3ccc([N+](=O)[O-])cc3)cc2c2cc(Cn3c(-c4ccc5c(c4)c4ccccc4n5CCCC)nc4ccccc43)ccc21,8,408.0,434.0,416.0,26.0
Oc1cccc(/N=C/c2ccccc2Oc2ccccc2)c1,27,318.0,344.0,327.0,26.0
CN(C)c1ccc2c(c1)COc1c-2oc2ccccc2c1=O,4,370.0,396.0,386.5,26.0
CCOC(=O)c1ccccc1-c1c2ccc(=O)cc-2oc2cc(OC(=O)[C@H](CSCc3ccc(C)cc3)NC(=O)OC(C)(C)C)ccc12,4,431.0,457.0,433.0,26.0
COc1cnc(-c2cc[n+](C3=C(F)C(F)(F)C(F)(F)[C-]3F)cc2)s1,8,407.0,433.0,409.5,26.0
CCCCCCCCN1C(=O)c2ccc3c4c(-c5ccc(N(c6ccccc6)c6ccccc6)cc5)cc5c6c(cc(-c7ccc(N(c8ccccc8)c8ccccc8)cc7)c(c7ccc(c2c37)C1=O)c64)C(=O)N(CCCCCCCC)C5=O,2,606.0,632.0,619.0,26.0
C1=C(c2ccccc2)C(c2ccccc2)C(c2ccccc2)=C1,2,304.0,330.0,317.0,26.0
CC[N+]1=C(/C=C/c2cc3ccc4cccc5ccc(c2)c3c45)C(C)(C)c2ccccc21,5,408.0,434.0,412.0,26.0
CNC1=C2C=CC=[N+]2[B-](F)(F)n2cccc21,6,393.0,418.5,396.25,25.5
[C-]#[N+]c1ccc(-c2ccc(N(C)C)cc2)cc1,15,315.0,340.0,331.0,25.0
CC(C)(C)c1ccc(-c2nc3c4ccc(-c5c6ccccc6cc6ccccc56)cc4c4cc(-c5c6ccccc6cc6ccccc56)ccc4c3n2-c2ccc(C(C)(C)C)cc2)cc1,13,366.0,391.0,368.0,25.0
CCCCCCN1C(=O)c2cccc3c(-c4ccc(-c5cc(-c6ccccc6)nn5-c5ccccc5)s4)ccc(c23)C1=O,2,388.0,413.0,400.5,25.0
CCCCCCCCC1(CCCCCCCC)c2cc(-c3ccc(C=C4C(=O)c5ccccc5C4=O)cc3)ccc2-c2ccc(-c3ccc(C=C4C(=O)c5ccccc5C4=O)cc3)cc21,6,419.0,444.0,434.5,25.0
C(=C/c1cc(-c2ccccc2)c(/C=C/c2ccc(N(c3ccccc3)c3ccccc3)cc2)cc1-c1ccccc1)\c1ccc(N(c2ccccc2)c2ccccc2)cc1,2,415.0,440.0,427.5,25.0
Cc1cc(O)c(C(C)C)cc1/N=C/c1ccc(C(F)(F)F)cc1,17,343.0,368.0,361.0,25.0
COc1cc(OC)cc(C2=C3C(C)=C(I)C(/C=C/c4c[nH]c5ccccc45)=[N+]3[B-](F)(F)n3c(/C=C/c4c[nH]c5ccccc45)c(I)c(C)c32)c1,3,702.0,727.0,715.0,25.0
CN(C)c1ccc(/C=C/c2nc3ccccc3s2)cc1,15,384.0,409.0,396.0,25.0
c1ccc(N(c2ccccc2)c2ccc3c4cccc5c(N(c6ccccc6)c6ccccc6)ccc(c6cccc2c63)c54)cc1,6,483.0,508.0,491.0,25.0
CCCCCCCCC1(CCCCCCCC)c2cc(-c3ccc([N+](=O)[O-])cc3)ccc2-c2ccc(-c3ccc([N+](=O)[O-])cc3)cc21,6,357.0,382.0,370.5,25.0
CC1(C)c2ccccc2N(c2ccc(-c3n[n+]4c(o3)-c3ccccc3O[B-]4(F)F)cc2)c2ccccc21,14,358.0,383.0,362.0,25.0
CCN(CC)c1ccc2cc(/C=C/C(=O)c3cc4ccc(N(CC)CC)cc4oc3=O)c(=O)oc2c1,11,475.0,500.0,488.0,25.0
Cc1cc2c(o1)c(C)cc1ccc(=O)oc12,5,305.0,330.0,315.0,25.0
O=[N+]([O-])c1ccc(/C=C/c2c[nH]c3ccccc23)cc1,4,393.0,418.0,411.5,25.0
CN(C)c1ccc2cc(C(/C=C/c3cn(C)c4ccccc34)=C(C#N)C#N)c(=O)oc2c1,5,452.0,477.0,461.0,25.0
CN(C)CCN(Cc1c2ccccc2cc2ccccc12)c1ccc([N+](=O)[O-])cc1[N+](=O)[O-],10,372.0,397.0,393.5,25.0
N#Cc1c2nc3ccccn3c2nc2c1nc1ccccn12,5,410.0,435.0,425.0,25.0
CCCC(=O)c1c2c(c(C(=O)CCC)c3c1OC(CC(=O)OC)(C(=O)O)O3)OCO2,5,423.0,448.0,442.0,25.0
CCN(CC)c1ccc2cc3ccc(=[N+](CC)CC)cc-3oc2c1,4,525.0,550.0,530.5,25.0
CCCCCCn1c2c(c3cc(-c4ccc5ccc6cccc7ccc4c5c67)ccc31)-c1c(c3cc(-c4ccc5ccc6cccc7ccc4c5c67)ccc3n1CCCCCC)-c1c(c3cc(-c4ccc5ccc6cccc7ccc4c5c67)ccc3n1CCCCCC)-c1c-2c2cc(-c3ccc4ccc5cccc6ccc3c4c56)ccc2n1CCCCCC,2,340.0,365.0,352.5,25.0
O=C1c2ccccc2-c2ccc(N3CCOCC3)c3cccc1c23,11,419.0,444.0,434.0,25.0
CCCCN1C(=O)c2cccc3c(N(C)C)ccc(c23)C1=O,3,403.0,428.0,416.0,25.0
CCCCCCN1C(=O)c2cccc3c(-c4ccc(-c5cc(-c6ccccc6)n(-c6ccccc6)n5)s4)ccc(c23)C1=O,2,400.0,425.0,412.5,25.0
O=c1c2cc(Br)ccc2nc2n1[B-](F)(F)[n+]1ccccc1-2,3,334.0,358.0,343.0,24.0
COc1cccc(C2=C(c3ccc(C(C)(C)C)cc3)C(c3ccc(C(C)(C)C)cc3)=[N+]3C2=C(c2ccccc2)c2c(-c4cccc(OC)c4)c(-c4ccc(C(C)(C)C)cc4)c(-c4ccc(C(C)(C)C)cc4)n2[B-]3(F)F)c1,5,569.0,593.0,587.0,24.0
O=S(=O)(c1cccc(N2c3ccccc3Sc3ccccc32)c1)c1cccc(N2c3ccccc3Sc3ccccc32)c1,4,296.0,320.0,304.5,24.0
C(=C/c1cc(-c2ccc3ccccc3c2)c(/C=C/c2ccc(N(c3ccccc3)c3ccccc3)cc2)cc1-c1ccc2ccccc2c1)\c1ccc(N(c2ccccc2)c2ccccc2)cc1,2,419.0,443.0,431.0,24.0
CCCCCCCCC1(CCCCCCCC)c2cc(C#CC#Cc3ccc(N(c4ccccc4)c4ccccc4)cc3)ccc2-c2ccc(C=O)cc21,11,365.0,389.0,381.0,24.0
N#CC(C#N)=C(/C=C/c1ccc(N(c2ccccc2)c2ccccc2)cc1)c1ccccc1,10,478.0,502.0,482.5,24.0
CCC1=C(C)C2=Cc3cc(I)cn3[B-](F)(F)[N+]2=C1C,6,504.0,528.0,512.25,24.0
CC(C)(C)c1cccc2c1oc1nc3oc4ccc(-n5c6ccccc6c6ccccc65)cc4c3cc12,2,324.0,348.0,336.0,24.0
O=C1OC(=O)c2ccc(N(c3ccccc3)c3ccc4ccccc4c3)c3cccc1c23,4,446.0,470.0,457.0,24.0
CCN(CC)c1ccc(OC)c(C=O)c1,8,400.0,424.0,413.5,24.0
O=Cc1cc(N2CCCCC2)c2ccc3c(N4CCCCC4)cc(N4CCCCC4)c4ccc1c2c43,10,466.0,490.0,479.0,24.0
Nc1cccc2c1C(=O)c1ccccc1-2,4,407.0,431.0,418.0,24.0
CNc1ccc(/C=C/C#N)cc1,10,337.0,361.0,350.0,24.0
N#Cc1c(-c2cccs2)cc(-c2cccs2)[nH]c1=O,7,390.0,414.0,401.0,24.0
CC(=O)c1ccc2ccc3c(NCCC(=O)NCCCCCCc4nc5c(=O)[nH]c(N)nc5n4[C@H]4C[C@H](O)[C@@H](CO)O4)ccc4ccc1c2c43,9,440.0,464.0,452.0,24.0
c1ccc(-c2nc(-c3ccc(-c4nc(-c5ccccc5)c(-c5ccccc5)[nH]4)cc3)[nH]c2-c2ccccc2)cc1,9,356.5,380.0,359.0,23.5
CC(C)(C)c1ccc2oc3nc4oc5ccc(N6c7ccccc7Oc7ccccc76)cc5c4cc3c2c1,2,347.0,370.0,358.5,23.0
O=C(O)c1ccc(C2CC(c3cccc4ccccc34)=NN2c2ccccc2)cc1,7,366.0,389.0,377.0,23.0
CN(C)c1ccc(-c2ccc3c(=O)c(O)coc3c2)cc1,8,357.0,380.0,365.5,23.0
O=C1/C(=C2\Sc3ccc(S(=O)(=O)O)cc3C2=O)Sc2ccc(S(=O)(=O)O)cc21,5,530.0,553.0,551.0,23.0
C[Si](C)(C)[Si](c1ccc([Si]([Si](C)(C)C)([Si](C)(C)C)[Si](C)(C)C)s1)([Si](C)(C)C)[Si](C)(C)C,2,285.0,308.0,296.5,23.0
CC(C)[Si]1(C(C)C)c2cc(C=C(C#N)C#N)ccc2-c2ccc(N(c3ccccc3)c3ccccc3)cc21,7,461.0,484.0,467.0,23.0
N#Cc1ccc(C#N)c(N)c1,4,335.0,358.0,350.5,23.0
COc1ccc(-c2sc3c(-c4ccc(OC)cc4)c4n(c3c2-c2ccc(OC)cc2)[B-](F)(F)[N+]2=Cc3c(-c5ccc(OC)cc5)c5sc(-c6ccc(OC)cc6)c(-c6ccc(OC)cc6)c5n3[B-](F)(F)[N+]2=C4)cc1,5,587.0,610.0,595.0,23.0
Cc1nc2c(ccc3c2sc(/C=C/c2ccc(N(C)C)cc2)[n+]3C)s1,2,534.0,557.0,545.5,23.0
Cc1cc(C2(c3cc(C)c(O)c(Br)c3)OS(=O)(=O)c3ccccc32)cc(Br)c1O,12,394.0,417.0,404.5,23.0
CCCCCCCCCCCCCCCCOc1cc(C#Cc2ccc3ccccc3c2)c(OCCCCCCCCCCCCCCCC)cc1C#Cc1ccc(C=C(C#N)C#N)cc1,13,414.0,437.0,429.0,23.0
c1cc2ccc3cccc4c(-c5cc(-c6nccs6)nc(-c6nccs6)c5)cc(c1)c2c34,4,344.0,367.0,358.0,23.0
Cc1ccc(C(=O)/C=C/c2ccc(N(C)C)cc2)cc1,10,404.0,427.0,411.5,23.0
CN(C)c1ccc(/C=C/C=C/c2nc3ccccc3o2)cc1,16,401.0,424.0,414.5,23.0
Oc1ccc(-c2ccco2)cc1-c1nc2ccccc2s1,3,365.0,388.0,365.0,23.0
CCCCCCCCCCCCOc1cc2cc(N(C)C)ccc2cc1C=O,8,369.0,392.0,385.5,23.0
FC(F)(F)c1ccc2oc3nc4oc5ccc(-n6c7ccccc7c7ccccc76)cc5c4cc3c2c1,2,342.0,365.0,353.5,23.0
Cn1c(=O)nc2n(C)c3ccccc3nc-2c1=O,2,437.0,460.0,448.5,23.0
COc1ccc2c(=O)c3c([nH]c2c1)-c1cc(Cl)ccc1NC3(C)C,14,405.0,428.0,420.5,23.0
COc1ccc(N2c3cc(OC)ccc3N=c3cc4c(cc32)=Nc2cc(C(C)(C)C)cc(C(C)(C)C)c2O4)cc1,3,539.0,562.0,558.0,23.0
N#Cc1c(-c2ccc(Br)cc2)cc(-c2ccc(Br)cc2)[nH]c1=O,7,368.0,391.0,377.0,23.0
COc1ccc(C(=O)/C=C/c2ccc(N(C)C)cc2)cc1OC,10,403.0,426.0,414.0,23.0
CCOC(=O)C1c2ccccc2C(=O)N1c1ccccn1,4,310.0,333.0,319.0,23.0
CN(C)CCN(Cc1c2ccccc2cc2ccccc12)c1ccc([N+](=O)[O-])cn1,8,370.0,393.0,390.0,23.0
CCOc1ccc2c(-c3nc(-c4cccc(C)c4)no3)cc(=O)oc2c1,2,322.0,345.0,333.5,23.0
CCN(CC)c1ccc2cc(/C=C/C(O)=C/C(C)=O)c(=O)oc2c1,8,447.0,470.0,456.0,23.0
CCN(CC)c1ccc(/C=N/Nc2ccc(C#N)cc2)c(O)c1,6,368.0,391.0,377.5,23.0
CC[N+]1(CC)CN2C(C)=CC(C)=C(C(=O)[O-])C2=N1,2,338.0,361.0,349.5,23.0
COc1ccc2c3c(cccc13)C(=O)c1ccccc1-2,11,412.0313144,434.9717268,421.9409283,22.940412400000014
CCCCCCCCCCCCOc1cc(/C=C/c2ccc3c(c2)C(CC)(CC)c2cc(N4c5ccccc5Sc5ccccc54)ccc2-3)c(OCCCCCCCCCCCC)cc1/C=C/c1ccc2c(c1)C(CC)(CC)c1cc(N3c4ccccc4Sc4ccccc43)ccc1-2,5,420.0,442.9310345,436.7241379,22.93103450000001
COc1ccc(/C=C/C2=CC(/C=C/c3ccc(OC)c(OC)c3)=[O+][B-](F)(F)O2)cc1OC,8,490.1,513.0,501.05,22.899999999999977
N#Cc1ccc(N)cc1,6,260.98600120000003,283.0,274.42726719999996,22.013998799999968
CCCCCCCCCCCCCCCC[n+]1ccc(/C=C/c2ccc(C)cc2)cc1,15,354.0,376.0,361.1,22.0
CCCCCCCCCCCCCCCCOc1cc(C#Cc2ccc3ccccc3c2-c2c(C#Cc3cc(OCCCCCCCCCCCCCCCC)c(C#Cc4ccc(C=C(C#N)C#N)cc4)cc3OCCCCCCCCCCCCCCCC)ccc3ccccc23)c(OCCCCCCCCCCCCCCCC)cc1C#Cc1ccc(C=C(C#N)C#N)cc1,13,425.0,447.0,436.0,22.0
CN(C)c1ccc(-c2cc(=O)c3ccccc3o2)cc1,4,351.0,373.0,364.0,22.0
CC(C)(C)c1ccc(C2=C(Br)C3=C(c4ccccc4)c4c(Br)c(-c5ccc(C(C)(C)C)cc5)c(-c5ccc(C(C)(C)C)cc5)n4[B-](F)(F)[N+]3=C2c2ccc(C(C)(C)C)cc2)cc1,5,559.0,581.0,577.0,22.0
CC(C)(C)c1ccc(-c2sc3c(-c4ccc(C(C)(C)C)cc4)c4n(c3c2-c2ccc(C(C)(C)C)cc2)[B-](F)(F)[N+]2=Cc3c(-c5ccc(C(C)(C)C)cc5)c5sc(-c6ccc(C(C)(C)C)cc6)c(-c6ccc(C(C)(C)C)cc6)c5n3[B-](F)(F)[N+]2=C4)cc1,5,574.0,596.0,591.0,22.0
CC1=CC(c2ccc3cc(N(C)C)ccc3c2)=[O+][B-](F)(F)O1,7,455.0,477.0,465.0,22.0
CC(C)(C)NC1=C2C=CC=[N+]2[B-](F)(F)n2cccc21,6,406.0,428.0,411.0,22.0
COc1ccc2c(c1)N(c1ccc(C)cc1)c1cc3c(cc1=N2)Oc1c(cc(C(C)(C)C)cc1C(C)(C)C)N=3,3,540.0,562.0,555.0,22.0
COc1ccc2c(c1)-c1ccccc1C2=O,3,365.0,387.0,379.0,22.0
COc1ccc2c(CC(=O)NN)coc2c1,10,278.0,300.0,290.0,22.0
N#CC(C#N)=Cc1ccc(-c2cccc(-c3nc4ccccc4s3)c2O)o1,3,421.0,443.0,428.0,22.0
O=C1OC(=O)c2ccc(N(c3ccccc3)c3c4ccccc4cc4ccccc34)c3cccc1c23,4,440.0,462.0,450.0,22.0
COCCN(CCOC)c1ccc(/C=C/c2sc3c4nc(C)sc4ccc3[n+]2C)cc1,2,533.0,555.0,544.0,22.0
COc1ccc(C2=[N+]3C(=C(c4ccc(C#N)cc4)c4cc(Cl)c(-c5ccc(OC)cc5)n4[B-]3(F)F)C=C2Cl)cc1,3,587.0,609.0,597.0,22.0
CN(C)c1ccc(C(=Cc2ccc(/C=C/c3ccc(C#N)cc3)cc2)c2ccc(N(C)C)cc2)cc1,2,415.0,437.0,426.0,22.0
COc1cc2c3c(c4cc(OC)c(OC)c(OC)c4c2c(OC)c1OC)=[N+]1C(=C(c2c(C)cc(C)cc2C)c2cc4c5cc(OC)c(OC)c(OC)c5c5c(OC)c(OC)c(OC)cc5c4n2[B-]1(F)F)C=3,5,718.0,740.0,730.0,22.0
COc1cc(/C=C/C(=O)CC(=O)/C=C/c2ccc(O)c(OC)c2)ccc1O,6,408.0,430.0,419.0,22.0
Nc1ccccc1C(=O)O,9,320.0,342.0,336.0,22.0
CN(C)c1ccc(C=CC(=O)c2ccccc2)cc1,3,393.0,415.0,399.0,22.0
CN(C)c1ccc2c3c(ccc2c1)C(=O)CCC3,10,347.0,369.0,356.5,22.0
COc1cc(OC)cc(C2=C3C(C)=C(I)C(/C=C/c4c[nH]c5ccc([N+](=O)[O-])cc45)=[N+]3[B-](F)(F)n3c(/C=C/c4c[nH]c5ccc([N+](=O)[O-])cc45)c(I)c(C)c32)c1,3,690.0,712.0,695.0,22.0
COc1ccc(C(=Cc2ccc(/C=C(\C#N)c3ccccc3)cc2)c2ccc(OC)cc2)cc1,2,388.0,410.0,399.0,22.0
N#Cc1ccc(N)c(C#N)c1,4,325.0,347.0,325.5,22.0
N#Cc1ccc(C=C(c2ccccc2)c2ccccc2)cc1,2,321.0,343.0,332.0,22.0
CCOc1cc2c(cc1/C=C/C1=CC(=C(C#N)C#N)CC(C)(C)C1)c1ccccc1n2CC,9,469.0,491.0,479.0,22.0
CN(C)c1ccc(/C=C/C(=C(C#N)C#N)c2ccc3c4c(cccc24)CC3)cc1,8,483.0,505.0,493.0,22.0
CCC1=C(C)C2=Cc3cc(I)c(I)n3[B-](F)(F)[N+]2=C1C,6,520.0,542.0,527.25,22.0
CN(C)c1ccc(/C=C/c2ccccn2)cc1,15,348.0,370.0,355.0,22.0
COc1ccc2c3c(cccc13)C(=O)N(C)C2=O,11,353.0,375.0,360.0,22.0
CSc1cc(-c2cc3cc4c5c(c3oc2=O)CCCN5CCC4)oc(=O)c1C#N,10,527.0,549.0,537.0,22.0
Cc1cc(C)cc(NC(=O)c2sc(Br)nc2C)c1,8,271.5,293.4,282.8,21.899999999999977
CN(C)c1ccc(C#Cc2ccccc2)cc1,16,315.000315,336.3040188,326.85097735,21.303703799999994
CC(C)(C)c1ccc(-c2c(-c3cccc(-n4c5ccccc5c5ccccc54)c3)c(C#N)c(-c3cccc(-n4c5ccccc5c5ccccc54)c3)c(-c3ccc(C(C)(C)C)cc3)c2-c2ccc(C(C)(C)C)cc2)cc1,2,339.0,360.0,349.5,21.0
CCOC(=O)/C(C#N)=C(\C=C\c1ccc(N(c2ccccc2)c2ccccc2)cc1)c1ccccc1,10,454.0,475.0,461.0,21.0
CCN1C(=CC2=C([O-])C(=Cc3sc4ccccc4[n+]3CC)C2=O)Sc2ccccc21,3,649.0,670.0,669.0,21.0
C[Si](C)(C)[Si](c1cc2sc([Si]([Si](C)(C)C)([Si](C)(C)C)[Si](C)(C)C)cc2s1)([Si](C)(C)C)[Si](C)(C)C,2,309.0,330.0,319.5,21.0
CCN1C(=CC2=C([O-])C(=Cc3[se]c4ccccc4[n+]3CC)C2=O)[Se]c2ccccc21,3,665.0,686.0,684.0,21.0
CC(C)CCC[C@@H](C)[C@H]1CC[C@H]2[C@@H]3CC=C4C[C@@H](OC(=O)Oc5cc(/C=C/C=C/c6ccc(N(C)C)cc6)ccc5[N+](=O)[O-])CC[C@]4(C)[C@H]3CC[C@]12C,7,433.0,454.0,448.0,21.0
O=C(O)C1CCCN1C(=O)c1ccc(C2CC(c3cccc4ccccc34)=NN2c2ccccc2)cc1,7,363.0,384.0,378.0,21.0
Nc1n[n+]([O-])c2cc(F)ccc2[n+]1[O-],2,468.0,489.0,478.5,21.0
Cc1ccccc1/C(C#N)=C/c1ccc(N(C)C)cc1,15,364.0,385.0,376.0,21.0
CC1=NN(c2ccccc2)C(=O)/C1=C\c1cn(-c2ccccc2)nc1-c1ccc([N+](=O)[O-])cc1,9,343.0,364.0,361.0,21.0
CCN(CC)c1ccc2c(-c3ccccc3C(=O)[O-])c3ccc(=[N+](CC)CC)cc-3oc2c1,4,539.0,560.0,554.5,21.0
Cc1nc2c(ccc3c2sc(/C=C/c2cc4c5c(c2)CCCN5CCC4)[n+]3C)s1,2,574.0,595.0,584.5,21.0
COc1ccc(-c2n[n+]3c(s2)N=C(c2ccccc2)O[B-]3(F)F)cc1,2,349.0,370.0,359.5,21.0
N#Cc1cccc(N)c1,6,300.0,321.0,309.5952526,21.0
C[Si](C)(C)[Si](c1ccc(-c2ccc([Si]([Si](C)(C)C)([Si](C)(C)C)[Si](C)(C)C)s2)s1)([Si](C)(C)C)[Si](C)(C)C,2,350.0,371.0,360.5,21.0
C(=C/c1cnc2ccccc2n1)\c1ccc(N2CCCCC2)cc1,5,402.0,423.0,410.0,21.0
CCOC(=O)c1ccccc1-c1c2ccc(=O)cc-2oc2cc(OC(=O)[C@H](CO[Si](C)(C)C(C)(C)C)NC(=O)OC(C)(C)C)ccc12,4,428.0,449.0,439.0,21.0
CCCCN(CCCC)c1ccc(/C=C/c2ccc3nc(/C=C/c4nc5ccc(/C=C/c6ccc(N(CCCC)CCCC)cc6)cc5n(CCC)c4=O)c(=O)n(CCC)c3c2)cc1,2,528.0,549.0,538.5,21.0
O=[N+]([O-])c1ccc(/C=C/c2cn(S(=O)(=O)c3ccccc3)c3ccccc23)cc1,4,357.0,378.0,368.0,21.0
COc1ccc(C2=[N+]3C(=C(c4ccc(C(=O)OCc5ccccc5)cc4)c4cc(Cl)c(-c5ccc(OC)cc5)n4[B-]3(F)F)C=C2Cl)cc1,3,583.0,604.0,594.0,21.0
N#Cc1cc(N)cc(C#N)c1,4,325.0,346.0,335.0,21.0
COc1ccc2c(c1)-c1cc(OC)ccc1C2=O,3,361.0,382.0,376.0,21.0
COc1ccc(NC2=CC(=O)c3ccccc3C2=O)cc1,2,458.0,479.0,468.5,21.0
COc1cc(C2=CC3=C(c4c(C)cc(C)cc4C)c4cc(-c5cc(OC)c(OC)c(OC)c5)c(-c5cc(OC)c(OC)c(OC)c5)n4[B-](F)(F)[N+]3=C2c2cc(OC)c(OC)c(OC)c2)cc(OC)c1OC,5,608.0,629.0,621.0,21.0
Nc1ccc2cc(-c3ccc(C(F)(F)F)cc3)oc(=O)c2c1,9,335.0,356.0,347.0,21.0
COc1c2ccccc2c(OC)c2c(C#Cc3ccccc3)c3cc4ccccc4cc3c(C#Cc3ccccc3)c12,2,704.0,725.0,714.5,21.0
CCCCCCN1C(=O)c2cccc3c(-c4ccc(-c5cc(-c6ccc(Cl)cc6)nn5-c5ccccc5)s4)ccc(c23)C1=O,2,389.0,410.0,399.5,21.0
COC(=O)C(Cc1ccc2oc(-c3ccc(Nc4ccccc4)cc3)nc2c1)NC(=O)OC(C)(C)C,36,338.9026333,359.5053207,349.255082,20.602687400000036
O=C1OC(c2ccccc2)=N/C1=C\c1ccc(N(c2ccc(/C=C3\N=C(c4ccccc4)OC3=O)cc2)c2ccc(/C=C3/N=C(c4ccccc4)OC3=O)cc2)cc1,17,489.0,509.5,498.0,20.5
CCC1=C(C)C2=C(C)c3cc(I)c(I)n3[B-](F)(F)[N+]2=C1C,6,511.5,532.0,518.25,20.5
CCC1=C(C)C2=Cc3c(I)c(I)c(I)n3[B-](F)(F)[N+]2=C1C,6,523.0,543.5,531.75,20.5
C#CCNC1=C2C=CC=[N+]2[B-](F)(F)n2cccc21,13,404.0,424.25,406.25,20.25
O=C1/C(=C\c2ccc(N(c3ccccc3)c3ccccc3)cc2)S(=O)(=O)c2ccccc21,11,471.0,491.0,477.0,20.0
Nc1n[n+]([O-])c2ccccc2[n+]1[O-],2,457.0,477.0,467.0,20.0
CCCCC(CC)CO[N+](=O)[O-],2,198.0,218.0,208.0,20.0
CCCCCCCCCCCCN1C(=O)c2cccc3c(N(Cc4ccccn4)Cc4ccccn4)c4ccccc4c(c23)C1=O,5,480.0,500.0,492.0,20.0
O=C(O)c1ccccc1Nc1ccccc1,8,341.0,361.0,353.0,20.0
CCC1=C(C)C2=Cc3ccccc3B(O)N2C1=O,5,358.0,378.0,361.0,20.0
CN(C)c1ccc(/C=C(\C#N)c2nc3ccccc3s2)cc1,2,430.0,450.0,440.0,20.0
N#CC(C#N)=C(/C=C/c1ccc(N(c2ccccc2)c2ccccc2)cc1)c1ccc2c3c(cccc13)CC2,8,482.0,502.0,488.0,20.0
CCCSC1=[N+]2C(=C(c3ccccc3)c3ccc(SCCC)n3[B-]2(F)F)C=C1SC#N,5,536.0,556.0,545.0,20.0
COc1cc(OC)c2c(c1)C(=O)c1ccc(OC)cc1-2,3,422.0,442.0,441.0,20.0
CCC1(CC)c2cc(C=C(C#N)C#N)ccc2-c2ccc(N(C)C)cc21,7,470.0,490.0,480.0,20.0
COC(=O)/C=C/C=C/c1ccc(N(C)C)cc1,10,370.0,390.0,386.0,20.0
CCC1=C(C)C(=O)n2c1cc1c(C)c(CCC(=O)O)c(C)n1c2=O,6,408.0,428.0,423.0,20.0
CCOC(=O)CN1C(=O)C2=C(c3ccc(N4CCCCC4)cc3)N(CC(=O)OCC)C(=O)C2=C1c1ccc(N2CCCCC2)cc1,3,520.0,540.0,523.0,20.0
Cc1nc2c(ccc3c2sc(/C=C/c2ccc(N(CCO)CCO)cc2)[n+]3C)s1,2,532.0,552.0,542.0,20.0
F[B-]1(F)OC(c2ccccc2)=C(c2ccccc2)c2sc3ccccc3[n+]21,2,360.0,380.0,370.0,20.0
CCN(CC)c1ccc([N+]2=Cc3ccc4c5c(ccc4c3O[B-]2(c2ccccc2)c2ccccc2)C=[N+](c2ccc([N+](=O)[O-])cc2)[B-](c2ccccc2)(c2ccccc2)O5)cc1,5,539.0,559.0,547.0,20.0
CN(C)c1ccc(/C=C/c2ccc([N+](=O)[O-])c(O)c2)cc1,7,442.0,462.0,454.0,20.0
CC(C)[Si]1(C(C)C)c2cc(C=C(C#N)C#N)ccc2-c2ccc(N(C)C)cc21,7,469.0,489.0,480.0,20.0
COc1ccc(C2=[N+]3C(=C(c4ccc(C#N)cc4)c4cc(-c5ccc(C#N)cc5)c(-c5ccc(OC)cc5)n4[B-]3(F)F)C=C2c2ccc(C#N)cc2)cc1,3,606.0,626.0,618.0,20.0
CC[N+](CC)=c1ccc2nc3c(cc(NCCC(=O)NC(C)C(=O)OC)c4ccccc43)oc-2c1,2,580.0,600.0,590.0,20.0
C[N+]1=C(/C=C/C2=C3Oc4c(cc5c6c4CCCN6CCC5)C(c4ccccc4C(=O)O)=C3CCC2)C(C)(C)c2ccccc21,4,710.0,730.0,719.0,20.0
c1cc2sccc2s1,2,250.0,270.0,260.0,20.0
CC[N+]1=C(/C=C/c2c(C)nn3c(-c4ccc(OC)cc4)ccnc23)C(C)(C)c2ccccc21,3,464.0,484.0,478.0,20.0
O=c1c(-c2ccc(O)cc2)coc2cc(O)cc(O)c12,2,340.0,360.0,350.0,20.0
CC1(C)c2ccccc2N(c2cccc(S(=O)(=O)c3cccc(N4c5ccccc5C(C)(C)c5ccccc54)c3)c2)c2ccccc21,4,281.0,301.0,287.5,20.0
Cc1cccc(C2=CC3=C(c4c(C)cc(C)cc4C)c4cc(-c5cccc(C)c5)c(-c5cccc(C)c5)n4[B-](F)(F)[N+]3=C2c2cccc(C)c2)c1,5,559.0,579.0,573.0,20.0
FC(F)(F)c1ccc2oc3nc4oc5ccc(N6c7ccccc7Oc7ccccc76)cc5c4cc3c2c1,2,344.0,364.0,354.0,20.0
C(=C/c1cnc2ccccc2n1)\c1ccc(N(c2ccccc2)c2ccccc2)cc1,5,416.0,436.0,425.0,20.0
CC(=O)Nc1ccc(S(=O)(=O)O)c(/N=N/c2c(O)c3ccccc3n(C)c2=O)c1,8,417.0,437.0,431.0,20.0
CCCCCCCCCCCCc1ccc(-c2cc(C)[o+]c(C)c2)cc1,2,350.0,370.0,360.0,20.0
COC(=O)C(NC(=O)OC(C)(C)C)c1ccc2oc(-c3ccc(C#N)cc3)nc2c1,3,317.0,337.0,333.0,20.0
CC(=O)c1c2c(cc3c(N(C)C)cccc13)CCC2,9,314.0,334.0,330.0,20.0
CC[N+](CC)=c1ccc2cc3c(=O)oc4cc5c(cc4c3oc-2c1)CCCN5C,2,598.0,618.0,608.0,20.0
Cc1cc(-c2ccc(C(C)(C)C)cc2)cc(C)[o+]1,2,345.0,365.0,355.0,20.0
CCCCCCCCN1C(=O)c2ccc3c4c(-c5ccc6c7ccccc7n(-c7ccccc7)c6c5)cc5c6c(ccc(c7c(-c8ccc9c%10ccccc%10n(-c%10ccccc%10)c9c8)cc(c2c37)C1=O)c64)C(=O)N(CCCCCCCC)C5=O,2,557.0,577.0,567.0,20.0
C(=C/c1ccncn1)\c1ccc(-c2ccc(N(c3ccccc3)c3ccccc3)cc2)cc1,5,373.0,393.0,381.0,20.0
CN(C)c1ccc(/C=C/c2cc[n+](Cc3cc(C[n+]4ccc(/C=C/c5ccc(N(C)C)cc5)cc4)cc(C[n+]4ccc(/C=C/c5ccc(N(C)C)cc5)cc4)c3)cc2)cc1,10,480.0,500.0,493.0,20.0
COC(=O)C(NC(=O)OC(C)(C)C)c1ccc2oc(-c3cc(C(F)(F)F)cc(C(F)(F)F)c3)nc2c1,3,308.0,328.0,309.0,20.0
C/C(=N\Nc1ccc(C#N)cc1)c1cccc(/C(C)=N/Nc2ccc(C#N)cc2)c1,6,346.0,366.0,354.5,20.0
C(/C=C/C1=[NH+]c2cccc3cccc1c23)=c1/[nH]c2cccc3cccc1c32,2,598.0,618.0,608.0,20.0
CC1(C)c2cc(C#N)ccc2-c2ccc(N3c4ccccc4Oc4ccccc43)cc21,5,375.0,395.0,389.0,20.0
O=[N+]([O-])c1ccc(NCCNCc2c3ccccc3cc3ccccc23)c([N+](=O)[O-])c1,8,348.0,368.0,363.5,20.0
N#Cc1cccc(N)c1C#N,4,334.0,354.0,347.5,20.0
O=C1C=C(Nc2cc(F)ccc2F)C(=O)c2ccccc21,2,430.0,450.0,440.0,20.0
CN(C)c1ccc(/C=C/C=N/N=C/c2ccc3ccc4cccc5ccc2c3c45)cc1,10,418.0,438.0,431.0,20.0
CC(C)(C)C1Nc2ccccc2C(=O)N1Cc1ccccc1,5,333.0,353.0,341.0,20.0
CN(C)c1ccc(/C=C/C=C/c2ccc([N+](=O)[O-])c(O)c2)cc1,7,443.0,463.0,449.0,20.0
CCOC(=O)/C=C/c1ccc(N(C)C)cc1,14,353.0,373.0,363.0,20.0
CC[n+]1c(C=C2C(=O)C(C=C3Sc4cc(Cl)ccc4N3C)=C2[O-])[se]c2ccccc21,3,658.0,678.0,677.0,20.0
CCC1=C(C)C2=C(C)c3c(I)c(I)c(I)n3[B-](F)(F)[N+]2=C1C,6,511.5,531.5,520.25,20.0
O=C1c2ccccc2NC(c2ccccc2)N1Cc1ccccc1,5,325.0,345.0,336.0,20.0
Nc1cccc2cccc(N)c12,4,334.0,354.0,341.5,20.0
Nc1ccc2c(c1)C(=O)NC2=O,9,350.0,370.0,357.0,20.0
COc1ccc(/C=C/C2=CC(/C=C/c3ccc(OC)c4ccccc34)=[O+][B-](F)(F)O2)c2ccccc12,6,516.0,536.0,527.0,20.0
CCN(CC)c1ccc(/C=C/C(=O)c2c(O)cc(C)oc2=O)cc1,6,468.0,488.0,474.0,20.0
CC(C)CCC[C@@H](C)[C@H]1CC[C@H]2[C@@H]3CC=C4C[C@@H](OC(=O)Oc5cc(/C=C/c6ccc(N(C)C)cc6)ccc5[N+](=O)[O-])CC[C@]4(C)[C@H]3CC[C@]12C,7,392.0,412.0,400.0,20.0
O=CC1=C(c2ccc(-c3cccs3)s2)CCC1,6,366.0,386.0,377.0,20.0
Cc1ccc(NC(=O)c2sc(Br)nc2C)cc1,8,281.6,301.5,286.5,19.899999999999977
O=C(c1ccncc1)c1ccc(-n2c3ccccc3c3cc(-n4c5ccccc5c5ccccc54)ccc32)cc1,4,342.6395939,362.0,342.6395939,19.360406099999977
COC(=O)C(Cc1ccc2oc(-c3ccc(N(C)C)cc3)nc2c1)NC(=O)OC(C)(C)C,36,332.9005626,351.9020305,343.24752745,19.001467900000023
CCCCCCc1ccc(-c2ccc(-c3cc(-c4ccc(-c5ccc(CCCCCC)s5)s4)c4ccc5c(-c6ccc(-c7ccc(CCCCCC)s7)s6)cc(-c6ccc(-c7ccc(CCCCCC)s7)s6)c6ccc3c4c65)s2)s1,2,451.0,470.0,460.5,19.0
O=C1C=C(Nc2cccc(F)c2)C(=O)c2ccccc21,2,440.0,459.0,449.5,19.0
CCCCOC(=O)c1ccccc1-c1c2ccc(=[N+](CC)CC)cc-2oc2cc(N(CC)CC)ccc12,4,543.0,562.0,556.5,19.0
CCCCCCCCc1ccc(-c2ccc(-c3cc(-c4ccc(-c5ccc(CCCCCCCC)s5)c5nsnc45)c4ccc5c(-c6ccc(-c7ccc(CCCCCCCC)s7)c7nsnc67)cc(-c6ccc(-c7ccc(CCCCCCCC)s7)c7nsnc67)c6ccc3c4c65)c3nsnc23)s1,2,452.0,471.0,461.5,19.0
CN(C)c1ccc2c3c(c(=O)oc2c1)C=c1cc2c(cc1O3)=[N+](CCC(=O)O)CCC2,4,587.0,606.0,592.0,19.0
F[B-]1(F)n2c(-c3cccs3)cc(-c3cccs3)c2N=C2C(c3cccs3)=CC(c3cccs3)=[N+]21,5,733.0,752.0,741.0,19.0
CN(C)c1ccc(C2=[N+]3C(=Nc4c(-c5ccc(O)cc5)cc(-c5ccc(N(C)C)cc5)n4[B-]3(F)F)C(c3ccc(O)cc3)=C2)cc1,3,775.0,794.0,778.0,19.0
N#Cc1ccc(/C=C/C=C/c2ccc([N+](=O)[O-])cc2)cc1,6,362.0,381.0,374.5,19.0
CN(C)c1ccc(/C=C/c2cccnn2)cc1,5,361.0,380.0,369.0,19.0
CN(C)c1ccc2nc(-c3ccc(C(=O)OC(C)(C)C)cc3)sc2c1,7,384.0,403.0,392.0,19.0
CCn1nc(-c2ccc(C)cc2)c2ccc3[o+]c(-c4ccc(C)cc4)c4ccc1c2c34.[O-][Cl+3]([O-])([O-])[O-],6,496.0,515.0,498.0,19.0
CCN(CC)c1ccc2nc3ccc(=[N+](CC)CC)cc-3oc2c1,18,643.0,662.0,649.0,19.0
CC(C)(C)C1Nc2ccccc2C(=O)N1c1ccccc1,5,337.0,356.0,344.0,19.0
CCOC(=O)c1ccccc1-c1c2ccc(=[N+](CC)CC)cc-2oc2cc(N(CC)CC)ccc12,4,541.0,560.0,553.5,19.0
CCCCC(CC)COC(=O)/C=C/c1ccc(OC)c(OC)c1OC,2,290.0,309.0,299.5,19.0
C(=C/c1ccc(/C=C/c2ccc(N(c3ccccc3)c3ccccc3)cc2)c2nsnc12)\c1ccc(N(c2ccccc2)c2ccccc2)cc1,7,502.0,521.0,513.0,19.0
Cc1cc(=O)oc2cc3c4ccccc4c4ccccc4c3cc12,6,362.0,381.0,377.5,19.0
Cc1ccc(N(c2ccc(C)cc2)c2ccc(-c3ccc4c(c3)C(=O)c3ccccc3C4=O)cc2)cc1,7,457.0,476.0,463.0,19.0
COc1ccc(C(=Cc2ccc(C=O)cc2)c2ccc(OC)cc2)cc1,2,356.0,375.0,365.5,19.0
O=[N+]([O-])c1ccc(-c2nc3c(c4c2-c2ccccc2CC4)-c2ccccc2CC3)cc1,8,334.0,353.0,347.5,19.0
COc1ccc(C#Cc2ccc(C#N)cc2)cc1OC,9,325.0,344.0,329.0,19.0
COc1cccc(OC)c1-c1c2ccc(=[N+]3CCNCC3)cc-2oc2cc(N3CCNCC3)ccc12,2,542.0,561.0,551.5,19.0
COc1cccc(-c2c3ccccc3c3n2[B-](F)(F)[N+]2=Cc4c5ccccc5c(-c5cccc(OC)c5)n4[B-](F)(F)[N+]2=C3)c1,5,552.0,571.0,563.0,19.0
c1csc(-c2cnc(-c3cccs3)c3nonc23)c1,17,458.0,477.0,465.0,19.0
C(C1=[NH+]c2cccc3cccc1c23)=c1[nH]c2cccc3cccc1c32,2,538.0,557.0,547.5,19.0
CC(C)(C)c1cc2ccc3cc(C(C)(C)C)cc4c3c2c(c1)c(=O)n1c4nc2c3cc(C(C)(C)C)cc4ccc5cc(C(C)(C)C)cc(c5c43)c21,12,382.0,401.0,395.0,19.0
C(=C/c1ccc(-n2c3ccccc3c3ccccc32)cc1)\c1ccc(-c2ccc(/C=C/c3ccc(-n4c5ccccc5c5ccccc54)cc3)cc2)cc1,3,370.0,389.0,372.0,19.0
CC(C)(C)c1ccc(-c2nc3c4ccccc4c4ccccc4c3n2-c2ccc(-c3ccc(N(c4ccccc4)c4ccccc4)cc3)cc2)cc1,2,332.0,351.0,341.5,19.0
COc1ccc2c(c1)CCc1c-2nc(N)c(C#N)c1-c1ccc(Br)cc1,10,360.0,379.0,367.0,19.0
CCOC(=O)CC[N+]1=c2cc3c(cc2CCC1)=Cc1c(c2ccc(N(C)C)cc2oc1=O)O3,4,587.0,606.0,592.0,19.0
Oc1ccc2ccccc2c1-c1nc(-c2ccccc2)c2ccccn12,5,343.0,362.0,355.0,19.0
CN(C)c1ccc(/C=C/C(=O)c2ccccc2)cc1,10,404.0,423.0,413.5,19.0
N#Cc1ccc(N)cc1C#N,4,316.0,335.0,327.0,19.0
N#Cc1cc(-c2ccc(F)cc2)cnc1O,9,343.0,362.0,353.0,19.0
Cc1cc(C)n2c1C=C1c3ccccc3C(c3[nH]c4ccccc4c3C)=[N+]1[B-]2(F)F,6,596.0,615.0,606.0,19.0
Cc1nn(-c2ccccc2)c(C2=NN(c3ccc(Br)cc3)[C@@H](c3ccccc3)[C@@H]2c2ccccc2)c1C#N,10,372.0,391.0,376.5,19.0
O=P(c1ccccc1)(c1ccc(N2c3ccccc3Oc3ccccc32)cc1)c1ccc(N2c3ccccc3Oc3ccccc32)cc1,2,370.0,389.0,379.5,19.0
CCCCCCCCCCCCC1(CCCCCCCCCCCC)c2cc(-c3ccc(C=C4C(=O)c5ccccc5C4=O)cc3)ccc2-c2ccc(-c3ccc(C=C4C(=O)c5ccccc5C4=O)cc3)cc21,6,419.0,438.0,431.0,19.0
CCC1=C(C)C2=C(C)c3c(I)c(I)cn3[B-](F)(F)[N+]2=C1C,6,497.0,515.5,504.5,18.5
O=C(c1ccncc1)c1ccc(-n2c3ccc(-n4c5ccccc5c5ccccc54)cc3c3cc(-n4c5ccccc5c5ccccc54)ccc32)cc1,3,341.83123880000005,360.0840336,341.83123880000005,18.252794799999947
CN(C)c1cc(C#N)c(N(C)C)c(C#N)c1,28,385.2080123,403.3884631,391.00685755,18.180450800000017
C(=C/c1ccc(-c2nc3c4cccnc4c4ncccc4c3[nH]2)cc1)\c1ccncc1,4,349.0,367.0,360.0,18.0
COc1ccc(-c2c3ccccc3c3n2[B-](F)(F)[N+]2=Cc4c5ccccc5c(-c5ccc(OC)cc5)n4[B-](F)(F)[N+]2=C3)cc1,5,561.0,579.0,571.0,18.0
Cc1ccc(N(c2ccc(C)cc2)c2ccc(-c3cc4c(cc(-c5ccc(N(c6ccc(C)cc6)c6ccc(C)cc6)cc5)c5nsnc54)c4nsnc34)cc2)cc1,3,518.0,536.0,520.0,18.0
C(=C/c1cccc2ccccc12)\c1ccc(-c2nnc(-c3ccc(-c4cc5ccccc5s4)cc3)o2)cc1,10,342.0,360.0,355.0,18.0
CC(C)[Si](C#Cc1c2ccccc2c(C#C[Si](C(C)C)(C(C)C)C(C)C)c2nc3c(nc12)C1c2ccccc2C3c2ccccc21)(C(C)C)C(C)C,2,445.0,463.0,454.0,18.0
CC(=O)OCCOCCN1C(=O)c2cc(NCCOCCO)c3c4c(cc(NCCOCCO)c(c24)C1=O)C(=O)N(CCOCCOC(C)=O)C3=O,3,604.0,622.0,610.0,18.0
CN(C)c1ccc(/C=C/c2ncc3ccccc3n2)cc1,2,395.0,413.0,404.0,18.0
CC(C)CCCCN1CCc2c1ccc1c3c(ccc21)CCCC3=O,10,410.0,428.0,419.5,18.0
Cc1ccc(-c2cc(C)[o+]c(C)c2)cc1,2,347.0,365.0,356.0,18.0
CN(c1ccccc1)c1ccc(/C=C2\C(=O)c3ccccc3S2(=O)=O)cc1,11,465.0,483.0,472.0,18.0
COC(=O)c1ccccc1-c1c2ccc(=[NH2+])cc-2oc2cc(N)ccc12,4,497.0,515.0,503.0,18.0
CCC1=C(C)C2=Cc3cccn3[B-](F)(F)[N+]2=C1C,6,494.5,512.5,504.75,18.0
CCCCCCOc1cc(C=C2C(=O)c3ccccc3C2=O)c(OCCCCCC)cc1C=C1C(=O)c2ccccc2C1=O,2,512.0,530.0,521.0,18.0
COc1c2ccccc2c(OC)c2c(C#Cc3ccccc3)c3cc4sccc4cc3c(C#Cc3ccccc3)c12,2,656.0,674.0,665.0,18.0
COC(=O)c1ccc(-c2nc3ccc(N(C)C)cc3s2)cc1,7,387.0,405.0,394.0,18.0
N#CC(C#N)=C(/C=C/c1ccc(N(c2ccccc2)c2ccc(/C=C/C(=C(C#N)C#N)c3ccccc3)cc2)cc1)c1ccccc1,10,505.0,523.0,508.0,18.0
CN(C)c1ccc(-c2ccc(-c3cc(N4CCCCC4)c(C#N)c4c3-c3ccccc3CC4)cc2)cc1,6,342.0,360.0,349.0,18.0
CC(=O)n1cc(/C=C/c2ccc([N+](=O)[O-])cc2)c2ccccc21,4,363.0,381.0,375.5,18.0
CCc1c(C)[nH]c(C2=[N+]3C(=Cc4c(C)c(CC)c(/C=C/c5ccc(N(C)C)cc5)n4[B-]3(F)F)c3ccccc32)c1C,6,712.0,730.0,719.5,18.0
CN(C)c1ccc2nc(-c3ccc(C(=O)OC[C@H](NC(=O)OC(C)(C)C)C(=O)OCc4ccccc4)cc3)sc2c1,7,390.0,408.0,397.0,18.0
CCOc1cc2c(cc1/C=C/C(=C(C#N)C#N)c1ccccc1)c1ccccc1n2CC,9,458.0,476.0,468.0,18.0
N=c1oc2ccccc2cc1-c1ccc([N+](=O)[O-])cc1,4,350.0,368.0,353.5,18.0
O=C1NC(=O)c2c1c1c3ccccc3[nH]c1c1[nH]c3ccccc3c21,9,391.0,409.0,400.0,18.0
COC1=[N+]2C(=C(c3ccccc3)c3ccc(OC)n3[B-]2(F)F)C=C1SC#N,5,497.0,515.0,506.0,18.0
O=C1OC(=O)c2ccc(N(c3ccccc3)c3ccc4ccc5cccc6ccc3c4c56)c3cccc1c23,4,447.0,465.0,456.0,18.0
CCC1=C(C)C2=C(C)c3cc(I)cn3[B-](F)(F)[N+]2=C1C,6,499.5,517.5,504.0,18.0
COc1cc2c(cc1/C=C/C(=C(C#N)C#N)c1ccccc1)c1ccccc1n2C,10,458.0,476.0,466.0,18.0
CCOC(=O)COc1ccc(/C=C/c2c(CC)c(C)c3n2[B-](F)(F)[N+]2=C(c4[nH]c(C)c(CC)c4C)c4ccccc4C2=C3C)cc1,6,664.0,682.0,675.0,18.0
CC(C)[Si]1(C(C)C)c2cc(C#N)ccc2-c2ccc(N(C)C)cc21,7,357.0,375.0,360.0,18.0
CC(C)=CC(=O)c1cc2c(cc1F)NC(C)(C)CC2=O,2,356.0,374.0,365.0,18.0
O=S(=O)(c1cccc(-n2c3ccccc3c3ccccc32)c1)c1cccc(-n2c3ccccc3c3ccccc32)c1,4,323.0,341.0,338.0,18.0
Nc1ccc2c(-c3ccccc3C(=O)[O-])c3ccc(=[NH2+])cc-3oc2c1,4,497.0,515.0,499.5,18.0
COc1ccc(C2=[N+]3C(=C(c4ccc(C#N)cc4)c4cc(-c5cccs5)c(-c5ccc(OC)cc5)n4[B-]3(F)F)C=C2c2cccs2)cc1,3,635.0,653.0,645.0,18.0
CCN(CC)c1ccc2cc(-c3cc(SC)c(C#N)c(=O)o3)c(=O)oc2c1,10,509.0,527.0,514.0,18.0
C#CCNC1=C2C(C)=CC(C)=[N+]2[B-](F)(F)n2c(C)cc(C)c21,5,450.5,468.5,453.0,18.0
COc1cc(OC)cc(C2=C3C(C)=C(I)C(C)=[N+]3[B-](F)(F)n3c(/C=C/c4c[nH]c5ccccc45)c(I)c(C)c32)c1,3,618.0,636.0,627.0,18.0
Fc1c(F)c(F)c([B-]2(c3c(F)c(F)c(F)c(F)c3F)Oc3c(ccc4c5c(ccc34)C=[N+](c3ccccc3)[B-](c3c(F)c(F)c(F)c(F)c3F)(c3c(F)c(F)c(F)c(F)c3F)O5)C=[N+]2c2ccccc2)c(F)c1F,5,515.0,533.0,522.0,18.0
COCCOCCOCCNc1cc2c3c(c(NCCOCCOCCOC)cc4c3c1C(=O)N(CCOCCOCCOC)C4=O)C(=O)N(CCOCCOCCOC)C2=O,3,605.0,623.0,610.0,18.0
c1ccc(-c2nc(-c3c[nH]c4ccccc34)n3ccccc23)cc1,5,372.0,390.0,381.0,18.0
CCCCCCCCCCn1cc(C2=C(c3cn(CCCCCCCCCC)c4ccccc34)C(=O)N(C)C2=O)c2ccccc21,10,462.0,480.0,471.5,18.0
C1CCN2CCCn3c2c(c2c3=NCCN=2)C1,2,352.0,370.0,361.0,18.0
CN1c2ccc(C(=O)c3ccccc3)cc2Sc2cc(C(=O)c3ccccc3)ccc21,6,390.0,408.0,406.0,18.0
c1ccc(C(=C(c2ccccc2)c2ccc(-c3nc4c(-c5ccc(C(=C(c6ccccc6)c6ccccc6)c6ccccc6)cc5)sc(-c5ccc(C(=C(c6ccccc6)c6ccccc6)c6ccccc6)cc5)c4nc3-c3ccc(C(=C(c4ccccc4)c4ccccc4)c4ccccc4)cc3)cc2)c2ccccc2)cc1,2,520.0,538.0,529.0,18.0
Cc1cc(=O)c2ccc(N)cc2o1,12,311.0,329.0,324.0,18.0
C[N+]1=C(/C=C/C2=C3Oc4c(cc5c6c4CCCN6CCC5)C(c4ccccc4C(=O)O)=C3CCC2)C(C)(C)c2c1ccc1ccccc21,4,728.0,746.0,736.0,18.0
C(=C/c1ccnc2ccccc12)\c1ccc(/C=C/c2ccnc3ccccc23)cc1,13,364.0,382.0,374.0,18.0
CC[N+](CC)=c1ccc2c(C(F)(F)F)c3oc4cc(N)ccc4c3oc-2c1,3,640.0,658.0,640.0,18.0
Oc1ccc2ccccc2c1,2,310.4625893,328.0,319.23129465,17.53741070000001
CN(C)c1ccc(C#Cc2ccc(C=O)cc2)cc1,16,372.4949713,390.00039,381.00383969999996,17.505418700000007
CCCCCCCCCCCCCCCC[n+]1ccc(/C=C(\C)c2ccccc2)cc1,15,383.2,400.6,387.4,17.400000000000034
COc1nc(Nc2ccc3c4c(cccc24)C(=O)c2ccccc2-3)nc(OC)n1,11,413.9072848,431.0344828,421.9409283,17.127197999999964
Cc1cc2nc3cc(C)c(N)cc3[n+](-c3ccccc3)c2cc1N,4,520.0,537.1,531.5,17.100000000000023
CCCCCC(=O)c1c2c(c(C(=O)CCCCC)c3c1OC1(CCCC1)O3)OC1(CCCC1)O2,5,435.0,452.0,449.0,17.0
FC(F)(F)C(F)(F)C(F)(F)C1=NC2=C(c3ccc(N(c4ccccc4)c4ccccc4)cc3)C=C3c4cc(-c5ccc(N(c6ccccc6)c6ccccc6)cc5)c5nc(C(F)(F)C(F)(F)C(F)(F)F)nc6c(-c7ccc(N(c8ccccc8)c8ccccc8)cc7)cc(c4c56)=C4C=C(c5ccc(N(c6ccccc6)c6ccccc6)cc5)C(=N1)C2C34,2,594.0,611.0,602.5,17.0
CCN(CC)c1cccc(C=O)c1,8,367.0,384.0,381.0,17.0
Nc1cc[nH]c(=S)n1,6,269.0,286.0,281.5,17.0
C=CCNc1ccc2ccc3oc4cc(=O)ccc-4nc3c2c1,4,522.0,539.0,534.0,17.0
CN(C)c1ccc(/C=C/c2cnc3ccccc3n2)cc1,5,418.0,435.0,424.0,17.0
CCn1nc(-c2ccc(F)cc2)c2ccc3[o+]c(-c4ccc(F)cc4)c4ccc1c2c34.[O-][Cl+3]([O-])([O-])[O-],6,485.0,502.0,486.5,17.0
CN(C)c1ccc(-c2nc(C#N)c(C#N)n2C)cc1,4,309.0,326.0,318.0,17.0
CC(C)(C)C1Nc2c(Br)cc(Br)cc2C(=O)N1Cc1ccccc1,5,351.0,368.0,359.0,17.0
CC(C)(C)C1Nc2c(Cl)cc(Cl)cc2C(=O)N1Cc1ccccc1,5,350.0,367.0,357.0,17.0
CN(CCO)c1ccc(/C=C/C2=CC(=C(C#N)C#N)CC(C)(C)C2)cc1,6,493.0,510.0,499.5,17.0
Cc1ccc(-c2cc(-c3ccc(C)cc3)c(C#N)c(=O)[nH]2)cc1,7,366.0,383.0,374.0,17.0
O=C1NC(=O)[C@H]([C@H]2C[C@H](O)[C@@H](CO)O2)C=C1C#Cc1ccc2c(c1)Cc1ccccc1-2,3,358.0,375.0,370.0,17.0
N#Cc1ccc(N(c2ccc(C#N)cc2)c2ccc3c4cccc5c(N(c6ccc(C#N)cc6)c6ccc(C#N)cc6)ccc(c6cccc2c63)c54)cc1,6,446.0,463.0,450.5,17.0
COCCOCCOCCN1C(=O)c2cc(NCCOCCO)c3c4c(cc(NCCOCCO)c(c24)C1=O)C(=O)N(CCOCCOCCOC)C3=O,3,604.0,621.0,610.0,17.0
O=C1NC(=O)/C(=C\c2ccccc2O)S1,8,347.0,364.0,351.5,17.0
COC(=O)c1ccc(-c2ccc(-c3nnc(-c4ccc(-c5nnc(-c6ccc(-c7ccc(C(=O)OC)cc7)s6)o5)cc4)o3)s2)cc1,11,333.0,350.0,340.0,17.0
COC(=O)/C(C#N)=C/c1cn(-c2ccccc2)nc1-c1ccc([N+](=O)[O-])cc1,9,330.0,347.0,333.0,17.0
O=C1NC(=O)C(c2c[nH]c3ccccc23)=C1c1c[nH]c2ccccc12,9,443.0,460.0,447.0,17.0
CCCCN1/C(=C\C=C\C=C\C2=[N+](CCCC)c3ccc4cc(Br)ccc4c3C2(C)C)C(C)(C)c2c1ccc1cc(Br)ccc21,8,682.0,699.0,686.5,17.0
CCCSc1ccc2n1[B-](F)(F)[N+]1=C(SC#N)C=CC1=C2c1ccccc1,5,538.0,555.0,549.0,17.0
CN(C)c1ccc(C#Cc2ccc3ccc4c(C#Cc5ccc(N(C)C)cc5)ccc5ccc2c3c54)cc1,9,430.0,447.0,433.0,17.0
O=C1c2ccccc2NCN1Cc1ccccc1,5,323.0,340.0,329.0,17.0
O=C1c2ccccc2C(=O)c2cc(-c3ccc(N(c4ccccc4)c4ccccc4)cc3)ccc21,7,442.0,459.0,447.0,17.0
CN(C)c1ccc(/C=C/C(=O)c2ccc(Cl)cc2)cc1,10,413.0,430.0,423.0,17.0
COc1cc(OC)c2c(c1)C(=O)c1cc(OC)cc(OC)c1-2,3,489.0,506.0,504.0,17.0
O=S1(=O)C2=C(c3ccc(N(c4ccccc4)c4ccccc4)cc31)C1(C3=C(c4ccccc41)S(=O)(=O)c1cc(N(c4ccccc4)c4ccccc4)ccc13)c1ccccc12,5,434.0,451.0,446.0,17.0
CCCCc1cc(C=O)c2ccc3c(CCCC)cc(N4CCCCC4)c4ccc1c2c34,9,425.0,442.0,434.0,17.0
CN(C)c1ccc(C(=O)Nc2ccc([N+](=O)[O-])cc2)cc1,4,337.0,354.0,349.0,17.0
Clc1ccc(/C=C/c2ccc(-c3nc4c5cccnc5c5ncccc5c4[nH]3)cc2)cc1,4,360.0,377.0,372.0,17.0
CCOC(=O)CN1C(=O)C2=C(c3ccc(N4CCCCC4)cc3)N(CC(=O)OCC)C(=O)C2=C1c1ccc(C#N)cc1,3,524.0,541.0,527.0,17.0
Cn1c(=O)c(/N=N/c2cc(S(=O)(=O)O)ccc2S(=O)(=O)O)c(O)c2ccccc21,8,413.0,430.0,421.5,17.0
CCN1/C(=C\C=C\C=C\C2=[N+](CC)c3ccc4cc(Br)ccc4c3C2(C)C)C(C)(C)c2c1ccc1cc(Br)ccc21,8,680.0,697.0,684.0,17.0
Oc1ccc2ccccc2c1C1Nc2cccc3cccc(c23)N1,4,333.0,350.0,335.5,17.0
CCOC(=O)C1c2ccccc2C(=O)N1c1ccc(OC)cc1,4,283.0,300.0,297.5,17.0
CCN(CC)c1ccc(-c2nc3c(c4c2-c2ccc(C#N)cc2CC4)-c2ccc(C#N)cc2CC3)cc1,8,358.0,375.0,363.5,17.0
CCCCOc1ccc(-c2oc3cc4n(c3c2-c2ccc(OCCCC)cc2)[B-](F)(F)[N+]2=Cc3cc5oc(-c6ccc(OCCCC)cc6)c(-c6ccc(OCCCC)cc6)c5n3[B-](F)(F)[N+]2=C4)cc1,6,593.0,610.0,601.0,17.0
CC1(C)CC(/C=C/c2ccc(-n3c4ccccc4c4ccccc43)cc2)=CC(=C(C#N)C#N)C1,6,405.0,422.0,409.0,17.0
COc1ccc(N(c2ccc(OC)cc2)c2ccc(-c3ccc4c(c3)C(=O)c3ccccc3C4=O)cc2)cc1,7,468.0,485.0,477.0,17.0
CC[n+]1ccc(/C=C/c2cc3cccc4ccc5cccc2c5c43)cc1,6,411.0,428.0,422.0,17.0
COc1ccc(C2=CC3=C(c4c(C)cc(C)cc4C)c4cc(-c5ccc(OC)cc5)c(-c5ccc(OC)cc5)n4[B-](F)(F)[N+]3=C2c2ccc(OC)cc2)cc1,5,608.0,625.0,621.0,17.0
COc1ccc(C2=C3C(C)=CC(C)=[N+]3[B-](F)(F)n3c(/C=C/c4ccc(N(C)C)cc4)cc(C)c32)cc1,18,593.0,610.0,597.5,17.0
CCOC(=O)CN1C(=O)C2=C(c3ccc(N4CCCCC4)cc3)N(CC(=O)OCC)C(=O)C2=C1c1ccccc1,3,499.0,516.0,500.0,17.0
c1ccc(-c2cc(-c3ccccc3)[o+]c(-c3ccccc3)c2)cc1,2,403.0,420.0,411.5,17.0
CC(C)(C)c1cc(-n2c(-c3ccc(C(=C(c4ccccc4)c4ccccc4)c4ccccc4)cc3)cc3c2cc(-c2ccc(C(=C(c4ccccc4)c4ccccc4)c4ccccc4)cc2)n3-c2cc(C(C)(C)C)cc(C(C)(C)C)c2)cc(C(C)(C)C)c1,2,398.0,415.0,406.5,17.0
c1ccc(-c2nc(-c3cccc4ccccc34)n3ccccc23)cc1,5,350.0,367.0,357.0,17.0
COC(=O)C(NC(=O)OC(C)(C)C)c1ccc2oc(-c3ccc(OC(=O)c4ccccc4)cc3OC(=O)c3ccccc3)nc2c1,3,306.0,323.0,306.0,17.0
N#C/C(=C\C=C\c1ccc([N+](=O)[O-])cc1)c1ccccc1,6,356.0,373.0,367.0,17.0
Cc1cc(-c2ccccc2)cc(C)[o+]1,2,326.0,343.0,334.5,17.0
CC(=O)OCCN1C(=O)c2cccc3c(Oc4ccc(C#N)cc4)ccc(c23)C1=O,2,351.0,368.0,359.5,17.0
Cc1cc(C(F)(F)F)nc2c1ccc1nc(-c3ccc(Cl)cc3)cn12,9,359.6,376.5,368.6,16.899999999999977
COC(=O)C(Cc1ccc2oc(-c3ccc(N(C)c4ccccc4)cc3)nc2c1)NC(=O)OC(C)(C)C,35,339.6047001,355.6946717,349.1985892,16.089971600000013
CC[n+]1c(C=C2C(=O)C(C=C3N(C)c4ccc(Cl)cc4C3(C)C)=C2[O-])sc2ccccc21,3,634.0,650.0,649.0,16.0
CCc1c(C)[nH]c(C2=[N+]3C(=Cc4c(C)cc(C)n4[B-]3(F)F)c3ccccc32)c1C,6,607.0,623.0,615.5,16.0
Cc1cc(C(F)(F)F)nc2c1ccc1nc(-c3ccc(F)c(F)c3)cn12,9,356.0,372.0,364.5,16.0
C(/C=C/c1cc2c3c(c1)CCCN3CCC2)=C\c1ccncc1,4,403.0,419.0,413.0,16.0
COC(=O)C(NC(=O)OC(C)(C)C)c1ccc2oc(-c3ccc(O)cc3O)nc2c1,3,320.0,336.0,321.0,16.0
Cc1cc(-c2ccccc2C)cc(C)[o+]1,2,327.0,343.0,335.0,16.0
c1ccc(-c2nc(-c3c4ccccc4cc4ccccc34)n3ccccc23)cc1,5,366.0,382.0,375.0,16.0
CC(C)(C)c1ccc(-c2c3ccccc3c3n2[B-](F)(F)[N+]2=Cc4c5ccccc5c(-c5ccc(C(C)(C)C)cc5)n4[B-](F)(F)[N+]2=C3)cc1,5,557.0,573.0,567.0,16.0
CN(C)c1ccc(C#Cc2ccc(-c3nc(C#N)c(C#N)n3C)cc2)cc1,4,356.0,372.0,363.0,16.0
CS(=O)(=O)c1ccc(-c2cc3ccc(N)cc3c(=O)o2)cc1,8,351.0,367.0,362.0,16.0
O=S1(=O)c2ccc(-c3ccc4c(c3)c3ccccc3n4-c3ccccc3)cc2C2(c3cc(-c4ccc5c(c4)c4ccccc4n5-c4ccccc4)ccc31)c1cc(-c3ccc4c(c3)c3ccccc3n4-c3ccccc3)ccc1S(=O)(=O)c1ccc(-c3ccc4c(c3)c3ccccc3n4-c3ccccc3)cc12,2,337.0,353.0,345.0,16.0
COc1ccc(C(=Cc2ccc(/C=C/c3ccc(C#N)cc3)cc2)c2ccc(OC)cc2)cc1,2,379.0,395.0,387.0,16.0
Cc1ccc(O)c(C(=O)[O-])c1,2,305.0,321.0,313.0,16.0
COc1ccc(/C=C/C2=[O+][B-](F)(F)OC(/C=C/c3ccc(OC)c4ccccc34)=C2c2ccccc2)c2ccccc12,6,540.0,556.0,545.5,16.0
CC(C)[Si]1(C(C)C)c2cc(C=O)ccc2-c2ccc(N(C)C)cc21,7,384.0,400.0,392.0,16.0
OCC1O[C@@H](Cc2cc(O)cc(/C=C/c3ccc(O)c(O)c3)c2)[C@H](O)[C@@H](O)[C@@H]1O,15,311.0,327.0,314.0,16.0
CN(C)c1ccc(C2=Cc3cc(Cl)nc[n+]3[B-](F)(F)O2)cc1,6,444.0,460.0,452.5,16.0
CCN(CC)c1ccc2c(c1)OC1=C(/C=C/C3=[N+](C)c4ccc5ccccc5c4C3(C)C)CCCC1=C2c1ccccc1C(=O)O,4,720.0,736.0,723.0,16.0
CCN(CC)c1ccc2c(c1)OC1=C(/C=C/C3=[N+](C)c4ccccc4C3(C)C)CCCC1=C2c1ccccc1C(=O)O,4,700.0,716.0,704.0,16.0
CCN1/C(=C\C=C\C=C\C2=[N+](CC)c3ccc4ccccc4c3C2(C)C)C(C)(C)c2c1ccc1ccccc21,8,677.0,693.0,682.5,16.0
COc1cc(-c2nnc(-c3ccc4ccc5cccc6ccc3c4c56)o2)cc(OC)c1OC,7,391.0,407.0,393.0,16.0
COC(=O)C(NC(=O)OC(C)(C)C)c1ccc2oc(-c3cccc(Oc4ccccc4)c3)nc2c1,3,305.0,321.0,305.0,16.0
COc1cc(OC)cc(C2=C3C(C)=C(I)C(C)=[N+]3[B-](F)(F)n3c(/C=C/c4c[nH]c5ccc([N+](=O)[O-])cc45)c(I)c(C)c32)c1,3,606.0,622.0,612.0,16.0
O=S(=O)([O-])c1ccc(/C=C/c2ccc(-c3nnc(-c4ccc(/C=C/c5ccc(S(=O)(=O)[O-])cc5S(=O)(=O)[O-])cc4)o3)cc2)c(S(=O)(=O)[O-])c1,3,348.0,364.0,349.0,16.0
CCOC(=O)COc1ccc(/C=C/C2=C3c4ccccc4C(c4[nH]c(C)cc4C)=[N+]3[B-](F)(F)n3c(/C=C/c4ccc(OCC(=O)OCC)cc4)cc(C)c32)cc1,6,667.0,683.0,675.0,16.0
CN(C)c1ccc(/C=C/C=C/C=C/c2ccc(N(C)C)cc2)cc1,13,396.0,412.0,406.0,16.0
COc1ccc(-n2c3ccccc3c3cc(/C=C/C(=C(C#N)C#N)c4ccccc4)ccc32)cc1,8,443.0,459.0,448.5,16.0
COc1cc(N(c2ccccc2)c2ccc(C=C(C#N)C#N)c(OC)c2)ccc1C=C(C#N)C#N,9,464.0,480.0,471.0,16.0
CON(OC)c1cc2c3cc(-c4c(C)cc(C)cc4C)cc4c5cc(-c6c(C)cc(C)cc6C)cc6c7cc(B(c8c(C)cc(C)cc8C)c8c(C)cc(C)cc8C)cc8c9cc(-c%10c(C)cc(C)cc%10C)cc%10c%11cc(-c%12c(C)cc(C)cc%12C)cc%12c(c1)c2c1c(c43)c(c65)c(c78)c(c9%10)c1c%11%12,6,445.0,461.0,451.0,16.0
COc1ccc(-n2c(-c3ccc(-c4cncc5ccccc45)cc3)nc3c4ccccc4c4ccccc4c32)cc1,2,349.0,365.0,357.0,16.0
CCCCN1/C(=C\C=C\C=C\C2=[N+](CCCC)c3ccc4ccccc4c3C2(C)C)C(C)(C)c2c1ccc1ccccc21,8,679.0,695.0,684.5,16.0
CCCCn1cc(/C=C/c2cc(=O)oc3cc(C)ccc23)c2ccccc21,2,398.0,414.0,406.0,16.0
O=CC1=C(c2ccc(-c3cccs3)s2)CC1,6,380.0,396.0,387.5,16.0
F[B-]1(F)n2c(cc(-c3ccccc3)c2-c2ccccc2)C(c2ccccc2)=C2C=C(c3ccccc3)C(c3ccccc3)=[N+]21,4,576.0,592.0,585.0,16.0
O=C1c2cccc3c(-n4c5ccccc5c5ccccc54)ccc(c23)C(=O)N1c1ccccc1,4,403.0,419.0,406.5,16.0
CCC1(CC)c2cc(C=O)ccc2-c2ccc(N(C)C)cc21,7,379.0,395.0,388.0,16.0
CNc1cccc2c1C(=O)c1ccccc1-2,4,432.0,448.0,445.0,16.0
CN(C)c1cccc2c1C(=O)c1ccccc1-2,4,433.0,449.0,444.5,16.0
CN(C)c1ccc(C=C2Cc3ccccc3C2=O)cc1,3,411.0,427.0,413.0,16.0
CCCCCCCN1C(=CC2=C([O-])C(=CC3=[N+](CCCCCCC)c4ccccc4C3(C)C)C2=C(C#N)C#N)C(C)(C)c2ccccc21,4,673.0,689.0,683.0,16.0
O=C([O-])c1ccccc1C1=c2cc3c4c(c2Oc2c1cc1c5c2CCCN5CCC1)CCC[N+]=4CCC3,4,564.0,580.0,576.0,16.0
F[B-]1(F)n2cccc2C=C2c3ccccc3C(c3ccc[nH]3)=[N+]21,6,561.0,577.0,570.5,16.0
O=C(c1ccc(N(c2ccccc2)c2ccccc2)cc1)[C@H]1[C@H](c2cccs2)C[C@](O)(c2ccccn2)C[C@]1(O)c1ccccn1,7,358.0,374.0,368.0,16.0
O=C1C=C(Nc2ccccc2)C(=O)c2ccccc21,2,450.0,466.0,458.0,16.0
O=C1C=C(Nc2ccc(F)cc2)C(=O)c2ccccc21,2,445.0,461.0,453.0,16.0
O=C(O)c1c2ccccc2nc2ccccc12,12,354.0,370.0,362.0,16.0
N#Cc1ccc(Oc2ccc3c4c(cccc24)C(=O)N(CCO)C3=O)cc1,2,352.0,368.0,360.0,16.0
CCn1nc(-c2ccccc2)c2ccc3[o+]c(-c4ccccc4)c4ccc1c2c34.[O-][Cl+3]([O-])([O-])[O-],6,485.0,501.0,486.5,16.0
Cc1ccc(-n2c3ccccc3c3cc(C(=C(C#N)C#N)c4ccccc4)ccc32)cc1,8,442.0,458.0,446.0,16.0
Cc1ccc(-c2ccc(/C=C/c3cccn3C)cn2)nc1,10,372.0,388.0,382.0,16.0
CN(C)c1ccc(-c2nc3c(c4c2-c2ccc(C#N)cc2CC4)-c2ccc(C#N)cc2CC3)cc1,8,332.0,348.0,343.5,16.0
COc1ccc2c(c1)c1c(c3cc(OC)ccc32)=[N+]2C(=C(c3c(C)cc(C)cc3C)c3cc4c5cc(OC)ccc5c5ccc(OC)cc5c4n3[B-]2(F)F)C=1,5,666.0,682.0,676.0,16.0
CC(C)(C)c1ccc2c(c1)c1cc(C(C)(C)C)ccc1n2-c1ccc(S(=O)(=O)c2ccc(S(=O)(=O)c3ccc(-n4c5ccc(C(C)(C)C)cc5c5cc(C(C)(C)C)ccc54)cc3)cc2)cc1,2,347.0,363.0,355.0,16.0
CCc1c(C)[nH]c(C2=[N+]3C(=Cc4c(C)c(CC)c(C)n4[B-]3(F)F)c3ccccc32)c1C,6,620.0,636.0,629.0,16.0
COC(=O)c1ccc(C#Cc2ccc(N(C)C)cc2)cc1,16,354.4967918,370.4938683,361.1947066,15.997076499999991
COc1nc(Cl)nc(Nc2ccc3c4c(cccc24)C(=O)c2ccccc2-3)n1,11,404.040404,419.9916002000001,414.9377593,15.951196200000084
CCOC(=O)c1ccc(N)cc1,2,269.6601942,285.4368932,277.5485437,15.776699000000008
c1ccc2nc(-n3c4ccccc4c4ccccc43)c(-n3c4ccccc4c4ccccc43)nc2c1,2,404.0,419.7130712,411.85653560000003,15.713071200000002
CCCCCCC(CCCCCC)N1C(=O)c2cccc3c(-c4ccc(-c5ccc(OC)cc5)cc4)ccc(c23)C1=O,7,354.0,369.4,364.8,15.399999999999977
CCN1/C(=C\C2=C([O-])/C(=C/C3=[N+](CC)c4c(ccc5ccc(C)nc45)C3(C)C)C2=O)C(C)(C)c2ccc3ccc(C)nc3c21,9,671.0,686.0,681.0,15.0
COc1cccc(C2=CC3=C(c4c(C)cc(C)cc4C)c4cc(-c5cccc(OC)c5)c(-c5cccc(OC)c5)n4[B-](F)(F)[N+]3=C2c2cccc(OC)c2)c1,5,581.0,596.0,592.0,15.0
CN(C)c1ccc(-c2ccc(-c3nc(C#N)c(C#N)n3C)cc2)cc1,4,333.0,348.0,336.0,15.0
CSC1=C2C=C(c3cc4n(c3)[B-](F)(F)[N+]3=CC=CC3=C4c3c(C)cc(C)cc3C)C(C)=[N+]2[B-](F)(F)n2c(C)ccc21,5,592.0,607.0,598.0,15.0
CCOC(=O)COc1ccc(/C=C/C2=C3c4ccccc4C(c4ccc[nH]4)=[N+]3[B-](F)(F)n3ccc(C)c32)cc1,6,577.0,592.0,585.5,15.0
CCOC(=O)c1[nH]c(C)c(/C=C/C2=[N+]3C(=C(c4cc(OC)cc(OC)c4)c4c(C)c(I)c(/C=C/c5c(C)[nH]c(C(=O)OCC)c5C)n4[B-]3(F)F)C(C)=C2I)c1C,3,678.0,693.0,685.0,15.0
CCN1c2ccc(/C=N/Nc3ccccn3)cc2Sc2cc(-c3ccc(C#N)cc3)ccc21,4,383.0,398.0,387.0,15.0
CCCCCCCCC1(CCCCCCCC)c2cc(C#Cc3ccc(N(c4ccccc4)c4ccccc4)cc3)ccc2-c2ccc(C=O)cc21,11,373.0,388.0,381.0,15.0
CCOc1ccc2c(-c3nc(-c4cccc(Br)c4)no3)cc(=O)oc2c1,2,388.0,403.0,395.5,15.0
CN(C)C(=O)c1ccc(-c2nc3ccc(N(C)C)cc3s2)cc1,7,368.0,383.0,377.0,15.0
CCCCC(CC)Cn1c2ccccc2c2cc(-c3ccc4c(c3)-c3cc(-c5ccc6c(c5)c5ccccc5n6CC(CC)CCCC)ccc3S4(=O)=O)ccc21,2,340.0,355.0,347.5,15.0
O=C1OC(c2ccccc2)=N/C1=C\c1ccc(N(c2ccccc2)c2ccccc2)cc1,17,464.0,479.0,469.0,15.0
CN(C)c1cccc2c1C(=O)c1ccccc1C2=O,6,487.0,502.0,487.5,15.0
O=C(O)c1ccccc1Nc1cccc(C(F)(F)F)c1,8,340.0,355.0,344.5,15.0
COC(=O)C(NC(=O)OC(C)(C)C)c1ccc2oc(-c3cc(OC)c(OC)c(OC)c3)nc2c1,3,312.0,327.0,313.0,15.0
CCCCCCCc1ccc(C2=[N+]3C(=C4c5cc(OCC(CC)CC)c(-c6ccc(CCCCCCC)o6)n5[B-](F)(F)[n+]5nnn(c54)[B-]3(F)F)C=C2OCC(CC)CC)o1,2,811.0,826.0,818.5,15.0
CCCCN1C(=S)c2cccc3c(OC)ccc(c23)C1=S,3,468.0,483.0,476.0,15.0
CCN(CC)c1ccc(-c2nc3c(c4c2-c2ccccc2CC4)-c2ccccc2CC3)cc1,8,346.0,361.0,357.0,15.0
CCN(CC)c1ccc(/C=C/c2cc(/C=C/c3ccc(N(CC)CC)cc3)nc(N)n2)cc1,2,418.0,433.0,425.5,15.0
c1ccc(N2c3ccc4ccccc4c3-c3c4ccccc4nc[n+]3[B-]2(c2ccccc2)c2ccccc2)cc1,10,527.0,542.0,536.0,15.0
COC(=O)C(NC(=O)OC(C)(C)C)c1ccc2oc(-c3ccc(F)cc3)nc2c1,3,302.0,317.0,314.0,15.0
N#Cc1cccc(C#N)c1N,4,332.0,347.0,343.5,15.0
Oc1c(-c2nc3c4ccc(-c5ccccc5)cc4c4cc(-c5ccccc5)ccc4c3[nH]2)cc2c3c1CCCN3CCC2,7,366.0,381.0,371.0,15.0
CC1=C2c3ccccc3C(c3[nH]c(C)cc3C)=[N+]2[B-](F)(F)n2c(C)cc(C)c21,6,590.0,605.0,599.0,15.0
CC(C)(C)c1ccc(C2=CC3=C(c4ccccc4)c4cc(-c5ccc(C(C)(C)C)cc5)c(-c5ccc(C(C)(C)C)cc5)n4[B-](F)(F)[N+]3=C2c2ccc(C(C)(C)C)cc2)cc1,5,590.0,605.0,601.0,15.0
C=CCOc1ccc(-c2nc3cc(C(NC(=O)OC(C)(C)C)C(=O)OC)ccc3o2)cc1,3,309.0,324.0,309.0,15.0
Cc1cc(C)c(C2=[N+]3C(=Cc4c(C)cc(C)n4[B-]3(F)F)c3ccccc32)[nH]1,6,601.0,616.0,609.0,15.0
CC1(C)CC(/C=C/c2cn(-c3ccccc3)nc2-c2ccccc2)=CC(=C(C#N)C#N)C1,10,417.0,432.0,422.5,15.0
CC[n+]1c(C=C2C(=O)C(C=C3N(C)c4ccccc4C3(C)C)=C2[O-])sc2ccccc21,3,635.0,650.0,649.0,15.0
CCc1c(C)[nH]c(C2=[N+]3C(=C(C)c4c(C)c(CC)c(C)n4[B-]3(F)F)c3ccccc32)c1C,6,610.0,625.0,618.5,15.0
c1ccc2c(-c3ccc(-c4nc5c6ccccc6c6ccccc6c5[nH]4)cc3)cncc2c1,2,355.0,370.0,362.5,15.0
CC[N+](CC)=c1ccc2cc3c(oc-2c1)-c1ccc(N(C)C)cc1CC3,3,604.0,619.0,612.0,15.0
CC[n+]1c(C=C2C(=O)C(C=C3N(C)c4ccccc4C3(C)C)=C2[O-])[se]c2ccccc21,3,643.0,658.0,657.0,15.0
CC[n+]1c(C=C2C(=O)C(C=C3N(C)c4ccc(Cl)cc4C3(C)C)=C2[O-])[se]c2ccccc21,3,644.0,659.0,655.0,15.0
CC(C)(C)c1cc2ccc3cc(C(C)(C)C)cc4c3c2c(c1)c(=O)n1c4nc2c3ccccc3c3ccccc3c21,12,354.0,369.0,366.5,15.0
COc1ccc2c3c(c4ccc(OC)cc4c2c1)=[N+]1C(=C(c2c(C)cc(C)cc2C)c2cc4c5ccc(OC)cc5c5cc(OC)ccc5c4n2[B-]1(F)F)C=3,5,660.0,675.0,669.0,15.0
Cc1ccc2ccc3c(c2n1)N/C(=C\C1=C([O-])/C(=C/C2=[NH+]c4c(ccc5ccc(C)nc45)C2(C)C)C1=O)C3(C)C,9,679.0,694.0,689.0,15.0
Cc1cccc(Nc2ccccc2C(=O)O)c1C,8,345.0,360.0,351.5,15.0
O=S(=O)(c1ccc(-c2ccc3c(c2)c2ccccc2n3-c2ccccc2)cc1)c1ccc(-c2ccc3c(c2)c2ccccc2n3-c2ccccc2)cc1,2,332.0,347.0,339.5,15.0
Cn1c(=O)c(/N=N/c2ccc(Nc3ccc([N+](=O)[O-])cc3S(=O)(=O)O)cc2)c(O)c2ccccc21,8,475.0,490.0,484.5,15.0
CC1=C2c3ccccc3C(c3ccc[nH]3)=[N+]2[B-](F)(F)n2cccc21,6,555.0,570.0,563.5,15.0
CC1(C)CC(NCc2ccc3ccc4cccc5ccc2c3c45)CC(C)(C)N1,4,374.0,389.0,374.0,15.0
COc1ccc(C(=O)/C=C2\C(=O)Nc3ccccc32)c(OC)c1,12,328.0,343.0,335.0,15.0
COc1ccc(/C=C/C(=O)c2ccccc2O)cc1OC,10,350.0,365.0,356.0,15.0
Cn1c(=O)c(/N=N/c2cc(S(=O)(=O)O)ccc2C(=O)O)c(O)c2ccccc21,8,406.0,421.0,412.5,15.0
F[B-]1(F)n2c(cc(-c3cccs3)c2-c2ccccc2)C(c2ccccc2)=C2C=C(c3cccs3)C(c3ccccc3)=[N+]21,3,613.0,628.0,620.0,15.0
CN1/C(=C/C=C(/C=C/c2sc3ccccc3[n+]2C)c2ccc(F)cc2)Sc2ccccc21,4,641.0,656.0,647.0,15.0
Nc1nc(/C=C/c2ccc(N(c3ccccc3)c3ccccc3)cc2)cc(/C=C/c2ccc(N(c3ccccc3)c3ccccc3)cc2)n1,2,417.0,432.0,424.5,15.0
CCCC(=O)c1c2c(c(C(=O)CCC)c3c1OC(CC(=O)OC)(C(=O)OC)O3)OCO2,5,413.0,428.0,425.0,15.0
CCCCCCc1ccc2c3c(ccc2c1)O[B-](F)(F)[N+](c1cc([N+]2=Cc4c(ccc5cc(CCCCCC)ccc45)O[B-]2(F)F)cc([N+]2=Cc4c(ccc5cc(CCCCCC)ccc45)O[B-]2(F)F)c1)=C3,4,418.0,433.0,423.5,15.0
c1ccc(-c2nc(-c3ccccc3)nc(-c3ccc(N4c5ccccc5C5(c6ccccc64)c4ccccc4N(c4ccc(-c6nc(-c7ccccc7)nc(-c7ccccc7)n6)cc4)c4ccccc45)cc3)n2)cc1,2,385.1973684,400.0,392.5986842,14.802631599999984
COC(=O)C(Cc1ccc2oc(-c3ccc4c(c3)c3ccccc3n4-c3ccccc3)nc2c1)NC(=O)OC(C)(C)C,36,324.4014793,338.9026333,327.3483221,14.501153999999985
Fc1ccc(-c2nc3n(c2-c2ccncc2)CCS3)cc1,18,319.0,333.5,328.0,14.5
N#CC(C#N)=C(c1cccc(N(c2ccccc2)c2ccccc2)c1)c1cccc(N(c2ccccc2)c2ccccc2)c1,5,367.6948052,382.14285710000007,374.8376623,14.448051900000053
O=S1(=O)c2ccccc2Oc2cc(N3c4ccccc4C4(c5ccccc53)c3ccccc3N(c3ccc5c(c3)Oc3ccccc3S5(=O)=O)c3ccccc34)ccc21,2,359.8885794,374.1776316,367.03310550000003,14.289052199999958
N#CC(C#N)=C(c1ccc(N(c2ccccc2)c2ccccc2)cc1)c1ccc(N(c2ccccc2)c2ccccc2)cc1,5,367.2077922,381.4935065,374.025974,14.285714300000052
CCCCCCC(CCCCCC)N1C(=O)c2cccc3c(-c4ccc([Si](C)(C)C)cc4)ccc(c23)C1=O,7,343.4,357.6,355.0,14.200000000000045
CCCCC(CC)Cn1c2ccc(C(=C(C#N)C#N)c3ccccc3)cc2c2c(-c3ccc(Br)cc3)c3c(c(-c4ccc(Br)cc4)c21)c1cc(C(=C(C#N)C#N)c2ccccc2)ccc1n3CC(CC)CCCC,8,457.0,471.0,461.0,14.0
N#Cc1ccc(/C=C/C=C/C2=NC3C(=O)NC(N)=NC3N2[C@H]2C[C@H](O)[C@@H](CO)O2)cc1,3,381.0,395.0,387.0,14.0
CCCCCCN(CCCCCC)c1ccc(C#Cc2ccc([N+](=O)[O-])cc2)cc1,2,417.0,431.0,424.0,14.0
CNc1cccc2c1C(=O)c1ccccc1C2=O,7,487.0,501.0,488.0,14.0
CCCCCCc1ccc2c3c(ccc2c1)O[B-](F)(F)[N+](c1ccc([N+]2=Cc4c(ccc5cc(CCCCCC)ccc45)O[B-]2(F)F)cc1)=C3,4,422.0,436.0,427.5,14.0
Fc1ccc(C2=C(c3ccc(F)cc3)c3cccc4c3c(cc3nc5ccccc5nc34)O2)cc1,2,490.0,504.0,497.0,14.0
CN1/C(=C/C=C(/C=C/c2sc3ccccc3[n+]2C)c2cccc(C(F)(F)F)c2)Sc2ccccc21,4,639.0,653.0,643.5,14.0
Fc1c(F)c(F)c2c(c1F)C1=Nc3c4c(F)c(F)c(F)c(F)c4c4n3[B-]3(Cl)n5c(c6c(F)c(F)c(F)c(F)c6c5=N4)=NC2=[N+]13,17,564.0,578.0,572.0,14.0
O=C(c1ccc(N(c2ccccc2)c2ccccc2)cc1)[C@H]1[C@H](c2ccccc2)C[C@](O)(c2ccccn2)C[C@]1(O)c1ccccn1,7,358.0,372.0,368.0,14.0
CCCCCCCCCCCCCCCCCCC1=[N+]2C(=C(NCCS(=O)(=O)[O-])c3ccc(CCCCCCCCCCCCCCCCCC)n3[B-]2(F)F)C=C1.[Na+],12,415.0,429.0,422.5,14.0
CCNc1cc2c(cc1C)C(c1ccccc1C(=O)O)=C1CCCC(/C=C/C3=[N+](C)c4ccccc4C3(C)C)=C1O2,4,688.0,702.0,693.0,14.0
CCN(CC)c1ccc2cc(-c3csc(NC(C)=O)c3C#N)c(=O)oc2c1,5,394.0,408.0,402.0,14.0
CN(C)c1ccc(-c2nc3cnccc3[nH]2)cc1,11,327.0,341.0,335.0,14.0
CCOC(=O)C1c2cc(Cl)ccc2C(=O)N1c1ccc(OC)c(OC)c1,4,294.0,308.0,297.5,14.0
CCN(CC)c1ccc2c(-c3ccc(S(=O)(=O)[O-])cc3S(=O)(=O)[O-])c3ccc(=[N+](CC)CC)cc-3oc2c1,4,548.0,562.0,552.0,14.0
CN(C)c1ccc(-c2cc3ccc([N+](=O)[O-])cc3c(=O)o2)cc1,6,442.0,456.0,447.0,14.0
c1ccc(C2=C(c3ccccc3)c3cccc4c3c(cc3nc5ccccc5nc34)O2)cc1,2,494.0,508.0,501.0,14.0
Cc1cc(C)c(C2=C3C=C(c4ccc(C(C)(C)C)cc4)C(c4ccc(C(C)(C)C)cc4)=[N+]3[B-](F)(F)n3c2cc(-c2ccc(C(C)(C)C)cc2)c3-c2ccc(C(C)(C)C)cc2)c(C)c1,5,592.0,606.0,602.0,14.0
c1ccc(C2=C(c3ccccc3)c3cccc4c3c(cc3nc5cc(-c6ccccc6)c(-c6ccccc6)cc5nc34)O2)cc1,2,507.0,521.0,514.0,14.0
CCN(CC)c1ccc(/C=N/CC/N=C/c2ccc(N(CC)CC)cc2O)c(O)c1,3,339.0,353.0,344.0,14.0
CCN(CC)c1ccc(/N=N/c2cc3c(=O)[nH][nH]c(=O)c3cc2[N+](=O)[O-])c(NC(C)=O)c1,3,518.0,532.0,519.0,14.0
N#CSC1=CC2=C(c3ccccc3)c3cc(SC#N)c(N4CCOCC4)n3[B-](F)(F)[N+]2=C1N1CCOCC1,5,585.0,599.0,593.0,14.0
O=C([O-])c1ccccc1-c1c2cc(Br)c(=O)c(Br)c-2oc2c(Br)c([O-])c(Br)cc12,4,515.0,529.0,524.5,14.0
O=C(c1ccc(C(=C(c2ccccc2)c2ccccc2)c2ccccc2)cc1)c1ccc(-n2c3ccccc3c3ccccc32)cc1,2,340.0,354.0,347.0,14.0
O=C(c1ccc(C(=C(c2ccc(C(=O)c3ccc(-n4c5ccccc5c5ccccc54)cc3)cc2)c2ccc(C(=O)c3ccc(-n4c5ccccc5c5ccccc54)cc3)cc2)c2ccccc2)cc1)c1ccc(-n2c3ccccc3c3ccccc32)cc1,2,340.0,354.0,347.0,14.0
CCNc1cc2c(cc1C)C(c1ccccc1C(=O)O)=C1CCCC(/C=C/C3=[N+](C)c4ccc5ccccc5c4C3(C)C)=C1O2,4,708.0,722.0,713.0,14.0
F[B-]1(F)n2c(cc(Cl)c2-c2ccccc2)C(c2ccccc2)=C2C=C(Cl)C(c3ccccc3)=[N+]21,3,558.0,572.0,566.0,14.0
COc1ccc(C2=C(c3ccc(OC)cc3)c3cccc4c3c(cc3nc5ccccc5nc34)O2)cc1,2,500.0,514.0,507.0,14.0
CN(C)c1ccc(-c2cc(-c3ccc4ccccc4c3)nc(-c3ccccc3)n2)cc1,3,368.0,382.0,379.0,14.0
Cc1ccc(C2=[N+]3C(=Cc4ccc(C)n4[B-]3(F)F)c3ccccc32)[nH]1,6,592.0,606.0,599.5,14.0
O=[N+]([O-])c1ccc[nH]1,2,336.0,350.0,343.0,14.0
CC1(C)[C@@H]2CC[C@]1(C)c1nc3cc(-c4cccs4)ccc3nc12,9,344.0,358.0,346.0,14.0
CC1(C)CC(=O)c2c(F)c(C(F)(F)F)c(F)c(F)c2N1,2,347.0,361.0,354.0,14.0
O=S1(=O)C2=C(c3ccc(-c4ccc(N(c5ccccc5)c5ccccc5)cc4)cc31)C1(C3=C(c4ccccc41)S(=O)(=O)c1cc(-c4ccc(N(c5ccccc5)c5ccccc5)cc4)ccc13)c1ccccc12,5,424.0,438.0,431.0,14.0
COc1c(-c2ccc(N(C)C)cc2)oc2ccccc2c1=O,3,361.0,375.0,372.0,14.0
O=C1OC(=O)c2cc(Oc3ccccc3)c3c4ccc5c6c(cc(Oc7ccccc7)c(c7ccc1c2c73)c64)C(=O)OC5=O,3,516.0,530.0,529.0,14.0
F[B-]1(F)n2c(Nc3cccc4cccnc34)ccc2C(c2ccccc2)=C2C=CC(Cl)=[N+]21,4,547.0,561.0,557.5,14.0
CCC1=C(C)C(=O)n2c1cc1c(C)cc(C)n1c2=O,6,409.0,423.0,420.0,14.0
Cn1c(=O)c(/N=N/c2ccc(S(=O)(=O)O)c3ccccc23)c(O)c2ccccc21,8,456.0,470.0,467.0,14.0
O=Cc1ccc(C2=C3C=c4c(oc5ccccc45)=[N+]3[B-](F)(F)n3c2cc2c4ccccc4oc23)cc1,8,583.0,597.0,589.0,14.0
O=Cc1ccc(C=C(c2ccccc2)c2ccccc2)cc1,2,333.0,347.0,340.0,14.0
O=P(c1ccc(N2c3ccccc3Oc3ccccc32)cc1)(c1ccc(N2c3ccccc3Oc3ccccc32)cc1)c1ccc(N2c3ccccc3Oc3ccccc32)cc1,2,371.0,385.0,378.0,14.0
O=S(=O)(c1cccc(N2c3ccccc3Oc3ccccc32)c1)c1cccc(N2c3ccccc3Oc3ccccc32)c1,4,308.0,322.0,316.0,14.0
c1ccc(-c2ccc(-c3ccc(N(c4ccccc4)c4ccccc4)cc3)c3nsnc23)cc1,4,424.0,438.0,436.0,14.0
C=CCOc1nnc(OCCC(F)(F)C(F)(F)C(F)(F)C(F)(F)C(F)(F)C(F)(F)C(F)(F)C(F)(F)F)nn1,2,512.0,526.0,519.0,14.0
Cc1cc(C)c(C2=C3C=C(c4ccccc4)C(c4ccccc4)=[N+]3[B-](F)(F)n3c2cc(-c2ccccc2)c3-c2ccccc2)c(C)c1,5,578.0,592.0,587.0,14.0
COc1ccc(/C=C/C2=[O+][B-](F)(F)OC(/C=C/c3ccc(OC)cc3)=C2c2ccccc2)cc1,6,491.0,505.0,498.0,14.0
COc1ccc2c(c1)C(=O)c1cc(OC)cc(OC)c1-2,3,478.0,492.0,491.0,14.0
COc1ccc(/C=C/c2ccc(-c3nnc(-c4ccc(-c5cc6ccccc6s5)cc4)o3)cc2)cc1,10,337.0,351.0,345.5,14.0
CC(C)CCCCN1CCc2c1ccc1c3c(ccc21)C(=O)CCC3,10,362.0,376.0,370.0,14.0
Cc1cc(C)c(C2=C3C=c4c(c5ccccc5c5ccccc45)=[N+]3[B-](F)(F)n3c2cc2c4ccccc4c4ccccc4c23)c(C)c1,5,666.0,680.0,673.0,14.0
C(=C/c1cnccn1)\c1ccc(N(c2ccccc2)c2ccccc2)cc1,5,386.0,400.0,393.0,14.0
Cc1cc(=O)oc2cc3cc(O)ccc3cc12,2,343.0,357.0,350.0,14.0
C=CCOc1nnc(OCCC(F)(F)C(F)(F)C(F)(F)C(F)(F)C(F)(F)C(F)(F)F)nn1,2,512.0,526.0,519.0,14.0
C(=C/c1ccncn1)\c1ccc(N2CCCCC2)cc1,5,375.0,389.0,381.0,14.0
CCc1ccc(-c2ccc(-c3nnc(-c4ccc(-c5nnc(-c6ccc(-c7ccc(CC)cc7)s6)o5)cc4)o3)s2)cc1,11,334.0,348.0,345.0,14.0
CCc1ccc(/C=N/c2cc(C(C)C)c(O)cc2C)cc1,17,340.0,354.0,346.0,14.0
CCn1c2ccccc2c2cc(/C=C/c3cccc[n+]3CCCS(=O)(=O)[O-])ccc21,4,423.0,437.0,424.5,14.0
CC[N+](CC)=c1ccc2cc3oc4cc(N)ccc4c3oc-2c1,3,583.0,597.0,588.0,14.0
CC(=O)Nc1ccc2c3c(cccc13)C(=O)c1ccccc1-2,11,411.01520760000005,424.98937530000006,418.9359028,13.97416770000001
CCC1(CC)c2cc(/C=C/c3cc(Br)c(/C=C/c4ccc5c(c4)C(CC)(CC)c4cc(N6c7ccccc7Sc7ccccc76)ccc4-5)cc3Br)ccc2-c2ccc(N3c4ccccc4Sc4ccccc43)cc21,5,426.0,439.9145299,435.8119658,13.914529899999991
CCCCCCC(CCCCCC)N1C(=O)c2cccc3c(-c4ccc(OC)cc4)ccc(c23)C1=O,7,354.2,368.0,364.8,13.800000000000011
CCCCN(CCCC)c1ccc(/C=C/c2ccc(-c3ccc(/C=C/c4ccc(N(CCCC)CCCC)cc4)cc3)cc2)cc1,2,399.3,412.9,406.1,13.599999999999966
c1ccc(N(c2ccccc2)c2ccc3ccc4c(N(c5ccccc5)c5ccccc5)ccc5ccc2c3c54)cc1,3,423.0,436.2740266,426.0,13.274026600000013
CCCCCCC(CCCCCC)N1C(=O)c2cccc3c(-c4ccccc4)ccc(c23)C1=O,7,342.2,355.4,353.4,13.199999999999989
CN(C)c1ccc2nc3c(cc2c1)c(-c1ccccc1)nn3-c1ccccc1,7,439.56043960000005,452.6935265,449.2362983,13.133086899999967
Brc1ccc(C2=C(c3ccc(Br)cc3)c3cccc4c3c(cc3nc5ccccc5nc34)O2)cc1,2,488.0,501.0,494.5,13.0
CCNc1cc2oc(=O)c3c(=O)oc4ccccc4c3c2cc1C,2,441.0,454.0,447.5,13.0
CC(C)[Si]1(C(C)C)c2cc(N(C)C)ccc2-c2ccc(C(F)(F)F)cc21,7,331.0,344.0,337.0,13.0
Cc1ccc(-n2c3ccccc3c3cc(C=C(C#N)C#N)ccc32)cc1,8,400.0,413.0,404.0,13.0
c1cc(N2CCCC2)ccn1,7,280.0,293.0,285.0,13.0
Cc1ccc(-c2nnc(-c3ccc4ccc5cccc6ccc3c4c56)o2)cc1,7,390.0,403.0,392.0,13.0
O=c1c2ccccc2n2c3ccccc3c(=O)c3cc(-c4ccccc4)cc1c32,6,437.0,450.0,444.3824273,13.0
COc1ccc(N2C(=O)c3ccccc3NC2C(C)(C)C)cc1,4,342.0,355.0,346.0,13.0
O=c1oc2ccccc2cc1-c1ccc([N+](=O)[O-])cc1,4,331.0,344.0,338.5,13.0
CC(C)(C)c1ccc2c(c1)c1cc(C(C)(C)C)ccc1n2-c1ccc2oc3nc4oc5ccc(C(F)(F)F)cc5c4cc3c2c1,7,336.0,349.0,343.0,13.0
C#CCn1c2ccccc2c2cc(/C=C/C3=[N+]4C(=C(c5ccc(I)cc5)c5c(C)cc(/C=C/c6ccc7c(c6)c6ccccc6n7CC#C)n5[B-]4(F)F)C(C)=C3)ccc21,3,665.0,678.0,674.0,13.0
Cc1cc(C)nc(N)n1,3,284.0,297.0,296.0,13.0
COc1cccc2c1oc(=O)c1c(=O)oc3cc(O)ccc3c12,2,365.0,378.0,371.5,13.0
CC(C)(C)c1ccc(-n2c(-c3ccc(-c4ccc(N(c5ccccc5)c5ccccc5)cc4)s3)nc3c4ccccc4c4ccccc4c32)cc1,2,356.0,369.0,362.5,13.0
Cc1cc(O)c(C(=O)/C=C/c2ccccc2[N+](=O)[O-])c(=O)o1,2,352.0,365.0,358.5,13.0
CC(C)(C)c1cc2ccc3cccc4c3c2c(c1)c1nc2c3cc(C(C)(C)C)cc5ccc6cccc(c(=O)n2c41)c6c53,12,382.0,395.0,391.5,13.0
CCn1c2ccccc2c2cc(/C=C3\C(=O)c4ccccc4S3(=O)=O)ccc21,11,441.0,454.0,446.0,13.0
O=Cc1ccc(Oc2ccc3c4c(cccc24)C(=O)N(CCO)C3=O)cc1,2,355.0,368.0,361.5,13.0
Cc1ccc(C2=C(c3ccc(C)cc3)c3cccc4c3c(cc3nc5ccccc5nc34)O2)cc1,2,498.0,511.0,504.5,13.0
O=[N+]([O-])c1ccc(/C=C/C=C/c2ccccc2)cc1,6,370.0,383.0,376.5,13.0
COc1ccc(-c2nc(N)nc(C#N)c2C#N)cc1OC,6,346.0,359.0,349.0,13.0
O=P(c1ccccc1)(c1ccccc1)c1ccc(N2c3ccccc3Oc3ccccc32)cc1,2,368.0,381.0,374.5,13.0
CN(C)c1ccc(C2=Cc3cccc[n+]3[B-](F)(F)O2)cc1,10,413.0,426.0,417.0,13.0
CN(C)c1ccc(C(=Cc2ccc(/C=C(\C#N)c3ccccc3)cc2)c2ccc(N(C)C)cc2)cc1,2,436.0,449.0,442.5,13.0
CN(C)c1ccc(C#Cc2ccc(C#Cc3ccc(C#Cc4ccccc4C#N)cc3C#N)cc2C#N)cc1,5,413.0,426.0,425.0,13.0
CCCCCCCN1C(=CC2=C([O-])C(=Cc3sc4ccccc4[n+]3CCCCCCC)C2=C(C#N)C#N)Sc2ccccc21,4,696.0,709.0,700.0,13.0
CN(C)c1ccc2nc(-c3ccc(C(=O)Nc4ccccc4)cc3)sc2c1,7,383.0,396.0,389.0,13.0
CCCCCCCCCCCn1cccc1C1=[N+]2C(=Cc3c(C)cc(C)n3[B-]2(F)F)c2ccccc21,6,577.0,590.0,583.5,13.0
CN1C(C(=O)Nc2ccccn2)=C(O)c2sccc2S1(=O)=O,7,342.0,355.0,350.0,13.0
CN(C)c1ccc2c(c1)Cc1ccccc1-2,7,303.0,316.0,310.0,13.0
CN1/C(=C/C=C(/C=C/c2sc3ccccc3[n+]2C)c2cc(F)cc(F)c2)Sc2ccccc21,4,638.0,651.0,642.5,13.0
CCCCCCCN1C(=CC2=C([O-])C(=CC3=[N+](CCCCCCC)c4ccccc4C3(C)C)C2=C(C#N)C#N)Sc2ccccc21,4,681.0,694.0,685.5,13.0
CN1/C(=C/C=C(/C=C/c2sc3ccccc3[n+]2C)c2ccc(C(F)(F)F)cc2)Sc2ccccc21,4,639.0,652.0,644.5,13.0
CCCCCCc1ccc2c3c(ccc2c1)O[B-](c1ccccc1)(c1ccccc1)[N+](c1cc([N+]2=Cc4c(ccc5cc(CCCCCC)ccc45)O[B-]2(c2ccccc2)c2ccccc2)cc([N+]2=Cc4c(ccc5cc(CCCCCC)ccc45)O[B-]2(c2ccccc2)c2ccccc2)c1)=C3,4,440.0,453.0,447.5,13.0
CC1CC=C(c2ccc(-c3ccc(C=O)s3)s2)CC1,6,382.0,395.0,388.5,13.0
Cn1c(=O)c(/N=N/c2ccc(/N=N/c3ccc(S(=O)(=O)O)cc3)cc2)c(O)c2ccccc21,8,447.0,460.0,453.5,13.0
CCC(CC)COC1=CC2=C3c4cc(OCC(CC)CC)c(-c5ccccc5)n4[B-](F)(F)[n+]4nnn(c43)[B-](F)(F)[N+]2=C1c1ccccc1,3,687.0,700.0,691.0,13.0
COc1cc(N(c2ccccc2)c2ccccc2)ccc1C=C(C#N)C#N,9,436.0,449.0,442.0,13.0
COc1cc2c(cc1/C=C(\C#N)c1nc3ccccc3s1)c1ccccc1n2C,9,430.0,443.0,434.0,13.0
N#CC(C#N)=Cc1ccc2c(c1)c1ccccc1n2-c1cc2ccccc2c2ccccc12,4,393.0,406.0,398.5,13.0
N#CC(C#N)=Cc1cn(-c2ccccc2)nc1-c1ccc([N+](=O)[O-])cc1,9,343.0,356.0,346.0,13.0
O=P1(c2ccccc2)C(c2ccc(N(c3ccccc3)c3ccccc3)cc2)=Cc2cc3ccccc3cc21,6,404.0,417.0,409.5,13.0
CC1=C(Cc2ccccc2)C(C)=[N+]2C1=C(C)c1c(C)c(-c3csc(N4CCOCC4)n3)c(C)n1[B-]2(F)F,12,514.0,527.0,522.5,13.0
CCOC(=O)/C(C#N)=C/c1cc2c3ccccc3n(C)c2cc1OC,9,406.0,419.0,412.0,13.0
CN(C)c1ccc(-c2nc3c(c4c2-c2ccccc2CC4)-c2ccccc2CC3)cc1,8,338.0,351.0,346.5,13.0
COc1ccc(/C=C/C2=CC(/C=C/c3ccc(OC)cc3)=[O+][B-](F)(F)O2)cc1,6,475.0,488.0,481.5,13.0
CCN(CC)c1ccc2c(-c3ccccc3C(=O)O)c3c([o+]c2c1)/C(=C/Nc1ccccc1)CCC3,3,595.0,608.0,607.0,13.0
COc1ccc(C2=Nc3sc(-c4ccccc4)n[n+]3[B-](F)(F)O2)cc1,2,356.0,369.0,362.5,13.0
O=c1c2ccccc2[nH]c2ccccc12,2,385.0,398.0,391.5,13.0
CCC1=C(C)C2=C(C)c3c(C)c(-c4csc(N5CCOCC5)n4)c(C)n3[B-](F)(F)[N+]2=C1C,12,514.0,527.0,521.5,13.0
O=Cc1ccc(-c2ccc(C3=CCC(c4ccccc4)CC3)s2)s1,6,380.0,393.0,387.0,13.0
CCCCCCc1ccsc1-c1ccc(-c2sc(C(=O)O)cc2CCCCCC)s1,6,352.0,365.0,359.0,13.0
CN1/C(=C/C=C(/C=C/C2=[N+](C)c3ccccc3C2(C)C)c2cc(F)cc(F)c2)C(C)(C)c2ccccc21,4,631.0,644.0,634.5,13.0
N#CC1=c2c3cccc4c(Br)ccc(c43)n2[B-](F)(F)[n+]2ccccc21,5,516.0,529.0,524.0,13.0
CCCCN(CCCC)c1ccc(/C=C/c2ccc3nc(/C=C/c4ccc(N(C)C)cc4)c(=O)n(CCC)c3c2)cc1,3,481.0,494.0,488.0,13.0
O=C1/C(=C\c2ccc3oc4ccccc4c3c2)S(=O)(=O)c2ccccc21,11,365.0,378.0,368.0,13.0
CCCCCCOc1cc(C=C2C(=C(C#N)C#N)c3ccccc3C2=C(C#N)C#N)c(OCCCCCC)cc1C=C1C(=C(C#N)C#N)c2ccccc2C1=C(C#N)C#N,2,542.0,555.0,548.5,13.0
c1ccc(-c2nc3c(ccc4[nH]ccc43)o2)cc1,6,320.0,333.0,323.5,13.0
C#CCn1c2ccccc2c2cc(/C=C/c3c(Cl)c(C)c4n3[B-](F)(F)[N+]3=C(C)C(Cl)=C(C)C3=C4c3ccc(I)cc3)ccc21,3,606.0,619.0,616.0,13.0
C(=C/c1nc2ccccc2[nH]1)\c1ccc(/C=C/c2nc3ccccc3[nH]2)cc1,6,382.0,395.0,389.5,13.0
C(=C/c1nc(/C=C/c2ccc(-n3c4ccccc4c4ccccc43)cc2)nc(/C=C/c2ccc(-n3c4ccccc4c4ccccc43)cc2)n1)\c1ccc(-n2c3ccccc3c3ccccc32)cc1,4,376.0,389.0,382.0,13.0
CCCCCCCCCc1csc2cc(-c3cc(-c4cc5scc(CCCCCCCCC)c5s4)c4ccc5c(-c6cc7scc(CCCCCCCCC)c7s6)cc(-c6cc7scc(CCCCCCCCC)c7s6)c6ccc3c4c65)sc12,2,429.0,442.0,435.5,13.0
O=C([O-])c1c(Cl)c(Cl)c(Cl)c(Cl)c1-c1c2cc(I)c(=O)c(I)c-2oc2c(I)c([O-])c(I)cc12,4,548.0,561.0,557.0,13.0
CCC1=C(C)C2=Cc3c4ccccc4c4n3[B-](c3ccncc3)(Oc3ccccc3-4)[N+]2=C1C=Cc1ccc(OC)cc1,4,690.0,703.0,698.5,13.0
CCCCCCCCCCCCC(CCCCCCCCCC)Cn1c2cc(C=C(C#N)C#N)c3cccc4c5cccc6c(C=C(C#N)C#N)cc1c(c65)c2c34,4,571.0,584.0,577.5,13.0
O=C(O)c1cc2c(ccc3ccccc32)oc1=O,6,363.0,376.0,372.0,13.0
CSc1sc(C(=O)c2ccccc2)c2nn[nH]c(=O)c12,6,396.0,409.0,400.0,13.0
c1ccc(-c2nc(-c3ccc(-c4nc(-c5ccccc5)c(-c5ccccc5)[nH]4)s3)[nH]c2-c2ccccc2)cc1,8,382.0000764,394.99575385,385.00009625,12.995677450000017
c1ccc2c(c1)c1ccccc1n2-c1ccc(-c2ccc(-c3ccc(-n4c5ccccc5c5ccccc54)nc3-n3c4ccccc4c4ccccc43)nn2)c(-n2c3ccccc3c3ccccc32)n1,4,336.0,348.9241803000001,344.5,12.924180300000103
CCCCCCC(CCCCCC)N1C(=O)c2cccc3c(-c4ccc(C#N)cc4)ccc(c23)C1=O,7,355.6,367.8,365.8,12.199999999999989
Cc1ccc(C2=C3C=C(I)C(I)=[N+]3[B-](F)(F)n3c2cc(I)c3I)cc1,6,569.0,581.0,574.0,12.0
CC1=C(C#Cc2ccccc2)C(C)=[N+]2C1=C(c1ccccc1)c1c(C)c(C#Cc3ccccc3)c(C)n1[B-]2(F)F,2,561.0,573.0,567.0,12.0
CCOC(=O)/C(C#N)=C\c1ccc2c(c1)c1ccccc1n2-c1ccc(C)cc1,8,388.0,400.0,390.5,12.0
O=[N+]([O-])c1ccc(F)cc1C1CC(c2cccc3ccccc23)=NN1c1ccccc1,11,363.0,375.0,370.0,12.0
COc1ccc(/C=N/c2cc(C(C)C)c(O)cc2C)cc1,17,335.0,347.0,343.0,12.0
CC1(C)CC(=O)c2ccc(F)cc2N1,2,356.0,368.0,362.0,12.0
CN(C)c1ccc(/C=C/c2ccc(-c3cc(-c4ccccn4)nc(-c4ccccn4)c3)cc2)cc1,5,369.0,381.0,379.0,12.0
CC1(C)CC(/C=C/c2cn(-c3ccccc3)nc2-c2ccc([N+](=O)[O-])cc2)=CC(=C(C#N)C#N)C1,9,410.0,422.0,414.0,12.0
CC(C)[Si](C#Cc1c2nsnc2c(C#C[Si](C(C)C)(C(C)C)C(C)C)c2nc3c(nc12)C1c2ccccc2C3c2ccccc21)(C(C)C)C(C)C,2,511.0,523.0,517.0,12.0
CC1(C)C2=C(c3ccc(N(c4ccccc4)c4ccccc4)cc31)P(=O)(c1ccccc1)c1ccccc12,3,412.0,424.0,418.0,12.0
COc1ccc2c(c1)C(=O)c1ccccc1-2,3,421.0,433.0,432.0,12.0
CN(C)c1ccc(C2=Cc3c4ccccc4c4ccccc4[n+]3[B-](F)(F)O2)cc1,10,472.0,484.0,476.5,12.0
CC1(C)CC(=O)c2cc(F)c(F)cc2N1,2,369.0,381.0,375.0,12.0
CN(C)c1ccc(C2=C(c3ccccc3)c3sc4ccccc4[n+]3[B-](F)(F)O2)cc1,2,446.0,458.0,452.0,12.0
CCN(CC)c1ccc(-c2cc3c(s2)c(C(=O)OC)cc(=O)n3C)cc1,9,434.0,446.0,442.0,12.0
COc1ccc(-c2nc3c(c4c2-c2ccc(C#N)cc2CC4)-c2ccc(C#N)cc2CC3)cc1,7,324.0,336.0,332.0,12.0
CN(C)c1ccc(/C=C/c2cc(/C=C/c3ccc(N(C)C)cc3)nc(N)n2)cc1,2,414.0,426.0,420.0,12.0
O=[N+]([O-])c1ccc(Nc2ccc3ccccc3n2)cc1,3,373.0,385.0,379.0,12.0
Cc1ccc(C2=[N+]3C(=Cc4c(C)cc(C)n4[B-]3(F)F)c3ccccc32)[nH]1,6,600.0,612.0,607.0,12.0
CC[N+](CC)=c1ccc2c(C(F)(F)F)c3c(oc-2c1)-c1ccc(N(C)C)cc1CC3,3,672.0,684.0,680.0,12.0
COc1cccc2cc(-c3cc4cccc(OC)c4oc3=O)oc12,5,351.0,363.0,358.0,12.0
Cc1cc(C)c(C2=C3C=c4c(c5ccc(C(C)(C)C)cc5c5cc(C(C)(C)C)ccc45)=[N+]3[B-](F)(F)n3c2cc2c4ccc(C(C)(C)C)cc4c4cc(C(C)(C)C)ccc4c23)c(C)c1,5,686.0,698.0,693.0,12.0
CCOC(=O)COc1ccc(/C=C/C2=C3c4ccccc4C(c4[nH]c(C)cc4C)=[N+]3[B-](F)(F)n3c(C)cc(C)c32)cc1,6,602.0,614.0,608.0,12.0
Cc1cc(O)c(C(C)C)cc1/N=C/c1ccc(O)cc1,17,334.0,346.0,340.0,12.0
Cc1ccc(-c2cc(-c3ccccc3Cl)c3c(N)nc(N4CCCC4)c(C#N)c3n2)cc1,7,414.0,426.0,418.0,12.0
Cc1ccc(-c2cc(-c3ccccc3)c3c(N)nc(N4CCCC4)c(C#N)c3n2)cc1,7,412.0,424.0,414.0,12.0
CCc1c(C)c2n(c1C)[B-](F)(F)[N+]1=C(c3ccc[nH]3)c3ccccc3C1=C2C,6,597.0,609.0,604.0,12.0
COc1ccc(O)c(C(=O)[O-])c1,2,307.0,319.0,313.0,12.0
O=c1c2ccccc2c2nc3cc4c(C#C[Si](C5CCCCC5)(C5CCCCC5)C5CCCCC5)c5cc6nc7c8ccccc8c(=O)c8ccccc8c7nc6cc5c(C#C[Si](C5CCCCC5)(C5CCCCC5)C5CCCCC5)c4cc3nc2c2ccccc12,2,731.0,743.0,737.0,12.0
COc1ccc([C@@H]2C[C@](O)(c3ccccn3)C[C@](O)(c3ccccn3)[C@H]2C(=O)c2ccc(N(c3ccccc3)c3ccccc3)cc2)cc1,7,358.0,370.0,366.0,12.0
CC[N+](CC)=c1ccc2c(-c3ccccc3C(=O)O)c3c(=O)oc4cc5c(cc4c3oc-2c1)CCCN5C,3,598.0,610.0,601.0,12.0
CCN1c2ccc(/C=C(\C#N)c3ccccc3)cc2Sc2cc(/C=C(\C#N)c3ccccc3)ccc21,7,429.0,441.0,435.0,12.0
CCOC(=O)CN(CC(=O)OCC)c1ccc(-c2cc(-c3ccncc3)nc(-c3ccncc3)c2)cc1,5,332.0,344.0,334.0,12.0
CCn1c2ccccc2c2cc(C#Cc3cc(C#Cc4ccc5c(c4)c4ccccc4n5CC)nc(S(C)(=O)=O)n3)ccc21,5,405.0,417.0,411.0,12.0
CN(C)CCN(Cc1c2ccccc2c(CN(CCN(C)C)c2ccc([N+](=O)[O-])cc2[N+](=O)[O-])c2ccccc12)c1ccc([N+](=O)[O-])cc1[N+](=O)[O-],8,340.0,352.0,341.5,12.0
COc1cccc2c1-c1ccccc1C2=O,3,420.0,432.0,432.0,12.0
CCc1c(C)c2n(c1C)[B-](F)(F)[N+]1=C(c3ccc[nH]3)c3ccccc3C1=C2,6,608.0,620.0,613.5,12.0
CC(C)(C)c1ccc(-c2nnc(-c3ccc4ccc5cccc6ccc3c4c56)o2)cc1,7,390.0,402.0,392.0,12.0
COc1cccc(C2=c3c(c4ccc(C(C)(C)C)cc4c4cc(C(C)(C)C)ccc34)=[N+]3C2=C(c2ccccc2)c2c(-c4cccc(OC)c4)c4c5ccc(C(C)(C)C)cc5c5cc(C(C)(C)C)ccc5c4n2[B-]3(F)F)c1,5,670.0,682.0,677.0,12.0
Cc1cc(C)n2c1C=C1c3ccccc3C(c3c[nH]c4ccccc34)=[N+]1[B-]2(F)F,6,575.0,587.0,580.5,12.0
Cc1cc(C)n2c1C=C1c3ccccc3C(c3ccc[nH]3)=[N+]1[B-]2(F)F,6,594.0,606.0,600.0,12.0
c1cc2c([nH]c3c4[nH]c5sccc5c4c4nsnc4c23)s1,5,411.0,423.0,415.0,12.0
c1ccc(-c2ccc(-c3ccc(-n4c5ccccc5c5ccccc54)cc3)c3nsnc23)cc1,4,382.0,394.0,393.0,12.0
CC[N+]1(CC)CN2C(=N1)C(C(=O)O)=Cc1ccccc12,2,361.0,373.0,367.0,12.0
c1ccc(-c2nc(-c3ccc(-c4ccc(-n5c6ccccc6c6ccccc65)cc4)cn3)oc2-c2ccccc2)cc1,12,326.0,338.0,333.0,12.0
c1ccc2c(C3=C(c4cccc5ccccc45)c4cccc5c4c(cc4nc6ccccc6nc45)O3)cccc2c1,2,486.0,498.0,492.0,12.0
CC(=O)Nc1ccc2c3cccc4cccc(c5cccc1c52)c43,4,441.0,453.0,449.0,12.0
C1=C(c2ccccc2)C(c2ccccc2)=CC1c1ccccc1,2,290.0,302.0,296.0,12.0
C[Si]1(C)C2=C(c3ccc(N(c4ccccc4)c4ccccc4)cc31)P(=O)(c1ccccc1)c1ccccc12,3,440.0,452.0,446.0,12.0
c1ccc(-c2nc(-c3ccc(N(c4ccccc4)c4ccccc4)cc3)n3ccccc23)cc1,5,348.0,360.0,352.0,12.0
O=C(c1ccc(N(c2ccccc2)c2ccccc2)cc1)[C@H]1[C@H](c2ccc(F)cc2)C[C@](O)(c2ccccn2)C[C@]1(O)c1ccccn1,7,364.0,376.0,368.0,12.0
CN1C(=O)c2cccc3c(-n4c5ccccc5c5ccccc54)ccc(c23)C1=O,4,402.0,414.0,406.0,12.0
O=C1/C(=C2\Sc3ccc(S(=O)(=O)Nc4ccccc4)cc3C2=O)Sc2ccc(S(=O)(=O)Nc3ccccc3)cc21,4,534.0,546.0,539.0,12.0
CCCCCCCCC1(CCCCCCCC)c2cc(-c3ccc(C(F)(F)F)cc3)ccc2-c2ccc(N(c3ccc(-n4c5ccccc5c5ccccc54)cc3)c3ccc4c(c3)C(CCCCCCCC)(CCCCCCCC)c3cc(-c5ccc(C(F)(F)F)cc5)ccc3-4)cc21,16,370.0,382.0,375.5,12.0
CCCCCCN1C(=O)C(c2ccc(-c3ccc(-n4c5ccccc5c5ccccc54)cc3)cc2)=C(c2ccc(-c3ccc(-n4c5ccccc5c5ccccc54)cc3)cc2)C1=O,2,400.0,412.0,406.0,12.0
CN(C)c1ccc2nc(-c3ccccc3)sc2c1,7,357.0,369.0,362.0,12.0
O=C1CCCC2=C1CC1=C(CCCC1=O)N2NC(=O)c1ccccc1,7,364.0,376.0,368.0,12.0
F[B-]1(F)n2c(ccc2N2CCOCC2)C(c2ccccc2)=C2C=CC(N3CCOCC3)=[N+]21,5,561.0,573.0,570.0,12.0
CCCCCCn1c2ccccc2c2cc(/C=C/c3cc(=O)oc4cc(C)ccc34)ccc21,2,393.0,405.0,399.0,12.0
O=Cc1ccc(-c2ccc(O)c(-c3nc4ccccc4s3)c2)s1,3,338.0,350.0,348.0,12.0
O=C1C=C(Nc2ccccc2)CCC1,15,295.0,307.0,303.0,12.0
CNC(=O)[C@H](C)NC(=O)c1cccc2c1C#Cc1c(NC(=O)[C@@H](NC(C)=O)C(C)C)cccc1OCCCO2,2,324.0,336.0,330.0,12.0
COc1c(/C=N/Nc2ccc(C#N)cc2)ccc2ccccc12,6,380.0,392.0,383.5,12.0
CCCN1/C(=C/C=C(/C=C/c2sc3ccccc3[n+]2CCC)c2ccc([N+](=O)[O-])cc2)C(C)(C)c2ccccc21,3,631.0,643.0,634.0,12.0
CCCN1/C(=C/C=C(/C=C/C2=[N+](CCC)c3ccccc3C2(C)C)c2ccc3ccccc3n2)C(C)(C)c2ccccc21,3,629.0,641.0,633.0,12.0
O=C1OCC2=C1C(c1ccccc1)c1cc3c(cc1N2CCO)CCC3,14,315.0,327.0,321.5,12.0
F[B-]1(F)Oc2c(ccc3c4c(ccc23)C=[N+](c2ccccc2)[B-](F)(F)O4)C=[N+]1c1ccccc1,2,485.0,497.0,491.0,12.0
N#CC(C#N)=C(/C=C/c1cn(-c2ccccc2)nc1-c1ccccc1)c1ccccc1,10,397.0,409.0,402.5,12.0
CCCN1/C(=C/C=C/C=C/C2=[N+](CCC)c3ccccc3C2(C)C)C(C)(C)c2ccccc21,3,633.0,645.0,637.0,12.0
CCC(CC)c1ccc2cc3c([o+]c2c1)/C(=C/Cc1ccccc1)CCC3,3,604.0,616.0,615.0,12.0
N#CC(C#N)=C(/C=C/c1cn(-c2ccccc2)nc1-c1ccc([N+](=O)[O-])cc1)c1ccccc1,9,390.0,402.0,394.0,12.0
O=Cc1c(O)c(-c2nc3ccccc3s2)cc2ccccc12,10,346.0,358.0,352.0,12.0
COc1cc(OC)c2c3c([nH]c2c1)C(=O)CCC3,14,317.0,329.0,323.5,12.0
CCCCN(CCCC)c1ccc(/C=C/c2ccc3nc(/C=C/c4ccc(N(C)C)cc4)c(-c4ccccc4)nc3c2)cc1,3,475.0,487.0,482.0,12.0
COc1cc(N(c2ccc(C=C(C#N)C#N)c(OC)c2)c2ccc(C=C(C#N)C#N)c(OC)c2)ccc1C=C(C#N)C#N,9,448.0,460.0,454.0,12.0
CCCCOc1ccc(-c2oc3c(-c4ccc(OCCCC)cc4)c4n(c3c2-c2ccc(OCCCC)cc2)[B-](F)(F)[N+]2=Cc3c(-c5ccc(OCCCC)cc5)c5oc(-c6ccc(OCCCC)cc6)c(-c6ccc(OCCCC)cc6)c5n3[B-](F)(F)[N+]2=C4)cc1,6,619.0,631.0,623.5,12.0
O=C1c2cc(-n3c4ccccc4c4ccccc43)c(-n3c4ccccc4c4ccccc43)cc2C(=O)N1c1ccccc1,2,388.0,400.0,394.0,12.0
CCCCNc1ccc2c3c(cccc13)C(=O)N(c1ccc(OCc3cc(Oc4ccc5c6c(cccc46)C(=O)N(CCCC)C5=O)cc(Oc4ccc5c6c(cccc46)C(=O)N(CCCC)C5=O)c3)cc1)C2=O,3,426.0,438.0,430.0,12.0
CCCCN1c2ccccc2Sc2cc(/C=C/C3=Nc4ccc5ccccc5c4C3(C)C)ccc21,12,414.0,426.0,419.5,12.0
Cc1ccc([C@@H]2C[C@](O)(c3ccccn3)C[C@](O)(c3ccccn3)[C@H]2C(=O)c2ccc(N(c3ccccc3)c3ccccc3)cc2)cc1,7,360.0,372.0,366.0,12.0
FC(F)(F)c1ccc(/C=C/c2ccc(-c3nnc(-c4ccc(-c5cc6ccccc6s5)cc4)o3)cc2)cc1,10,333.0,345.0,340.5,12.0
CCCN1/C(=C/C=C(/C=C/c2sc3ccccc3[n+]2CCC)c2ccc([N+](=O)[O-])cc2)Sc2ccccc21,3,642.0,654.0,645.0,12.0
COc1ccc(/C=C/C=C/C2=NC3C(=O)NC(N)=NC3N2[C@H]2C[C@H](O)[C@@H](CO)O2)cc1,3,342.0,354.0,352.0,12.0
COc1ccc(C(=O)/C=C2\C(=O)Nc3ccccc32)cc1,10,335.0,347.0,343.5,12.0
CCN(CC)c1cc(NC(C)=O)c(/N=N/c2ccc3c(=O)[nH][nH]c(=O)c3c2[N+](=O)[O-])cc1OC,3,538.0,550.0,544.0,12.0
Cc1ccc2nc3cc4c5c(cccc5c3nc2c1)C(c1ccccc1)=C(c1ccccc1)O4,2,491.0,503.0,497.0,12.0
COc1ccc(-c2nc3c(c4c2-c2ccccc2CC4)-c2ccccc2CC3)cc1,8,310.0,322.0,320.5,12.0
CCC1=C(C)C2=C(C)c3cccn3[B-](F)(F)[N+]2=C1C,6,492.0,504.0,495.75,12.0
O=c1[nH]c2ccccc2[nH]1,9,280.00224,291.9963792,281.0014893,11.994139200000006
CN(C)c1ccc(C#Cc2ccc(C#N)cc2)cc1,16,364.6973012,376.64783430000006,369.55419689999997,11.95053310000003
COc1cc(S(=O)(=O)[O-])c2ccc3c(S(=O)(=O)[O-])cc(S(=O)(=O)[O-])c4ccc1c2c43,22,394.1663382,406.0254172,397.68552735000003,11.859079000000008
CCCCCCCCOc1ccc(C2=C3C(C)=C(C#Cc4ccc(B(c5c(C)cc(C)cc5C)c5c(C)cc(C)cc5C)cc4)C(C)=[N+]3[B-](F)(F)n3c(C)c(C#Cc4ccc(B(c5c(C)cc(C)cc5C)c5c(C)cc(C)cc5C)cc4)c(C)c32)cc1,3,568.5099845999998,580.1843318,576.0,11.67434720000017
CN(C)c1ccc(C#N)cc1,2,280.2559415,291.773309,286.01462525,11.517367499999978
CSc1sc(C(C)=O)c2nn[nH]c(=O)c12,6,392.5,404.0,396.5,11.5
N#Cc1cc(-n2c3ccccc3c3ccccc32)c(-n2c3ccccc3c3ccccc32)cc1C#N,4,364.0,375.0,367.5,11.0
C#CCn1c2ccccc2c2cc(/C=C/C3=[N+]4C(=C(c5ccc(I)cc5)c5c(C)c(Cl)c(/C=C/c6ccc7c(c6)c6ccccc6n7CC#C)n5[B-]4(F)F)C(C)=C3Cl)ccc21,3,694.0,705.0,703.0,11.0
CC(C)(C)c1ccc(-n2c(-c3ccc(-c4ccc(N(c5ccccc5)c5ccccc5)cc4)cc3)nc3c4ccccc4c4ccccc4c32)cc1,2,361.0,372.0,366.5,11.0
Cc1cc(C)n2c1C=C1c3ccccc3C(c3cccn3C)=[N+]1[B-]2(F)F,6,580.0,591.0,585.0,11.0
CC(C)(C)c1ccc(-c2nc3c4ccc(-c5ccc6ccc7cccc8ccc5c6c78)cc4c4cc(-c5ccc6ccc7cccc8ccc5c6c78)ccc4c3n2-c2ccc(C(C)(C)C)cc2)cc1,13,345.0,356.0,346.0,11.0
COc1ccc2n1[B-](F)(F)[N+]1=C(c3ccccc3)C=CC1=C2c1ccc(C)cc1,7,523.0,534.0,529.0,11.0
COc1ccc2nc(N)n[n+]([O-])c2c1,2,430.0,441.0,435.5,11.0
COc1ccc2c(c1)[nH]c1c3[nH]c4cc(OC)ccc4c3c3nsnc3c21,3,425.0,436.0,430.0,11.0
CC(C)(C)c1ccc2c(c1)sc1[n+]2[B-](F)(F)n2c(c3cccc4c(Br)ccc2c43)=C1C#N,5,532.0,543.0,539.0,11.0
CC[N+](CC)=c1ccc2c(-c3ccccc3C(=O)O)c3c(=O)oc4c5c6c(cc4c3oc-2c1)CCCN6CCC5,3,612.0,623.0,612.0,11.0
CCOC(=O)c1sc2nc(-c3ccccc3)c(C)c(C#N)c2c1N,6,412.0,423.0,418.5,11.0
CN(C)c1ccc(/C=C/C=C/c2ccncc2)cc1,4,383.0,394.0,392.0,11.0
O=c1c2ccccc2n2c3ccc(-c4ccccc4)cc3c(=O)c3cccc1c32,6,434.0,445.0,440.5,11.0
COc1ccc(-c2csc(/C(C#N)=C/c3ccc(C#N)cc3)n2)cc1,6,389.0,400.0,395.0,11.0
O=P1(c2ccccc2)C2=C(c3ccccc31)C(c1ccccc1)(c1ccccc1)c1cc(N(c3ccccc3)c3ccccc3)ccc12,3,427.0,438.0,431.0,11.0
CCN(CC)c1ccc2cc3c([o+]c2c1)/C(=C/Nc1ccccc1)CCC3,3,605.0,616.0,615.0,11.0
CC1(C)CC(=O)C2=C(C1)Oc1ccc3ccccc3c1C2c1ccccn1,7,264.0,275.0,274.0,11.0
O=C(/C=C/c1ccc(O)c(O)c1)O[C@H](Cc1ccc(O)c(O)c1)C(=O)O,9,324.0,335.0,328.0,11.0
Cc1ccc(C2=C3C=CC(/C=C/c4ccccc4)=[N+]3[B-](F)(F)n3c(/C=C/c4ccccc4)ccc32)cc1,7,626.0,637.0,632.0,11.0
COc1ccc(-n2nc(C#N)c(NC3CCCCC3)n2)cc1,5,325.0,336.0,330.0,11.0
CCN(CC)c1ccc(-c2nc3c4ccc(-c5ccccc5)cc4c4cc(-c5ccccc5)ccc4c3[nH]2)c(O)c1,7,359.0,370.0,363.0,11.0
Cc1ccc(N(c2ccc(C)cc2)c2ccc(-c3ccc(-c4ccc(N(c5ccc(C)cc5)c5ccc(C)cc5)cc4)c4nsnc34)cc2)cc1,3,474.0,485.0,481.0,11.0
CC(C)[Si](C#Cc1c2nc3ccccc3nc2c(C#C[Si](C(C)C)(C(C)C)C(C)C)c2nc3c4ccccc4c(=O)c4ccccc4c3nc12)(C(C)C)C(C)C,2,603.0,614.0,608.5,11.0
CCN(CC)c1ccc2c(c1)oc(=O)c1c(-c3ccccc3C(=O)O)c3ccc(=[N+](CC)CC)cc-3oc12,3,591.0,602.0,594.0,11.0
CN(C)c1ccc(-c2cc3c(ccc4c([N+](=O)[O-])cccc43)c(=O)o2)cc1,5,435.0,446.0,439.0,11.0
N#Cc1ccccc1N,5,314.0,325.0,315.0,11.0
CC1(C)CC(=O)c2ccccc2N1,2,372.0,383.0,377.5,11.0
O=c1[nH]c2[n+](c3ccccc13)[B-](F)(F)Oc1ccccc1-2,2,343.0,354.0,348.5,11.0
O=[N+]([O-])c1ccco1,2,302.0,313.0,307.5,11.0
CC(C)[Si]1(C(C)C)c2cc(C=O)ccc2-c2ccc(N(c3ccccc3)c3ccccc3)cc21,7,392.0,403.0,398.0,11.0
CC(C)(C)c1ccc2c3c(c4ccc(C(C)(C)C)cc4c2c1)=[N+]1C(=C(c2ccccc2)c2cc4c5ccc(C(C)(C)C)cc5c5cc(C(C)(C)C)ccc5c4n2[B-]1(F)F)C=3,5,683.0,694.0,691.0,11.0
COc1ccc(/C=C/C2=N/C(=C\c3ccncc3)C(=O)N2C)cc1,5,422.0,433.0,425.0,11.0
CC1(C)CC(/C=C/c2ccc(N3CCOCCOCCOCCOCC3)cc2)=CC(=C(C#N)C#N)C1,6,493.0,504.0,500.0,11.0
Cc1ccc(/C=N/c2cc(C(C)C)c(O)cc2C)cc1,17,337.0,348.0,344.0,11.0
Brc1cc2nc3cc4c5c(cccc5c3nc2cc1Br)C(c1ccccc1)=C(c1ccccc1)O4,2,518.0,529.0,523.5,11.0
c1ccc(-c2ccc(-c3ccc(-c4ccccc4)cc3)cc2)cc1,2,299.0,310.0,304.5,11.0
CCc1ccc(-c2nc(-c3ccc(-n4c5ccccc5c5ccccc54)cc3)cc(-c3ccc(-n4c5ccccc5c5ccccc54)cc3)n2)cc1,4,343.0,354.0,344.0,11.0
CCC(CC)COC1=CC2=C3c4cc(OCC(CC)CC)c(-c5cccs5)n4[B-](F)(F)[n+]4nnn(c43)[B-](F)(F)[N+]2=C1c1cccs1,2,784.0,795.0,789.5,11.0
O=Cc1cc(O)ccc1O,13,358.0,369.0,364.0,11.0
CC1CC=C(c2ccc(-c3ccc(C#N)s3)s2)CC1,6,355.0,366.0,357.5,11.0
CC1=CC2=Nc3nc(C)[n+](C)cc3CN2C=C1,3,392.0,403.0,398.0,11.0
O=P1(c2ccccc2)C(c2ccc(N(c3ccccc3)c3ccccc3)cc2)=Cc2ccccc21,6,407.0,418.0,411.5,11.0
N#CC(C#N)=Cc1ccc(-c2ccc(O)c(-c3nc4ccccc4s3)c2)s1,3,416.0,427.0,420.0,11.0
N#CC1N=c2cc3c4c(cccc4c2=NC1C#N)C(c1ccccc1)=C(c1ccccc1)O3,2,501.0,512.0,506.5,11.0
N#CC1=C(c2ccc(-c3cccs3)s2)CC1,6,361.0,372.0,366.5,11.0
CN(C)c1ccc2c(-c3cc(C(=O)[O-])ccc3C(=O)[O-])c3ccc(=[N+](C)C)cc-3oc2c1,2,538.0,549.0,543.5,11.0
CN(C)c1ccc2c3c(ccc2c1)CCCC3=O,10,396.0,407.0,400.0,11.0
CN(C)c1ccc2c(-c3ccc(N)cc3C(=O)[O-])c3ccc(=[N+](C)C)cc-3oc2c1,2,533.0,544.0,538.5,11.0
O=C1c2ccc3c4ccc5c6c(ccc(c7ccc(c2c37)C(=O)N1c1ccncc1)c64)C(=O)N(c1ccncc1)C5=O,12,519.0,530.0,524.5,11.0
CN1/C(=C/C=C(/C=C/C2=[N+](C)c3ccccc3C2(C)C)c2ccccc2)C(C)(C)c2ccccc21,4,634.0,645.0,638.5,11.0
CN1/C(=C/C=C(/C=C/C2=[N+](C)c3ccccc3C2(C)C)c2ccc(C(F)(F)F)cc2)C(C)(C)c2ccccc21,4,632.0,643.0,635.5,11.0
O=C1c2cccc3c(-n4c5ccccc5c5ccccc54)ccc(c23)C(=O)N1C1CCCCC1,4,399.0,410.0,404.5,11.0
COC1(OC)C2(Cl)c3nc4cc(-c5cccs5)ccc4nc3C1(Cl)C1C[C@H]3[C@@H](CC12)C1(Cl)c2nc4cc(-c5cccs5)ccc4nc2C3(Cl)C1(OC)OC,7,358.0,369.0,366.0,11.0
Cn1cccc1-c1cc(C#N)ccc1C#N,5,359.0,370.0,366.0,11.0
O=Cc1ccc(N(c2ccc(C=O)cc2)c2ccc(-c3ccc4c(c3)C(=O)c3ccccc3C4=O)cc2)cc1,7,368.0,379.0,374.0,11.0
CCCN1/C(=C/C=C(/C=C/C2=[N+](CCC)c3ccccc3C2(C)C)c2cc[n+](C)cc2)C(C)(C)c2ccccc21,3,626.0,637.0,627.0,11.0
N#C/C(=C\c1cn(-c2ccccc2)nc1-c1ccccc1)c1nc2ccccc2s1,10,377.0,388.0,381.0,11.0
N#CC1=c2c3cccc4cccc(c43)n2[B-](F)(F)[n+]2ccccc21,5,506.0,517.0,512.0,11.0
COC(=O)c1ccc2c3ccc(C(=O)OC)c4c(C(=O)OC)ccc(c5ccc(C(=O)OC)c1c25)c43,8,465.0,476.0,468.5,11.0
N#C/C(=C\c1cc(/C=C(\C#N)c2ccc(C(F)(F)F)cc2)c(-c2ccc(N(c3ccccc3)c3ccccc3)cc2)cc1-c1ccc(N(c2ccccc2)c2ccccc2)cc1)c1ccc(C(F)(F)F)cc1,7,397.0,408.0,405.0,11.0
CCCCCCOc1ccc(C#Cc2ccc(-c3ccc(-c4ccc(C#Cc5ccc(OCCCCCC)c(OCCCCCC)c5)s4)c4nsnc34)s2)cc1OCCCCCC,8,496.0,507.0,500.5,11.0
O=C1C=C(Nc2cccc(F)c2F)C(=O)c2ccccc21,2,428.0,439.0,433.5,11.0
CN1C(=O)/C(=C/c2ccncc2)N=C1c1ccccc1,5,368.0,379.0,377.0,11.0
CCCCC1(CCCC)c2cc(C#Cc3ccc4ccc5cccc6ccc3c4c56)ccc2-c2ccc(N(c3ccccc3)c3ccccc3)cc21,8,407.0,418.0,411.5,11.0
CCCCCCc1ccc2c(/C=N/c3ccc(/N=C/c4c(O)ccc5cc(CCCCCC)ccc45)cc3)c(O)ccc2c1,4,487.0,498.0,495.0,11.0
O=C([O-])c1ccccc1-c1c2cc(I)c(=O)c(I)c-2oc2c(I)c([O-])c(I)cc12,4,521.0,532.0,529.0,11.0
CC(=O)OCCN1C(=O)c2cccc3c(Oc4ccccc4C)ccc(c23)C1=O,2,352.0,363.0,357.5,11.0
CC(=O)OCCN1C(=O)c2cccc3c(Oc4ccc(C=O)cc4)ccc(c23)C1=O,2,353.0,364.0,358.5,11.0
c1ccc(-c2nc(-c3ccc(-c4ccc(N(c5ccccc5)c5ccccc5)cc4)cn3)oc2-c2ccccc2)cc1,12,348.0,359.0,352.5,11.0
CC(=O)c1ccc(/C=C/C=C/C2=NC3C(=O)NC(N)=NC3N2[C@H]2C[C@H](O)[C@@H](CO)O2)cc1,3,388.0,399.0,392.0,11.0
c1ccc2c(c1)c1ccccc1n2-c1ccc(-c2cc3ccc(-c4ccc5cc(-c6ccc(-n7c8ccccc8c8ccccc87)cc6)oc5c4)cc3o2)cc1,3,365.0,376.0,367.0,11.0
c1ccc2c(c1)c1ccccc1n2-c1ccc(-c2ccc(-n3c4ccccc4c4ccccc43)nc2-n2c3ccccc3c3ccccc32)nn1,4,335.0,346.0,341.16905740000004,11.0
CCn1c2ccccc2c2cc(/C=C/c3cc(/C=C/c4ccc5c(c4)c4ccccc4n5CC)nc(SC)n3)ccc21,5,402.0,413.0,406.0,11.0
CC(=O)c1c2c(cc3cc(N(C)C)ccc13)CCC2,9,363.0,374.0,370.0,11.0
c1ccc2c(c1)c1ccccc1n2-c1ccc2cc(-c3ccc(-c4ccc(-c5cc6ccc(-n7c8ccccc8c8ccccc87)cc6o5)cc4)cc3)oc2c1,3,369.0,380.0,370.0,11.0
C(=C/c1nc2ccccc2s1)\c1ccc(-c2nc3c4cccnc4c4ncccc4c3[nH]2)cc1,4,375.0,386.0,382.0,11.0
c1ccc(N(c2ccccc2)c2ccc(-c3nc4c5ccccc5c5ccccc5c4[nH]3)cc2)cc1,5,373.0,384.0,381.0,11.0
O=C1c2ccccc2-c2ccc(Nc3nc(Cl)nc(Cl)n3)c3cccc1c23,11,400.9623095,411.8616145,410.0041,10.89930499999997
CCCCCCC(CCCCCC)N1C(=O)c2cccc3c(-c4cc(OC)c(OC)c(OC)c4)ccc(c23)C1=O,7,354.8,365.6,361.4,10.800000000000011
Cn1cc(/C=C/C(=O)c2ccccc2)c2ccccc21,2,381.030445,391.7096019,386.37002344999996,10.67915690000001
CC(C)(C)c1ccc2c(c1)c1cc(C(C)(C)C)ccc1n2-c1ccc(C(=O)c2ccncc2)cc1,4,367.32495510000007,377.9174147,372.918237,10.592459599999927
Cc1ccc(C2=C3C=C(I)C=[N+]3[B-](F)(F)n3cccc32)cc1,6,513.0,523.5,516.75,10.5
Cc1ccc(C2=C3C=C(I)C=[N+]3[B-](F)(F)n3c2cc(I)c3I)cc1,6,553.0,563.5,557.0,10.5
O=c1c2ccc(N3CCCCC3)cc2oc2cc(N3CCCCC3)ccc12,2,371.7842324,382.0377358,376.9109841,10.2535034
CCOC(=O)c1ccc(N(C)C)cc1,2,298.6263736,308.7912088,303.7087912,10.16483519999997
CN(C)c1cccc(C#N)c1,2,330.4387569,340.5850091,335.511883,10.146252199999992
CCn1c2ccccc2c2cc(/C=C/c3cc(/C=C/c4ccc5c(c4)c4ccccc4n5CC)ncn3)ccc21,5,395.0,405.0,397.0,10.0
c1ccc(N(c2ccccc2)c2ccc(-c3cccc4nc5ccccc5cc34)cc2)cc1,10,386.0,396.0,390.0,10.0
CC(C)(C)c1ccc(C2=c3c(c4ccc(C(C)(C)C)cc4c4cc(C(C)(C)C)ccc34)=[N+]3C2=C(c2ccccc2)c2c(-c4ccc(C(C)(C)C)cc4)c4c5ccc(C(C)(C)C)cc5c5cc(C(C)(C)C)ccc5c4n2[B-]3(F)F)cc1,5,677.0,687.0,683.0,10.0
CC(C)[Si]1(C(C)C)c2cc(C#N)ccc2-c2ccc(N(c3ccccc3)c3ccccc3)cc21,7,381.0,391.0,387.0,10.0
[O-]c1c(-c2nc3ccccc3s2)cc2ccc3cccc4ccc1c2c34,2,514.0,524.0,519.0,10.0
Oc1c(-c2cccs2)cccc1-c1nc2ccccc2s1,3,346.0,356.0,356.0,10.0
CCNc1cc2oc3c/c(=[NH+]\CC)c(C)cc-3c(-c3ccccc3C(=O)OCC)c2cc1C,5,524.0,534.0,527.0,10.0
CCOC(=O)COc1ccc(/C=C/c2cc(C)c3n2[B-](F)(F)[N+]2=C(c4[nH]c(C)cc4C)c4ccccc4C2=C3)cc1,6,670.0,680.0,678.5,10.0
CCn1c2ccccc2c2cc(C#Cc3cc(C#Cc4ccc5c(c4)c4ccccc4n5CC)nc(C#N)n3)ccc21,5,405.0,415.0,410.0,10.0
CC(C)(C)c1ccc2c(c1)sc1[n+]2[B-](F)(F)n2c(c3cccc4cccc2c43)=C1C#N,4,519.0,529.0,527.0,10.0
Cc1ccc(-c2cc(-c3ccc(N(C)C)cc3)c3c(N)nc(N4CCCC4)c(C#N)c3n2)cc1,7,408.0,418.0,412.0,10.0
c1cc2c3ccc[n+]4cccc(c5ccc[n+](c1)c25)c34,4,422.0,432.0,423.0,10.0
C#CCn1c2ccccc2c2cc(/C=C/c3cc(C)c4n3[B-](F)(F)[N+]3=C(C)C=C(C)C3=C4c3ccc(I)cc3)ccc21,3,579.0,589.0,588.0,10.0
CN1/C(=C/C=C(/C=C/c2sc3ccccc3[n+]2C)c2ccccc2)Sc2ccccc21,4,641.0,651.0,646.0,10.0
CCCCC(CC)Cn1c2ccccc2c2cc(-c3cc4c(cc3F)-c3cc(F)c(-c5ccc6c(c5)c5ccccc5n6CC(CC)CCCC)cc3S4(=O)=O)ccc21,2,377.0,387.0,382.0,10.0
N#C/C(=C\C=C\c1ccccc1)c1ccc([N+](=O)[O-])cc1,6,366.0,376.0,373.5,10.0
CCCCN(CCCC)c1ccc(/C=C/c2ccc3nc(-c4ccccc4)c(/C=C/c4ccc(N(C)C)cc4)nc3c2)cc1,3,458.0,468.0,462.0,10.0
CN(C)c1ccc(/C=C/C=C/c2ccc(C#N)cc2)cc1,4,400.0,410.0,401.0,10.0
O=c1oc2cc3ccccc3cc2nc1-c1ccccc1,4,346.0,356.0,349.0,10.0
N#Cc1ccc(N/N=C/c2ccc3ccccc3c2O)cc1,6,380.0,390.0,384.0,10.0
CCCCCCCc1ccc(C2=[N+]3C(=C4c5cc(OCC(CC)CC)c(-c6ccc(CCCCCCC)o6)n5[B-](F)(F)[n+]5c4n(c4cc(C(C)(C)C)ccc45)[B-]3(F)F)C=C2OCC(CC)CC)o1,2,816.0,826.0,821.0,10.0
COc1ccc(C(=O)NN2C3=C(CC4=C2CCCC4=O)C(=O)CCC3)cc1,6,366.0,376.0,369.0,10.0
CC1(C)CC(/C=C/c2ccc(-n3cccn3)cc2)=CC(=C(C#N)C#N)C1,6,397.0,407.0,404.0,10.0
CC/[NH+]=c1\cc2oc3cc(NCCC(=O)NC(C(=O)OC)c4ccccc4)c4ccccc4c3nc-2cc1C,2,580.0,590.0,585.0,10.0
CC/[NH+]=c1\cc2oc3cc(NCCC(=O)NC(C(=O)OC)C(C)C)c4ccccc4c3nc-2cc1C,2,580.0,590.0,585.0,10.0
CC/[NH+]=c1\cc2oc3cc(NCCC(=O)NCC(=O)OC)c4ccccc4c3nc-2cc1C,2,590.0,600.0,595.0,10.0
CC/[NH+]=c1\cc2oc3cc(NCCC(=O)O)c4ccccc4c3nc-2cc1C,2,580.0,590.0,585.0,10.0
COc1ccc(N(c2ccc(OC)cc2)c2ccc3ccc4c(B(c5c(C)cc(C)cc5C)c5c(C)cc(C)cc5C)ccc5ccc2c3c54)cc1,6,459.0,469.0,462.0,10.0
CN1C(C(=O)Nc2ccccn2)=C(O)c2ccccc2S1(=O)=O,7,324.0,334.0,330.0,10.0
CC(C)[Si](C#Cc1ccc(C#C[Si](C(C)C)(C(C)C)C(C)C)c2nc3c(nc12)C1c2ccccc2C3c2ccccc21)(C(C)C)C(C)C,2,349.0,359.0,354.0,10.0
COc1ccc(/C=C/c2nc3ccccc3o2)cc1,2,330.0,340.0,335.0,10.0
CN(C)c1ccc(/C=C/c2nc3c4ccccc4c4ccccc4c3[nH]2)cc1,11,386.0,396.0,389.0,10.0
CN(C)c1ccc(/C=C/c2nc3ccccc3o2)cc1,2,380.0,390.0,385.0,10.0
CCCCCCCCCCCCC(CCCCCCCCCC)Cn1c2cc(/C=C/C=C/c3nc4ccccc4s3)c3cccc4c5cccc6c(/C=C/C=C/c7nc8ccccc8s7)cc1c(c65)c2c34,4,528.0,538.0,534.0,10.0
N#C/C(=C\c1ccc(C#N)cc1)c1nc(-c2ccccc2)cs1,6,370.0,380.0,375.0,10.0
CCOC(=O)/C(C#N)=C\c1ccc2c(c1)c1ccccc1n2-c1ccc(OC)cc1,8,391.0,401.0,393.0,10.0
COC(=O)c1nc(-c2cccc3ccccc23)oc1C,4,308.0,318.0,313.0,10.0
Cc1ccc(C2=C3C=CC(C#Cc4ccccc4)=[N+]3[B-](F)(F)n3c(C#Cc4ccccc4)ccc32)cc1,8,605.0,615.0,613.0,10.0
Cc1ccc(C2=C3C=CC(C#Cc4ccccc4)=[N+]3[B-](F)(F)n3c(Cl)ccc32)cc1,7,556.0,566.0,562.0,10.0
COc1ccc(C#Cc2nc3ccccc3nc2-c2cn(C)c3ccccc23)cc1,9,405.0,415.0,408.0,10.0
CCOC(=O)CN(CC(=O)OCC)c1ccc(-c2cc(-c3cccnc3)nc(-c3cccnc3)c2)cc1,5,328.0,338.0,328.0,10.0
COC(=O)C(NC(=O)OC(C)(C)C)c1ccc2oc(-c3ccc(N(C)C)cc3OC)nc2c1,3,336.0,346.0,343.0,10.0
c1ccc(-c2cc3c(oc4ccccc43)c(-c3ccccc3)[o+]2)cc1,2,385.0,395.0,390.0,10.0
c1ccc(-c2cc(-c3ccccc3)cc(-c3ccc4c(c3)C3(c5cc(-c6cc(-c7ccccc7)cc(-c7ccccc7)c6)ccc5-4)c4ccccc4-c4c3c3c5ccccc5ccc3c3ccccc43)c2)cc1,2,379.0,389.0,384.0,10.0
C(/C=C/c1ccc(-n2c3ccccc3c3ccccc32)cc1)=C\c1ccncc1,4,350.0,360.0,354.5,10.0
Cc1ccc(C2=C3C=c4c(oc5ccccc45)=[N+]3[B-](F)(F)n3c2cc2c4ccccc4oc23)cc1,8,578.0,588.0,581.5,10.0
Cc1ccc(C2=C3C=CC(c4ccccc4)=[N+]3[B-](F)(F)n3c2ccc3-c2ccccc2)cc1,7,547.0,557.0,553.0,10.0
CC1(C)c2ccccc2N(c2ccc(-c3nnc(-c4ccccc4O)o3)cc2)c2ccccc21,15,358.0,368.0,362.0,10.0
O=[N+]([O-])c1cccs1,2,308.0,318.0,313.0,10.0
Cc1ccc(C(=O)NN2C3=C(CC4=C2CCCC4=O)C(=O)CCC3)cc1,7,366.0,376.0,368.0,10.0
Cc1ccccc1Oc1ccc2c3c(cccc13)C(=O)N(CCO)C2=O,2,355.0,365.0,360.0,10.0
COc1ccc(-c2csc(/C(C#N)=C/c3ccncc3)n2)cc1,7,382.0,392.0,389.0,10.0
COc1ccc(-n2c3ccccc3c3cc(C=C(C#N)C#N)ccc32)cc1,8,402.0,412.0,404.5,10.0
CCN(CC)c1ccc2cc(-c3ccc(S(C)(=O)=O)cc3)oc(=O)c2c1,9,373.0,383.0,376.0,10.0
CN(C)c1ccc(/C=C/c2ccc(-c3nnc(-c4ccc(-c5cc6ccccc6s5)cc4)o3)cc2)cc1,10,334.0,344.0,339.0,10.0
CN(C)c1ccc(C2=Cc3ccc4ccccc4[n+]3[B-](F)(F)O2)cc1,10,467.0,477.0,470.0,10.0
CC1(C)CC(=O)c2c(F)c(F)cc(F)c2N1,2,374.0,384.0,379.0,10.0
CC1=CC(C)=[N+]2C1=C(c1ccc(N3CCOCC3)cc1)c1c(C)cc(C)n1[B-]2(F)F,7,490.0,500.0,496.0,10.0
Cc1ccccc1C(=O)NN1C2=C(CC3=C1CC(C)(C)CC3=O)C(=O)CC(C)(C)C2,7,368.0,378.0,370.0,10.0
COc1ccc(/C=C(\C#N)c2nc3ccccc3s2)cc1,2,365.0,375.0,370.0,10.0
Cc1ccc(N(c2ccc(C)cc2)c2ccc(-c3c4ccccc4c(-c4ccc(N(c5ccc(C)cc5)c5ccc(C)cc5)cc4)c4nsnc34)cc2)cc1,3,536.0,546.0,538.0,10.0
COc1ccc(-c2cc(-c3ccc(C)cc3)nc3c(C#N)c(N4CCCC4)nc(N)c23)cc1,7,414.0,424.0,418.0,10.0
Cc1cnc(NC(=O)C2=C(O)c3ccccc3S(=O)(=O)N2C)s1,7,340.0,350.0,346.0,10.0
O=P1(c2ccccc2)C(c2cc(C(F)(F)F)cc(C(F)(F)F)c2)=Cc2c3ccc4cccc5ccc(c6cc(-c7ccc(N(c8ccccc8)c8ccccc8)cc7)n1c26)c3c45,9,434.0,444.0,437.0,10.0
CC1=N/C(=C\c2ccncc2)C(=O)N1C,5,347.0,357.0,353.0,10.0
COC1(OC)C2(Cl)c3nc4cc(-c5cccs5)ccc4nc3C1(Cl)C1C[C@H]3[C@@H](CC12)C1(Cl)c2nc4ccc(-c5cccs5)cc4nc2C3(Cl)C1(OC)OC,7,358.0,368.0,366.0,10.0
O=C1c2cccc3cc4ccccc4c(c23)C(=O)N1Cc1ccccn1,5,427.0,437.0,435.0,10.0
O=C1c2ccccc2-c2c(-c3cc(Br)ccc3O)[nH]c(=O)n21,3,390.0,400.0,396.0,10.0
COc1ccc(-c2cc3c(s2)c(C(=O)c2ccccc2)cc(=O)n3Cc2ccccc2)cc1,2,406.0,416.0,411.0,10.0
CN(C)c1ccc(C=C/C=C/C=C/c2ccc(C#N)cc2)cc1,7,412.0,422.0,418.0,10.0
CN1/C(=C/C=C(/C=C/C2=[N+](C)c3ccccc3C2(C)C)c2ccc(F)cc2)C(C)(C)c2ccccc21,4,633.0,643.0,637.5,10.0
CN(C)c1nc(N)nc2c1nc(C#N)n2Cc1ccccc1,4,324.0,334.0,326.5,10.0
CCCCCC(CC)C1(C(CC)CCCCC)c2ccccc2-c2ccc(C#Cc3cc(C#Cc4ccc5c(c4)C(C(CC)CCCCC)(C(CC)CCCCC)c4ccccc4-5)c4ccc5c(C#Cc6ccc7c(c6)C(C(CC)CCCCC)(C(CC)CCCCC)c6ccccc6-7)cc(C#Cc6ccc7c(c6)C(C(CC)CCCCC)(C(CC)CCCCC)c6ccccc6-7)c6ccc3c4c65)cc21,7,486.0,496.0,491.0,10.0
CCC1=C(C)C(=O)n2c1cc1c(C)c(CC)c(C)n1c2=O,6,422.0,432.0,428.0,10.0
Nc1ccc2c(c1)Cc1ccccc1-2,12,315.0,325.0,318.0,10.0
COc1ccc(-c2cc(-c3ccc(C)cc3)c(C#N)c(OC)n2)cc1,9,334.0,344.0,339.0,10.0
O=[N+]([O-])c1cc[nH]c1,2,270.0,280.0,275.0,10.0
O=P1(c2ccccc2)C2=C(c3ccccc31)[Si](c1ccccc1)(c1ccccc1)c1cc(N(c3ccccc3)c3ccccc3)ccc12,3,456.0,466.0,459.0,10.0
COc1cc2c(cc1C=C(C#N)C#N)c1ccccc1n2C,9,420.0,430.0,425.0,10.0
CCCCNc1ccc2c3c(cccc13)C(=O)N(c1ccc(O)cc1)C2=O,3,428.0,438.0,430.0,10.0
Cn1c(=O)cc(C(=O)c2ccccc2)c2sc(-c3ccc(C(F)(F)F)cc3)cc21,2,388.0,398.0,393.0,10.0
CCCN1/C(=C/C=C(/C=C/C2=[N+](CCC)c3ccccc3C2(C)C)c2ccncc2)C(C)(C)c2ccccc21,3,633.0,643.0,634.0,10.0
CN(C)c1ccc(C#Cc2ccc3ccc4ccc(C#Cc5ccc(N(C)C)cc5)c5ccc2c3c45)cc1,9,421.0,431.0,429.0,10.0
N#CC(C#N)=Cc1cn(-c2ccccc2)nc1-c1ccccc1,10,351.0,361.0,354.5,10.0
Clc1ccccc1N1c2c(sc3ccccc23)Sc2sc3ccccc3c21,2,400.0,410.0,405.0,10.0
CCC1(CC)c2cc(-c3ccc(-c4ccccc4)cc3-c3ccccc3)ccc2-c2nc3c(nc21)-c1ccc(-c2ccc(-c4ccccc4)cc2-c2ccccc2)cc1C3(CC)CC,2,398.0,408.0,403.0,10.0
O=Cc1ccc(-c2cccc(-c3nc4ccccc4s3)c2O)s1,3,360.0,370.0,367.0,10.0
COc1cc(-c2nc3c4cccnc4c4ncccc4c3[nH]2)c(OC)cc1/C=C/c1nc2ccccc2[nH]1,4,391.0,401.0,399.0,10.0
COc1cc(-c2cc(-c3ccc(C)cc3)nc3c(C#N)c(N4CCCC4)nc(N)c23)cc(OC)c1OC,7,412.0,422.0,420.0,10.0
CCC1=C(C)C(=O)n2c1cc1c(C)c(CC(=O)OC)c(C)n1c2=O,6,413.0,423.0,418.0,10.0
FC(F)(F)C(F)(F)C(F)(F)C(F)(F)C(F)(F)C(F)(F)C(F)(F)C(F)(F)CCOc1nnc(Cl)nn1,2,509.0,519.0,514.0,10.0
COC(=O)c1nc2cnc(N)nc2n1Cc1ccccc1,5,325.0,335.0,330.0,10.0
CCCCCCc1ccc2c3c(ccc2c1)O[B-](c1ccccc1)(c1ccccc1)[N+](c1ccc([N+]2=Cc4c(ccc5cc(CCCCCC)ccc45)O[B-]2(c2ccccc2)c2ccccc2)cc1)=C3,4,452.0,462.0,457.0,10.0
O=CC1=Cc2c(-c3ccccc3)oc(-c3ccccc3)c2C=C(C=O)C1,8,356.0,366.0,364.0,10.0
COc1cccc(-n2c(-c3ccccc3)nc(C)c2C)c1,10,282.0,292.0,287.5,10.0
N#Cc1cc2ccc(O)cc2oc1=O,7,351.0,361.0,355.0,10.0
CCc1c(C)c2n(c1C)[B-](F)(F)[N+]1=C(NCc3ccc(OC)cc3)C(SC#N)=CC1=C2C,5,562.0,572.0,565.0,10.0
CCc1c(C)c2n(c1C)[B-](F)(F)[N+]1=C(NCc3ccc(OC)cc3)C=CC1=C2C,5,524.0,534.0,527.0,10.0
N#Cc1cc(C#N)c(-c2cc(-n3c4ccccc4c4ccccc43)cc(-n3c4ccccc4c4ccccc43)c2)cc1-c1ccc(N(c2ccccc2)c2ccccc2)cc1,2,405.0,415.0,410.0,10.0
Cc1cc(C)c(B(c2ccc(-c3nc4c5ccccc5c5ccccc5c4[nH]3)cc2)c2c(C)cc(C)cc2C)c(C)c1,5,376.0,386.0,381.0,10.0
O=C(O)COc1cccc(OCC(=O)O)c1-c1c2ccc(=[N+]3CCCCC3)cc-2oc2cc(N3CCCCC3)ccc12,2,557.0,567.0,562.0,10.0
c1ccc(C(=C(c2ccccc2)c2ccc(-c3ccc(-c4nc5c(-c6ccc(-c7ccc(C(=C(c8ccccc8)c8ccccc8)c8ccccc8)cc7)cc6)sc(-c6ccc(-c7ccc(C(=C(c8ccccc8)c8ccccc8)c8ccccc8)cc7)cc6)c5nc4-c4ccc(-c5ccc(C(=C(c6ccccc6)c6ccccc6)c6ccccc6)cc5)cc4)cc3)cc2)c2ccccc2)cc1,2,520.0,530.0,525.0,10.0
c1ccc(-c2nc3c(c4c2-c2ccccc2CC4)-c2ccccc2CC3)cc1,8,308.0,318.0,314.0,10.0
CC(=O)c1ccc(NC(=O)c2ccc(N(C)C)cc2)cc1,4,321.0,331.0,325.5,10.0
CSc1ccc(/C=C/c2cnc3ccccc3n2)cc1,5,373.0,383.0,377.0,10.0
c1ccc2cc(-c3cc(-c4nccs4)nc(-c4nccs4)c3)ccc2c1,4,323.0,333.0,331.0,10.0
c1ccc2c(c1)[nH]c1cccnc12,8,334.0,344.0,338.0,10.0
c1ccc2c(c1)-c1ccccc1C21c2ccccc2-c2c1c1c3ccccc3ccc1c1ccccc21,2,377.0,387.0,382.0,10.0
c1ccc2c(c1)CCc1c-2cnc2c1-c1ccccc1CC2,8,315.0,325.0,323.0,10.0
N#Cc1ccc(-c2ccc3c(c2)c2cc(-c4ccc(C#N)cc4)ccc2c2c3nc(-c3ccc(-c4ccc(N(c5ccccc5)c5ccccc5)cc4)cc3)n2-c2ccccc2)cc1,4,360.4395604,370.05494510000005,363.32417580000003,9.61538470000005
COc1cc(C(=O)O)ccc1O,9,284.1,293.6,290.5,9.5
Cc1ccc(C2=C3C=C(I)C=[N+]3[B-](F)(F)n3cc(I)cc32)cc1,6,539.0,548.5,542.0,9.5
COC(=O)C(Cc1ccc2oc(-c3ccc(N(c4ccccc4)c4ccccc4)cc3)nc2c1)NC(=O)OC(C)(C)C,25,359.8002389,369.2503111,364.000364,9.450072199999966
CC(C)(C)c1ccc2c(c1)c1cc(C(C)(C)C)ccc1n2-c1nc2ccccc2nc1-n1c2ccc(C(C)(C)C)cc2c2cc(C(C)(C)C)ccc21,2,419.0,428.2146652,423.6073326,9.214665200000013
CC1(C)CCc2c(c3ccccc3c3nc4ccccc4nc23)O1,6,429.92261389999993,438.98156280000006,434.4997523,9.058948900000132
CC[N+]1(CC)CN2C(=N1)C(C(=O)[O-])=Cc1ccccc12,2,369.0,378.0,373.5,9.0
Cn1cccc1-c1ccc(C#N)cc1,5,317.0,326.0,321.0,9.0
CC(=O)OC[C@@H]1O[C@H](n2cnc3c2N=CN2Cc4c[n+](C)c(C)nc4N=C32)[C@@H](O)[C@H]1O,3,383.0,392.0,389.0,9.0
O=C1/C(=C2\Sc3ccccc3C2=O)Sc2ccccc21,5,536.0,545.0,543.0,9.0
c1ccc(C2=C(c3ccccc3)c3cccc4c3c(cc3nc5cc(-c6ccc(N(c7ccccc7)c7ccccc7)cc6)c(-c6ccc(N(c7ccccc7)c7ccccc7)cc6)cc5nc34)O2)cc1,2,516.0,525.0,520.5,9.0
CN(C)c1ccc2nc3ccc(N(C)C)cc3[s+]c2c1,4,655.0,664.0,658.5,9.0
CCCCCn1c2ccccc2c(=O)c2ccccc21,2,394.0,403.0,398.5,9.0
c1ccc(N(c2ccccc2)c2ccc(-c3nc4c5ccccc5c5ccccc5c4n3-c3ccccc3)cc2)cc1,2,400.0,409.0,404.5,9.0
CC(C)(C)c1cc2c(c(C(C)(C)C)c1)O[B-](F)(F)[n+]1c-2[nH]c(=O)c2ccccc21,2,357.0,366.0,361.5,9.0
C(=C/c1cccnc1)\c1ccc(N(c2ccccc2)c2ccccc2)cc1,2,358.0,367.0,362.5,9.0
O=c1ccc2cc3ccoc3cc2o1,5,294.0,303.0,299.0,9.0
O=C(O)C1=CC(=C/C=[N+]2/c3cc(O)c(C[C@@H]4O[C@H](CO)[C@@H](O)C(O)[C@H]4O)cc3C[C@H]2C(=O)O)C=C(C(=O)O)N1,4,467.0,476.0,468.0,9.0
CN(C)c1ccc(/C=C/C=C/C2=NC3C(=O)NC(N)=NC3N2[C@H]2C[C@H](O)[C@@H](CO)O2)cc1,3,343.0,352.0,349.0,9.0
O=C1Nc2ccccc2/C1=C/C(=O)c1ccc(Cl)cc1,12,332.0,341.0,337.5,9.0
COc1c2ccccc2c(OC)c2c(C#CC(C)(C)C)c3cc4sccc4cc3c(C#CC(C)(C)C)c12,2,624.0,633.0,628.5,9.0
CCC1=C(C)C(=O)n2c1cc1c(CCC(=O)OC)c(C)c(C)n1c2=O,6,420.0,429.0,425.5,9.0
CCCCCCOc1ccc(-c2cnc(-c3nnc(-c4ccc(OCCCCCC)cc4)o3)o2)cc1,6,316.0,325.0,320.0,9.0
CCC1(CC)c2cc(B(c3c(C)cc(C)cc3C)c3c(C)cc(C)cc3C)ccc2-c2ccc(N(c3ccccc3)c3ccccc3)cc21,7,394.0,403.0,400.0,9.0
CN1/C(=C/C=C(/C=C/C2=[N+](C)c3ccccc3C2(C)C)c2cccc(C(F)(F)F)c2)C(C)(C)c2ccccc21,4,633.0,642.0,635.5,9.0
O=P1(c2ccccc2)C(c2cc(C(F)(F)F)cc(C(F)(F)F)c2)=Cc2c3ccc4cccc5ccc(c6cc(-c7ccccc7)n1c26)c3c45,9,444.0,453.0,450.0,9.0
Cn1c2ccccc2c(=O)c2ccccc21,2,394.0,403.0,398.5,9.0
CCC(CC)COC1=CC2=C3c4cc(OCC(CC)CC)c(-c5ccccc5)n4[B-](F)(F)[n+]4c3n(c3cc(C(C)(C)C)ccc34)[B-](F)(F)[N+]2=C1c1ccccc1,3,694.0,703.0,702.0,9.0
N#CSC1=CC2=C(c3c(Cl)cccc3Cl)c3cc(SC#N)c(NCc4ccccc4)n3[B-](F)(F)[N+]2=C1NCc1ccccc1,5,635.0,644.0,641.0,9.0
CCn1c2ccsc2c2c3nsnc3c3c4sccc4n(CC)c3c21,5,432.0,441.0,436.0,9.0
CCCCCCCc1cc2c(o1)=CC1=C3c4cc5oc(CCCCCCC)cc5n4[B-](F)(F)[n+]4nnn(c43)[B-](F)(F)[N+]=21,2,676.0,685.0,680.5,9.0
N#Cc1ccc(C#Cc2ccc3ccc4ccc(C#Cc5ccc(C#N)cc5)c5ccc2c3c45)cc1,9,405.0,414.0,408.0,9.0
CCOC(=O)CN1C(=O)C2=C(c3ccc(C#N)cc3)N(CC(=O)OCC)C(=O)C2=C1c1ccc(C#N)cc1,3,473.0,482.0,480.0,9.0
c1ccc(-c2cc(-c3ccccc3)cc(-c3ccc4c(c3)C3(c5ccccc5-4)c4ccccc4-c4c3c3c5ccccc5c(-c5cc(-c6ccccc6)cc(-c6ccccc6)c5)cc3c3ccccc43)c2)cc1,2,387.0,396.0,391.5,9.0
CCC1=C(C)C2=Cc3c4ccccc4c4n3[B-](c3ccc5cc6ccccc6cc5c3)(Oc3ccccc3-4)[N+]2=C1C,4,621.0,630.0,626.5,9.0
COc1cc2c(cc1-c1ccccc1)Cc1c3c(c4c(c1-2)-c1cc(OC)c(-c2ccccc2)cc1C4)C(=O)N(CCC(C)C)C3=O,8,405.0,414.0,406.5,9.0
CC(C)(C)c1ccc2c3c(c4ccc(C(C)(C)C)cc4c2c1)=[N+]1C(=C(c2ccccc2)c2c(Br)c4c5ccc(C(C)(C)C)cc5c5cc(C(C)(C)C)ccc5c4n2[B-]1(F)F)C=3Br,5,682.0,691.0,689.0,9.0
CC(C)[Si](C#Cc1c2nsnc2c(C#C[Si](C(C)C)(C(C)C)C(C)C)c2nc3c4ccccc4c(=O)c4ccccc4c3nc12)(C(C)C)C(C)C,2,561.0,570.0,565.5,9.0
Cc1ccc(C2=C3C=CC(c4ccccc4)=[N+]3[B-](F)(F)n3c(Cl)ccc32)cc1,7,525.0,534.0,530.0,9.0
CCN1c2ccccc2Sc2cc(/C=C(\C#N)c3ccccc3)ccc21,7,409.0,418.0,412.0,9.0
CCC1=C(C)C2=Cc3c4ccccc4c4n3[B-](C)(Oc3ccccc3-4)[N+]2=C1C,4,616.0,625.0,621.5,9.0
CCCCc1cc(C(=O)CCC)c2ccc3c(CCCC)cc(N4CCCCC4)c4ccc1c2c34,9,400.0,409.0,405.0,9.0
CC1=C(c2cccs2)C(C)=[N+]2C1=C(c1ccc(O)cc1)c1c(C)c(-c3cccs3)c(C)n1[B-]2(F)F,3,521.0,530.0,528.0,9.0
CCOC(=O)C1CC(c2c(C#N)c(C)nn2-c2ccccc2)=CN1c1ccc(Br)cc1,8,366.0,375.0,370.0,9.0
CCOC(=O)/C(C#N)=C\c1cn(-c2ccccc2)nc1-c1ccccc1,10,344.0,353.0,347.5,9.0
Cc1cccc2cc(-c3cc4cccc(C)c4oc3=O)oc12,5,367.0,376.0,370.0,9.0
CC1(C)CC(=O)c2cc(F)cc(F)c2N1,2,377.0,386.0,381.5,9.0
CCN(CC)c1ccc(/N=N/c2ccc3c(=O)[nH][nH]c(=O)c3c2[N+](=O)[O-])c(NC(C)=O)c1,3,517.0,526.0,523.0,9.0
Cc1n[nH]c2c1C(c1ccc([N+](=O)[O-])cc1)C(C#N)=C(N)O2,12,259.0,268.0,263.5,9.0
CCN(CC)c1ccc2c(c1)oc(=O)c1c(=O)oc3cc(C#Cc4ccc(N(C)C)cc4)ccc3c12,2,459.0,468.0,463.5,9.0
CC1=C(c2cccs2)C(C)=[N+]2C1=C(c1ccc(OS(=O)(=O)c3ccc([N+](=O)[O-])cc3[N+](=O)[O-])cc1)c1c(C)c(-c3cccs3)c(C)n1[B-]2(F)F,3,526.0,535.0,533.0,9.0
CCCCNc1ccc(NCCCC)c2c1C(=O)c1ccccc1C2=O,13,640.0,649.0,646.0,9.0
COc1cc(OC)c2c(c1)C(=O)c1ccccc1-2,3,446.0,455.0,455.0,9.0
OC1(c2ccc(-c3cccs3)s2)CCCCC1,6,308.0,317.0,310.5,9.0
CC(C)[Si](C#Cc1c2cc3ccccc3cc2c(C#C[Si](C(C)C)(C(C)C)C(C)C)c2nc3c4ccccc4c(=O)c4ccccc4c3nc12)(C(C)C)C(C)C,2,615.0,624.0,619.5,9.0
Nc1nc2ccc([N+](=O)[O-])cc2s1,2,346.0,355.0,350.5,9.0
CCN(CC)c1ccc(/N=N/c2ccc3c(=O)[nH][nH]c(=O)c3c2[N+](=O)[O-])cc1,3,496.0,505.0,499.0,9.0
COc1ccc(C#Cc2ccc(-c3nn[nH]n3)cc2)cc1OC,6,315.0,324.0,321.0,9.0
CCN1C(=CC2=C([O-])C(=CC3=[N+](CC)c4ccccc4C3(C)C)C2=O)C(C)(C)c2ccccc21,3,628.0,637.0,635.0,9.0
CCCCCCOc1ccc(N(c2ccc(OCCCCCC)cc2)c2ccc(-c3sc(-c4ccc(N(c5ccc(OCCCCCC)cc5)c5ccc(OCCCCCC)cc5)cc4)c4nc(-c5ccccc5)c(-c5ccccc5)nc34)cc2)cc1,8,592.0,601.0,600.0,9.0
COc1cc(OC)c2ccc(=O)oc2c1,5,318.0,327.0,324.0,9.0
CC[N+](CC)=c1ccc2c(-c3ccccc3C(=O)O)c3oc4cc(N)ccc4c3oc-2c1,3,572.0,581.0,581.0,9.0
CN1C(C(=O)Nc2ccccn2)=C([O-])c2sccc2S1(=O)=O,5,373.0,382.0,376.0,9.0
Oc1cc(-c2cccs2)ccc1-c1nc2ccccc2s1,3,361.0,370.0,364.0,9.0
C(=C/c1ccncn1)\c1ccc(N(c2ccccc2)c2ccccc2)cc1,5,392.0,401.0,398.0,9.0
C(#Cc1cccc(C#Cc2ccc(-n3c4ccccc4c4ccccc43)cc2)c1)c1ccc(-n2c3ccccc3c3ccccc32)cc1,6,329.0,338.0,332.5,9.0
C#CCN1C(=O)/C(=C/c2cc(OC(C)C)ccc2OC(C)C)N=C1C,11,392.0,401.0,398.0,9.0
CCCCCCn1c2c(c3ccccc31)-c1c(c3ccccc3n1CCCCCC)-c1c(c3ccccc3n1CCCCCC)-c1c-2c2ccccc2n1CCCCCC,2,312.0,321.0,316.5,9.0
CC1=C(c2cccs2)C(C)=[N+]2C1=C(c1ccccc1)c1c(C)c(-c3cccs3)c(C)n1[B-]2(F)F,3,521.0,530.0,527.0,9.0
CN(C)c1c2ccccc2cc2ccccc12,12,384.0,393.0,386.0,9.0
CCn1c2ccccc2c2cc(-c3cc(-c4ccc5c(c4)c4ccccc4n5CC)nc(C#N)n3)ccc21,5,378.0,387.0,381.0,9.0
O=CN1N=C(c2ccc(Br)cc2)C[C@@H]1c1ccccc1,9,297.0,306.0,302.0,9.0
CN1C(=CC2=C([O-])C(=CC3=[N+](C)c4ccccc4C3(C)C)C2=O)C(C)(C)c2cc(Cl)ccc21,3,629.0,638.0,637.0,9.0
CCCCC1(CCCC)c2cc(C#Cc3ccc4ccc5cccc6ccc3c4c56)ccc2-c2ccc(C#Cc3ccc4ccc5cccc6ccc3c4c56)cc21,8,418.0,427.0,421.0,9.0
CC(=O)c1nc(-c2ccc(N(c3ccccc3)c3ccccc3)cc2)oc1C,6,324.0,333.0,327.0,9.0
O=C(c1ccc(/C(=C(/c2ccccc2)c2ccc(C(=O)c3ccc(-n4c5ccccc5c5ccccc54)cc3)cc2)c2ccccc2)cc1)c1ccc(-n2c3ccccc3c3ccccc32)cc1,2,340.0,349.0,344.5,9.0
CCOC(=O)c1ccccc1-c1c2ccc(=[N+](CC)CC)cc-2oc2c1c(=O)oc1c3c4c(cc12)CCCN4CCC3,3,616.0,625.0,616.0,9.0
N#Cc1cc2ccc(O)cc2oc1=N,5,355.0,364.0,360.0,9.0
CC1(C)CCc2c(c3ccccc3c3nc4c5c(c6ccccc6c4nc23)OC(C)(C)CC5)O1,9,452.079566,461.0419548,458.9261129,8.962388799999985
COc1ccc2c(c1)c1ccccc1n2-c1nc2ccccc2nc1-n1c2ccccc2c2cc(OC)ccc21,2,423.0,431.9341126,427.46705629999997,8.934112599999992
CCOC(=O)c1sc(SC)c2c(=O)[nH]nnc12,6,380.5,389.0,384.75,8.5
CC1=C(C(C)(C)C)C(C)=[N+]2C1=C(C)c1c(C)c(C(C)(C)C)c(C)n1[B-]2(F)F,22,520.8,529.0,524.7,8.200000000000045
c1ccc(-c2ccccc2)cc1,2,246.0,254.1296061,250.06480305,8.12960609999999
c1ccc(-c2nn(-c3ccccc3)c3nc4ccc(-n5c6ccccc6c6ccccc65)cc4cc23)cc1,7,411.01520760000005,419.1114837,414.9377593,8.096276099999955
F[B-]1(F)n2c(-c3cccs3)cc(-c3ccccc3)c2N=C2C(c3ccccc3)=CC(c3cccs3)=[N+]21,2,710.0,718.0,714.0,8.0
CCCCCCOc1ccc(C#Cc2ccc(C#Cc3ccc(OCCCCCC)c(OCCCCCC)c3)c3nsnc23)cc1OCCCCCC,8,440.0,448.0,445.5,8.0
CC(=O)Nc1ccccc1C(=O)OC1CC(C)CCC1C(C)C,7,307.0,315.0,310.0,8.0
CCn1c2ccccc2c2cc(/C=C/c3cc(/C=C/c4ccc5c(c4)c4ccccc4n5CC)[n+](CCCS(=O)(=O)[O-])c(/C=C/c4ccc5c(c4)c4ccccc4n5CC)c3)ccc21,4,458.0,466.0,463.0,8.0
C(=C/c1ccc(N(c2ccccc2)c2ccccc2)cc1)\c1ccc(/C=C/c2ccc(N(c3ccccc3)c3ccccc3)cc2)cc1,3,406.0,414.0,410.5,8.0
c1ccc2c(-c3ccncc3)c3c(nc2c1)-c1cc2c(cc1CC3)-c1nc3ccccc3c(-c3ccncc3)c1CC2,2,376.0,384.0,380.0,8.0
CC(C)(C)c1ccc(-c2c(-c3ccc(N(c4ccccc4)c4ccccc4)cc3)c(C#N)c(-c3ccc(N(c4ccccc4)c4ccccc4)cc3)c(-c3ccc(C(C)(C)C)cc3)c2-c2ccc(C(C)(C)C)cc2)cc1,2,330.0,338.0,334.0,8.0
O=C1C2=C(O[B-](F)(F)[n+]3c2ccc2ccccc23)c2cccc3c(N4CCOCC4)ccc1c23,5,419.0,427.0,424.0,8.0
O=C1C2=C(O[B-](F)(F)[n+]3c2ccc2ccccc23)c2ccc(N3CCOCC3)c3cccc1c23,5,460.0,468.0,464.0,8.0
O=C1C=Cc2cc3ccccc3c(=O)n21,4,349.0,357.0,352.0,8.0
O=C1CCCC2=C1CC1=C(CCCC1=O)N2NC(=O)c1ccc(O)cc1,6,368.0,376.0,370.0,8.0
CCCCCCN(c1ccccc1)c1ccc(/C=C/c2cc(=O)oc3cc(C)ccc23)cc1,2,424.0,432.0,428.0,8.0
CN1C(C(=O)Nc2ccccn2)=C([O-])c2ccccc2S1(=O)=O,5,359.0,367.0,361.0,8.0
CCn1c2ccccc2c2cc(C#Cc3cc(C#Cc4ccc5c(c4)c4ccccc4n5CC)nc(OC)n3)ccc21,5,384.0,392.0,389.0,8.0
CCn1c2sccc2c2c3nsnc3c3c4ccsc4n(CC)c3c21,5,422.0,430.0,424.0,8.0
c1ccc2c(-c3ccc(-c4nnc(-c5ccc(-c6nnc(-c7ccc(-c8cccc9ccccc89)s7)o6)cc5)o4)s3)cccc2c1,11,354.0,362.0,359.0,8.0
C#CCOc1ccc(C2=[N+]3C(=Nc4c(-c5ccccc5)cc(-c5ccc(O)cc5)n4[B-]3(F)F)C(c3ccccc3)=C2)cc1,3,680.0,688.0,685.0,8.0
CCC1=C(C)C(=O)n2c1cc1c(C)c(CC(=O)O)c(C)n1c2=O,6,417.0,425.0,423.5,8.0
N#C/C(=C\c1cn(-c2ccccc2)nc1-c1ccc([N+](=O)[O-])cc1)c1nc2ccccc2s1,7,375.0,383.0,378.0,8.0
O=Cc1ccc(-c2ccc(O)c(-c3nc4ccccc4s3)c2)o1,3,341.0,349.0,342.0,8.0
CCC1=C(C)C(=O)n2c1cc1c(CCC(=O)O)c(C)c(C)n1c2=O,6,415.0,423.0,420.0,8.0
Cn1c2ccccc2[c+](-c2ccccc2)c2cc([N+](=O)[O-])ccc21,4,426.3,434.3,430.20000000000005,8.0
O=c1oc2ccccc2cc1-c1cc2ccccc2o1,5,365.0,373.0,368.0,8.0
CCC(C)[Si](C#Cc1c2nc3c4ccccc4c(=O)c4ccccc4c3nc2c(C#C[Si](C(C)CC)(C(C)CC)C(C)CC)c2nc3c4ccccc4c(=O)c4ccccc4c3nc12)(C(C)CC)C(C)CC,2,544.0,552.0,548.0,8.0
N#Cc1ccc(-n2c(-c3ccc(-c4ccc(N(c5ccccc5)c5ccccc5)cc4)s3)nc3c4ccccc4c4ccccc4c32)c2ccccc12,2,308.0,316.0,312.0,8.0
Cn1c(=O)cc(C(=O)c2ccccc2)c2sc(-c3ccc(N(c4ccccc4)c4ccccc4)cc3)cc21,2,430.0,438.0,434.0,8.0
CCC1(CC)c2cc(-c3ccc(-c4ccccc4)cc3-c3ccccc3)ccc2-c2cc3c(cc21)-c1ccc(-c2ccc(-c4ccccc4)cc2-c2ccccc2)cc1C3(CC)CC,2,358.0,366.0,362.0,8.0
CCCN1C(=O)c2c3c(c4c(c2C1=O)CCc1cc(-c2ccc(N(C)C)cc2)c(OC)cc1-4)-c1cc(OC)c(-c2ccc(N(C)C)cc2)cc1CC3,5,404.0,412.0,409.0,8.0
CCCN1/C(=C/C=C(/C=C/C2=[N+](CCC)c3ccccc3C2(C)C)c2ccc([N+](=O)[O-])cc2)C(C)(C)c2ccccc21,3,635.0,643.0,635.0,8.0
CCCCc1ccc(N(c2ccc(CCCC)cc2)c2ccc3c(c2)S(=O)(=O)c2cc(N(c4ccc(CCCC)cc4)c4ccc(CCCC)cc4)ccc2-3)cc1,2,428.0,436.0,432.0,8.0
N#CC1=C(c2ccc(-c3cccs3)s2)CCC1,6,360.0,368.0,365.0,8.0
C=Cc1ccc(-c2ccc(-c3nnc(-c4ccc(-c5nnc(-c6ccc(-c7ccc(C=C)cc7)s6)o5)cc4)o3)s2)cc1,11,338.0,346.0,343.0,8.0
c1ccc(-n2c(-c3ccc(-c4ccc(-c5ccc(-c6nc7c8ccccc8c8ccccc8c7n6-c6ccccc6)cc5)cc4)cc3)nc3ccccc32)cc1,14,337.0,345.0,341.0,8.0
CC(=O)c1cc(=O)n(C)c2cc(-c3ccc(N(C)C)cc3)sc12,2,440.0,448.0,444.0,8.0
CCN(CC)c1ccc2cc(C#N)/c(=N\C(C)=O)oc2c1,2,422.0,430.0,426.0,8.0
COc1ccc(NC(=O)C(C(=O)Nc2ccc(OC)cc2)C(c2ccccc2O)c2c(C)[nH]c3ccccc23)cc1,2,258.0,266.0,262.0,8.0
COc1ccc(OC)c(C=O)c1,13,348.0,356.0,352.0,8.0
COc1ccc2c(c1)[n+]([O-])nc(N)[n+]2[O-],2,432.0,440.0,436.0,8.0
COc1ccc(C#Cc2ccc(C#N)cc2)cc1,9,324.0,332.0,330.0,8.0
CC1(C)CC(/C=C/c2ccc(-n3ccnc3)cc2)=CC(=C(C#N)C#N)C1,6,390.0,398.0,392.0,8.0
CN(C)c1ccc(/C=C/c2nc3cc(Br)ccc3nc2-c2ccccc2)cc1,3,445.0,453.0,448.0,8.0
CN(C)c1ccc(/C=C/c2nc3ccc(Br)cc3nc2-c2ccccc2)cc1,3,445.0,453.0,448.0,8.0
CCN1C(=CC=Cc2n(CC)c3cc(Cl)c(Cl)cc3[n+]2CC)N(CC)c2cc(Cl)c(Cl)cc21,9,514.0,522.0,518.0,8.0
CC(C)[Si](C#Cc1c2ccccc2c(C#C[Si](C(C)C)(C(C)C)C(C)C)c2nc3cc4c(cc3nc12)C1c2ccccc2C4c2ccccc21)(C(C)C)C(C)C,3,558.0,566.0,562.0,8.0
CC(C)[Si](C#Cc1c2cc3ccccc3cc2c(C#C[Si](C(C)C)(C(C)C)C(C)C)c2nc3cc4c(cc3nc12)C1c2ccccc2C4c2ccccc21)(C(C)C)C(C)C,2,675.0,683.0,679.0,8.0
OC1(c2ccc(-c3cccs3)s2)CCC1,6,308.0,316.0,310.5,8.0
CC1=[N+]2C(=C(c3ccc(-c4c5ccccc5c(-c5ccccc5)c5ccccc45)cc3)c3ccc(C)n3[B-]2(F)F)C=C1,6,508.0,516.0,512.0,8.0
NS(=O)(=O)c1ccc(N2N=C(c3ccc(O)cc3)CC2c2ccc(Br)cc2)cc1,10,356.0,364.0,357.5,8.0
CCOC(=O)CN1C(=O)C2=C(c3ccc(C#N)cc3)N(CC(=O)OCC)C(=O)C2=C1c1ccccc1,3,464.0,472.0,471.0,8.0
Cc1ccc(C2=C3C=CC(Cl)=[N+]3[B-](F)(F)n3c(Cl)ccc32)cc1,7,508.0,516.0,511.0,8.0
O=Cc1ccc2c(c1)c1ccccc1n2-c1cc2ccccc2c2ccccc12,4,313.0,321.0,315.0,8.0
COc1cc(C=O)cc(-c2[nH]c(=O)n3c2-c2ccccc2C3=O)c1O,3,390.0,398.0,390.0,8.0
COc1ccc(-c2ccc(-c3c4c(nc5ccccc35)-c3cc5c(cc3CC4)-c3nc4ccccc4c(-c4ccc(-c6ccc(OC)cc6)cc4)c3CC5)cc2)cc1,2,376.0,384.0,380.0,8.0
COc1ccc(-c2cc(-c3ccc(OC)cc3)c3c(N)nc(N4CCCC4)c(C#N)c3n2)cc1,7,412.0,420.0,416.0,8.0
Cc1nc2cc(/C=C/c3ccc(N(C)C)cc3)ccc2nc1-c1ccccc1,3,407.0,415.0,407.0,8.0
CN(C)c1ccc(/C=C/c2ccc(C#N)cc2)cc1,7,378.0,386.0,383.0,8.0
CN(C)c1ccc(C(=O)Nc2cccc(Cl)c2)cc1,4,310.0,318.0,312.5,8.0
CN(C)c1ccc(C2=Cc3c4ccccc4cc[n+]3[B-](F)(F)O2)cc1,10,458.0,466.0,461.0,8.0
CC1=CC(C)=[N+]2C1=Cc1c3ccccc3c(C#Cc3cccs3)n1[B-]2(F)F,5,618.0,626.0,621.0,8.0
Nc1nc2ccccc2[n+]([O-])n1,2,407.0,415.0,411.0,8.0
CCCCOc1ccc2cc(-c3ccc(C)cc3)c(=O)oc2c1,4,338.0,346.0,343.5,8.0
CC1(C)CC(=O)c2c(F)c(F)c(F)c(F)c2N1,2,360.0,368.0,364.0,8.0
CCN(CC)c1ccc2cc(-c3ccc(C(F)(F)F)cc3)oc(=O)c2c1,9,362.0,370.0,365.0,8.0
CC1=CC(C)=[N+]2C1=C(c1ccc3cccnc3n1)c1c(C)cc(C)n1[B-]2(F)F,5,501.0,509.0,506.0,8.0
CN(C)c1ccc(C(=O)Nc2cccc(Br)c2)cc1,4,310.0,318.0,314.5,8.0
CN(C)c1ccc(C(=O)Nc2ccc(Cl)cc2)cc1,4,309.0,317.0,312.5,8.0
O=c1oc2ccccc2cc1-c1nc2ccccc2o1,15,352.0,360.0,354.0,8.0
Cc1ccc(C(=O)/C=C2\C(=O)Nc3ccccc32)cc1C,12,333.0,341.0,337.0,8.0
CN(C)c1ccc2c(-c3ccc(C(=O)[O-])cc3C(=O)[O-])c3ccc(=[N+](C)C)cc-3oc2c1,2,540.0,548.0,544.0,8.0
Cc1nc2ccc(/C=C/c3ccc(N(C)C)cc3)cc2nc1-c1ccccc1,3,400.0,408.0,403.0,8.0
CCC1=C(C)C2=Cc3c4ccccc4c4n3[B-](c3cc[n+](C)cc3)(Oc3ccccc3-4)[N+]2=C1C=Cc1ccc(OC)cc1,2,695.0,703.0,699.0,8.0
Cc1cccc(NC(=O)c2ccc(N(C)C)cc2)c1,4,306.0,314.0,308.5,8.0
COc1ccc(-n2nc(C#N)c(N3CCCC3)n2)cc1,6,335.0,343.0,340.0,8.0
O=S1(=O)c2ccccc2-c2c1c1ccccc1p2-c1ccccc1,4,349.0,357.0,355.5,8.0
CCC1=C(C)C2=C(c3cc(C(=O)Cl)cc(C4=C5C(C)=C(CC)C(C)=[N+]5[B-](F)(F)n5c(C)c(CC)c(C)c54)c3)c3c(C)c(CC)c(C)n3[B-](F)(F)[N+]2=C1C,5,527.0,535.0,534.0,8.0
CCCCCCc1ccc(-n2c3[n+](c4c5ccccc5c5ccccc5c42)[B-](C)(C)c2ccc4ccccc4c2-3)cc1,4,385.0,393.0,391.0,8.0
CCC1=C(C)C2=C(c3cc(C4=C5C(C)=C(CC)C(C)=[N+]5[B-](F)(F)n5c(C)c(CC)c(C)c54)cc(C4=C5C(C)=C(CC)C(C)=[N+]5[B-](F)(F)n5c(C)c(CC)c(C)c54)c3)c3c(C)c(CC)c(C)n3[B-](F)(F)[N+]2=C1C,5,531.0,539.0,537.0,8.0
Cc1ccc(C2=C3C=CC(/C=C/c4ccccc4)=[N+]3[B-](F)(F)n3c(Cl)ccc32)cc1,7,564.0,572.0,569.0,8.0
Cc1ccc(Nc2ccc(Nc3ccc(C)cc3)c3c2C(=O)c2ccccc2C3=O)cc1,13,636.0,644.0,641.0,8.0
c1ccc(-c2cc(-c3ccc(N(c4ccccc4)c4ccccc4)cc3)cc(-c3ccccc3)n2)cc1,5,354.0,362.0,359.0,8.0
CC(C)(C)NS(=O)(=O)c1ccc2c(c1)C(=O)/C(=C1\Sc3ccc(S(=O)(=O)NC(C)(C)C)cc3C1=O)S2,3,538.0,546.0,543.0,8.0
N#C/C(=C\C=C\c1ccccc1)c1ccccc1,6,341.0,349.0,343.0,8.0
CCCCCCCCCCCCC(CCCCCCCCCC)Cn1c2cc(/C=C/c3nc4ccccc4s3)c3cccc4c5cccc6c(/C=C/c7nc8ccccc8s7)cc1c(c65)c2c34,4,516.0,524.0,519.0,8.0
CCC1=C(C)C2=Cc3cc4c(cc3B(O)N2C1=O)OCO4,4,381.0,389.0,383.5,8.0
CCCCC(CC)COC(=O)/C=C/c1ccccc1OC,2,312.0,320.0,316.0,8.0
F[B-]1(F)n2cccc2C2=[N+]1c1cccc3cccc(c13)N2,4,333.0,341.0,336.5,8.0
COC(=O)c1cc(=O)n(C)c2cc(-c3ccc(OC)cc3)sc12,9,396.0,404.0,400.0,8.0
CCC1=C(C)C2=Cc3c4ccccc4c4n3[B-](c3ccccc3)(Oc3ccccc3-4)[N+]2=C1C,4,621.0,629.0,626.0,8.0
COC(=O)c1ccc(NC(=O)c2ccc(N(C)C)cc2)cc1,4,318.0,326.0,321.5,8.0
CCC1=C(C)C2=C(c3cc(C(=O)Cl)cc(C(=O)Cl)c3)c3c(C)c(CC)c(C)n3[B-](F)(F)[N+]2=C1C,5,524.0,532.0,529.0,8.0
CCC1=C(C)C2=Cc3c4ccccc4c4n3[B-](c3ccncc3)(Oc3ccccc3-4)[N+]2=C1C,4,621.0,629.0,626.0,8.0
CCC1=C(C)C2=Cc3c4ccccc4c4n3[B-](c3ccc(OC)cc3)(Oc3ccccc3-4)[N+]2=C1C,4,621.0,629.0,626.0,8.0
CCC1=C(C)C2=Cc3c4ccccc4c4n3[B-](c3ccc5ccc6cccc7ccc3c5c67)(Oc3ccccc3-4)[N+]2=C1C,4,622.0,630.0,627.5,8.0
CN(C)c1ccc(-c2cc3c(s2)c(C(=O)c2ccccc2)cc(=O)n3Cc2ccccc2)cc1,2,438.0,446.0,442.0,8.0
CCOC(=O)CN1C(=O)C2=C(c3ccccc3)N(CC(=O)OCC)C(=O)C2=C1c1ccccc1,3,454.0,462.0,460.0,8.0
CN(C)c1ccc(-c2nc(-c3ccc(-n4c5ccccc5c5ccccc54)cc3)cc(-c3ccc(-n4c5ccccc5c5ccccc54)cc3)n2)cc1,4,345.0,353.0,348.0,8.0
COC(=O)C(NC(=O)OC(C)(C)C)c1ccc2oc(-c3cc(OC)c(OC)cc3OC)nc2c1,3,327.0,335.0,333.0,8.0
CCOC(=O)CN(CC(=O)OCC)c1ccc(-c2cc(-c3ccccn3)nc(-c3ccccn3)c2)cc1,5,328.0,336.0,328.0,8.0
CC(C)(C)c1ccc2oc(-c3ccc(-c4nc5cc(C(C)(C)C)ccc5o4)s3)nc2c1,10,371.0,379.0,374.0,8.0
Cc1ccc(/C(C#N)=C/c2cc(/C=C(\C#N)c3ccc(C)cc3)c(-c3ccc(N(c4ccccc4)c4ccccc4)cc3)cc2-c2ccc(N(c3ccccc3)c3ccccc3)cc2)cc1,7,385.0,393.0,391.0,8.0
CCNc1ccc(NCC)c2c1C(=O)c1ccccc1C2=O,13,639.0,647.0,644.0,8.0
CCN1c2ccc(/C=N/Nc3ccccn3)cc2Sc2cc(-c3ccccc3)ccc21,4,379.0,387.0,383.0,8.0
O=C1c2ccccc2C2=Cc3ccc4ccccc4[n+]3[B-](F)(F)N12,3,450.0,458.0,454.0,8.0
COc1ccccc1NC1=CC(=O)c2ccccc2C1=O,2,468.0,476.0,472.0,8.0
CC(C)(C)c1ccc(C(C)(C)C)c(N2C(=O)c3cccc4c(-c5ccc(-c6ccc([N+](=O)[O-])cc6)s5)ccc(c34)C2=O)c1,3,392.0,400.0,393.0,8.0
CN(C)CCN(Cc1c2ccccc2cc2ccccc12)c1ccc([N+](=O)[O-])cc1,8,390.0,398.0,393.0,8.0
O=C1c2ccccc2C2=Cc3cccc[n+]3[B-](F)(F)N12,2,391.0,399.0,395.0,8.0
COC(=O)c1nc2c(OCc3ccccc3)nc(N)nc2n1Cc1ccccc1,4,313.0,321.0,315.5,8.0
CCOC(=O)c1csc2[n+]1[B-](F)(F)OC(c1ccc(N(C)C)cc1)=N2,4,404.0,412.0,405.5,8.0
CCOC(=O)c1ccc(O)c(-c2[nH]c(=O)n3c2-c2ccccc2C3=O)c1,3,391.0,399.0,395.0,8.0
N#Cc1cc2ccccc2oc1=O,6,334.0,342.0,338.5,8.0
O=C1CCCc2c1[nH]c1cc3c(cc21)OCO3,8,335.3284223,343.22965760000005,339.0752393,7.901235300000053
CCC1=C(C)C2=C(C)c3c(C)c(CC)c(C)n3[B-](F)(F)[N+]2=C1C,26,514.8,522.7,518.8499999999999,7.900000000000091
CC1(C)Cc2c(c3ccccc3c3nc4c5c(c6ccccc6c4nc23)OC(C)(C)C5)O1,7,483.0917874,490.9180167,488.0429478,7.826229300000023
CCCCN(CCCC)c1ccc(/C=C/c2ccc3c(c2)CCc2cc(/C=C/c4ccc(N(CCCC)CCCC)cc4)ccc2-3)cc1,2,412.7,420.5,416.6,7.800000000000011
CCOC(=O)c1cccc(N)c1,2,315.0485437,322.5728155,318.81067959999996,7.524271800000008
Cc1ccccc1C1=C2C=c3c(oc4c3ccc3ccccc34)=[N+]2[B-](F)(F)n2c1cc1c3ccc4ccccc4c3oc12,3,605.5,613.0,607.0,7.5
Cc1ccc(C2=C3C=CC=[N+]3[B-](F)(F)n3cccc32)cc1,6,493.0,500.5,496.75,7.5
CC1(C)CCc2c(c3ccccc3c3nc4c(nc23)c2c(c3ccccc34)OC(C)(C)CC2)O1,7,429.92261389999993,437.0629371,434.9717268,7.1403232000000685
c1ccc(C2CCN3COc4c5ccccc5c5c6c7c(c2c3c46)C(c2ccccc2)CCN7CO5)cc1,14,402.0,409.1111111,405.0,7.1111111000000164
CN(C)c1ccc(-c2cc(-c3ccc(C#N)cc3)nn2C)cc1,7,288.0,295.0,292.0,7.0
CC(C)(C)c1ccc(C(C)(C)C)c(N2C(=O)c3cccc4c(-c5ccc(-c6ccc(N(c7ccccc7)c7ccccc7)cc6)s5)ccc(c34)C2=O)c1,3,440.0,447.0,445.0,7.0
Cc1cc(O)c(C(=O)/C=C/c2cccc(O)c2)c(=O)o1,2,367.0,374.0,370.5,7.0
CC(C)(C)c1ccc(C(C)(C)C)c(N2C(=O)c3cccc4c(-c5ccc(-c6ccccc6)s5)ccc(c34)C2=O)c1,3,398.0,405.0,403.0,7.0
COc1cccc(OC)c1C1=C2C(C)=CC(C)=[N+]2[B-](F)(F)n2c(C)cc(C)c21,7,500.0,507.0,504.0,7.0
COc1cccc2cc(-c3ccc([N+](=O)[O-])cc3)c(=N)oc12,4,332.0,339.0,333.5,7.0
COc1cccc2cc(-c3ccc([N+](=O)[O-])cc3)c(=O)oc12,4,327.0,334.0,330.0,7.0
COC(=O)CN1C(=O)c2cc3ccc(N(C)C)cc3cc2C1=O,6,373.0,380.0,377.0,7.0
COC(=O)CNC(=O)c1nc2c(N(C)C)nc(N(C)C)nc2n1Cc1ccccc1,4,336.0,343.0,338.0,7.0
Oc1cc(N(c2ccccc2)c2ccccc2)ccc1-c1nc2c3ccccc3c3ccccc3c2[nH]1,7,383.0,390.0,386.0,7.0
Oc1ccc(Nc2ccc3ccccc3n2)cc1,3,354.0,361.0,359.0,7.0
CCn1c2ccccc2c2cc(-c3cc(-c4ccc5c(c4)c4ccccc4n5CC)nc(-c4ccccc4)n3)ccc21,5,360.0,367.0,363.0,7.0
N#Cc1ccc(-c2ccc(C3=CCC(c4ccccc4)CC3)s2)s1,6,366.0,373.0,366.5,7.0
N#Cc1cc(C#N)c(-c2ccc(N(c3ccccc3)c3ccccc3)cc2)cc1-c1ccc(N(c2ccccc2)c2ccccc2)cc1,2,394.0,401.0,397.5,7.0
CCn1c2ccccc2c2cc(-c3cc(-c4ccc5c(c4)c4ccccc4n5CC)nc(-c4ccc(OC)cc4)n3)ccc21,5,362.0,369.0,364.0,7.0
CCn1c2ccccc2c2cc(C#Cc3cc(C#Cc4ccc5c(c4)c4ccccc4n5CC)nc(N4CCCCC4)n3)ccc21,5,391.0,398.0,395.0,7.0
CC(C)(C)c1ccc2c(c1)c1cc(C(C)(C)C)ccc1n2-c1ccc(C#Cc2cccc(C#Cc3ccc(-n4c5ccc(C(C)(C)C)cc5c5cc(C(C)(C)C)ccc54)cc3)c2)cc1,6,338.0,345.0,342.0,7.0
COc1ccc2cc(-c3ccc(C)cc3)c(=O)oc2c1,4,338.0,345.0,342.0,7.0
COc1ccc2cc3c(C)cc(=O)oc3cc2c1,7,337.0,344.0,343.0,7.0
Cc1ccc(-n2c(-c3ccccc3O)nc(-c3ccccc3O)c2-c2ccccc2O)cc1,6,303.0,310.0,306.5,7.0
Oc1cc(-c2ccco2)ccc1-c1nc2ccccc2s1,3,354.0,361.0,359.0,7.0
CCn1c2ccccc2c2cc(/C=C/c3cccc(/C=C/c4ccc5c(c4)c4ccccc4n5CC)[n+]3CCCS(=O)(=O)[O-])ccc21,4,453.0,460.0,456.0,7.0
C(=C/c1nc2ccccc2[nH]1)\c1ccc(-c2nc3c4cccnc4c4ncccc4c3[nH]2)cc1,4,375.0,382.0,378.5,7.0
Cc1cc(-c2ccccc2)nc2c1ccc1nc(-c3ccccc3)cn12,7,345.0,352.0,350.0,7.0
Fc1c(F)c(-n2c3ccccc3c3ccccc32)c(F)c(F)c1/C=C/C(=C(c1ccccc1)c1ccccc1)c1ccccc1,2,360.0,367.0,363.5,7.0
Fc1c(F)c(-n2c3ccccc3c3ccccc32)c(F)c(F)c1/C=C/c1ccc(C(=C(c2ccccc2)c2ccccc2)c2ccccc2)cc1,2,367.0,374.0,370.5,7.0
F[B-]1(F)n2cccc2C(c2c3ccccc3c(-c3ccccc3)c3ccccc23)=C2C=CC=[N+]21,6,502.0,509.0,506.0,7.0
F[B-]1(F)n2cccc2C(c2ccc(-c3c4ccccc4c(-c4ccccc4)c4ccccc34)cc2)=C2C=CC=[N+]21,6,498.0,505.0,501.5,7.0
CCOC(=O)C(C(=O)OCC)C1=[N+]2C(=C(c3ccc(C)cc3)c3ccc(Cl)n3[B-]2(F)F)C=C1,6,508.0,515.0,512.0,7.0
CCCCC(CC)COC(=O)/C=C\c1ccccc1OC,2,298.0,305.0,301.5,7.0
CCCCCCCCCCCCNc1cccc2[n+]1[B-](F)(F)n1c(c3cccc4cccc1c43)=N2,4,493.0,500.0,497.0,7.0
F[B-]1(F)n2ccnc2-c2cccc[n+]21,7,293.0,300.0,297.0,7.0
O=S(=O)(c1ccccc1)c1ccc(-c2ccc3c4ccc(-c5ccc(S(=O)(=O)c6ccccc6)cc5)cc4n(-c4ccccc4)c3c2)cc1,5,334.0,341.0,338.0,7.0
CCCCCCc1ccc(-n2c3[n+](c4c5ccccc5c5ccccc5c42)[B-](C)(C)c2cc(N(c4ccccc4)c4ccccc4)ccc2-3)cc1,4,390.0,397.0,392.5,7.0
CCCCC1=C(CCCC)c2cccc3c2c(cc2nc4ccccc4nc23)O1,2,503.0,510.0,506.5,7.0
F[B-]1(F)n2c(cc3c4ccccc4oc32)C(c2ccccc2)=C2C=c3c(oc4ccccc34)=[N+]21,3,579.0,586.0,581.0,7.0
Cc1cccc2nc3c(=O)[nH]c(=O)[nH]c3nc12,6,379.0,386.0,380.5,7.0
Cc1ccccc1C1=C2C=c3c(oc4ccc(F)cc34)=[N+]2[B-](F)(F)n2c1cc1c3cc(F)ccc3oc12,3,574.5,581.5,576.5,7.0
Cc1nc2c(c[n+]1C)CN1C(=O)N([C@H]3O[C@@H](CO)[C@H](O)[C@@H]3O)C=CC1=N2,10,384.0,391.0,390.0,7.0
Cc1ccc(C2CC(c3ccc(O)cc3)=NN2c2ccc(S(N)(=O)=O)cc2)cc1,10,357.0,364.0,358.5,7.0
NS(=O)(=O)c1ccc(N2N=C(c3ccc(O)cc3)CC2c2ccc(Cl)cc2)cc1,10,356.0,363.0,357.5,7.0
NS(=O)(=O)c1ccc(N2N=C(c3ccc(O)cc3)CC2c2ccc(F)cc2)cc1,10,356.0,363.0,357.5,7.0
NS(=O)(=O)c1ccc(N2N=C(c3ccc(O)cc3)CC2c2ccc([N+](=O)[O-])cc2)cc1,10,351.0,358.0,352.5,7.0
NS(=O)(=O)c1ccc(N2N=C(c3ccc(O)cc3)CC2c2ccccc2)cc1,10,357.0,364.0,358.5,7.0
N#Cc1nc2cnc(N)nc2n1Cc1ccccc1,5,326.0,333.0,331.0,7.0
NC(=O)CC[C@H](/[NH+]=C\C=C1\C=C(C(=O)O)N[C@H](C(=O)O)C1)C(=O)O,5,471.0,478.0,474.0,7.0
N#C[Se]CCCCCOc1ccc2ccc(=O)oc2c1,10,319.0,326.0,322.0,7.0
CCn1c2ccccc2c2cc(-c3cc(-c4ccc5c(c4)c4ccccc4n5CC)nc(-c4ccc(C#N)cc4)n3)ccc21,5,363.0,370.0,366.0,7.0
COc1cc(Br)cc2cc(-c3cc4cc(Br)cc(OC)c4oc3=O)oc12,5,353.0,360.0,359.0,7.0
N#Cc1nc2c(OCc3ccccc3)nc(N)nc2n1Cc1ccccc1,4,311.0,318.0,313.0,7.0
Cc1cnc(NC(=O)C2=C([O-])c3ccccc3S(=O)(=O)N2C)s1,5,364.0,371.0,368.0,7.0
Nc1nc2ccc(F)cc2[n+]([O-])n1,2,415.0,422.0,418.5,7.0
CC1=CC(C)=[N+]2C1=C(c1ccccc1)c1c(C)cc(C)n1[B-]2(F)F,9,497.0,504.0,499.0,7.0
CN(C)c1ccc(/C=C/c2nc3c(ccc4ccccc43)s2)cc1,2,402.0,409.0,405.5,7.0
CN(C)c1ccc(C(=O)Nc2ccccc2)cc1,4,307.0,314.0,309.0,7.0
CN(C)c1ccc(C(=O)Nc2ccc(F)cc2)cc1,4,307.0,314.0,309.0,7.0
COc1ccc(N(c2ccc(OC)cc2)c2cc3ccc4cc(B(c5c(C)cc(C)cc5C)c5c(C)cc(C)cc5C)cc5ccc(c2)c3c45)cc1,6,395.0,402.0,398.5,7.0
COc1ccc(C2CC(c3ccc(O)cc3)=NN2c2ccc(S(N)(=O)=O)cc2)cc1,10,357.0,364.0,358.5,7.0
COc1ccc(C2=C3C=c4c(oc5ccccc45)=[N+]3[B-](F)(F)n3c2cc2c4ccccc4oc23)cc1,3,576.5,583.5,578.0,7.0
COc1ccc(C2=C3C=CC(C)=[N+]3[B-](F)(F)n3c(C)ccc32)cc1,7,505.0,512.0,508.0,7.0
Cc1ccc(C(=O)/C=C2\C(=O)Nc3ccccc32)cc1,12,332.0,339.0,337.0,7.0
OC1(c2ccc(-c3cccs3)s2)CCC(c2ccccc2)CC1,6,307.0,314.0,310.0,7.0
CN(C)c1ccc(/C=C/c2ccc(-c3nc(C#N)c(C#N)n3C)cc2)cc1,4,376.0,383.0,379.0,7.0
COc1ccc(C#Cc2ccc(C#Cc3ccc(C#Cc4ccccc4C#N)cc3C#N)cc2C#N)cc1,5,364.0,371.0,369.0,7.0
O=S(=O)(/N=c1\oc2cccc3c4c(-c5ccccc5)oc5cccc(c(c1-c1ccccc1)c23)c54)C(F)(F)F,5,456.0,463.0,460.0,7.0
CC1=[N+]2C(=C(c3ccc(C#N)cc3)c3ccc(C)n3[B-]2(F)F)C=C1,7,512.0,519.0,516.0,7.0
CC1=N/C(=C\c2ccc(C#N)c(N(C)C)c2)C(=O)N1C,3,362.0,369.0,368.0,7.0
CCCCCCOc1ccc2oc3c(c2c1)=CC1=C(c2ccccc2C)c2cc4c5cc(OCCCCCC)ccc5oc4n2[B-](F)(F)[N+]=31,3,585.0,592.0,587.0,7.0
CCCCOc1ccc(-c2cc3c(o2)c(-c2ccc(OCCCC)cc2)c2n3[B-](F)(F)[N+]3=Cc4c(-c5ccc(OCCCC)cc5)c5oc(-c6ccc(OCCCC)cc6)cc5n4[B-](F)(F)[N+]3=C2)cc1,6,619.0,626.0,623.0,7.0
CCCCC1=Cc2c3ccc4cccc5ccc(c6cc(-c7ccccc7)n(c26)P1(=O)c1ccccc1)c3c45,9,426.0,433.0,430.0,7.0
CCC1(CC)c2cc(N(c3ccccc3)c3ccccc3)ccc2-c2c1c1c(c3c2C(CC)(CC)c2cc(N(c4ccccc4)c4ccccc4)ccc2-3)C(CC)(CC)c2cc(N(c3ccccc3)c3ccccc3)ccc2-1,5,359.0,366.0,363.0,7.0
O=C1Nc2ccccc2/C1=C/C(=O)c1ccc([N+](=O)[O-])cc1,11,340.0,347.0,344.0,7.0
O=C1Nc2ccccc2/C1=C/C(=O)c1ccccc1,12,333.0,340.0,336.5,7.0
O=C1Nc2ccccc2/C1=C/C(=O)c1ccc(Cl)cc1Cl,12,334.0,341.0,339.0,7.0
O=C1Nc2ccccc2/C1=C/C(=O)c1ccc(O)cc1,12,331.0,338.0,336.0,7.0
CCC1=C(C)c2cc3ccccc3c(=O)n2C1=O,5,366.0,373.0,370.0,7.0
F[B-]1(F)n2c(-c3ccccc3)cc(-c3ccccc3)c2N=C2C(c3ccccc3)=CC(c3ccccc3)=[N+]21,2,643.0,650.0,646.5,7.0
COC1=[N+]2C(=C(c3ccc(C)cc3)c3ccc(OC)n3[B-]2(F)F)C=C1,7,510.0,517.0,513.0,7.0
OC1(c2ccc(-c3cccs3)s2)CCCC1,6,341.0,348.0,343.5,7.0
Clc1ccc(C2=C(c3ccc(Cl)cc3)c3cccc4c3c(cc3nc5ccccc5nc34)O2)cc1,2,489.0,496.0,492.5,7.0
COC(=O)c1nc2c(N)nc(N(C)C)nc2n1Cc1ccccc1,4,338.0,345.0,341.0,7.0
COC(=O)c1nc2c(N(C)C)nc(N(C)C)nc2n1Cc1ccccc1,4,344.0,351.0,347.0,7.0
CCC1=C(C)C(=O)n2c1cc1c(C)c(CCC(=O)OC)c(C)n1c2=O,6,420.0,427.0,422.0,7.0
CCC1(CC)c2ccccc2-c2c1c1c(c3c2C(CC)(CC)c2cc(N(c4ccccc4)c4ccccc4)ccc2-3)C(CC)(CC)c2ccccc2-1,5,353.0,360.0,356.0,7.0
COc1cc(/C=C/c2nc3ccccc3s2)c(OC)cc1/C=C/c1nc(C)nc(C)n1,4,423.0,430.0,425.0,7.0
COc1c2ccccc2c(OC)c2c(C#CC(C)(C)C)c3cc4ccccc4cc3c(C#CC(C)(C)C)c12,2,672.0,679.0,675.5,7.0
F[B-]1(F)OC(c2ccc3ccccc3c2)=CC(c2ccc3ccccc3c2)=[O+]1,2,412.0,419.0,415.5,7.0
COc1cc(/C=C/c2nc3ccccc3o2)c(OC)cc1/C=C/c1nc(C)nc(C)n1,4,418.0,425.0,420.5,7.0
CCCCc1ccc(N(c2ccc(CCCC)cc2)c2ccc(-c3ccc4c(c3)S(=O)(=O)c3cc(-c5ccc(N(c6ccc(CCCC)cc6)c6ccc(CCCC)cc6)cc5)ccc3-4)cc2)cc1,2,411.0,418.0,414.5,7.0
N#CC(C#N)=Cc1ccc(-c2ccc(O)c(-c3nc4ccccc4s3)c2)o1,3,429.0,436.0,430.0,7.0
CCC1(CC)c2cc(-c3ccc(N(c4ccc(-c5ccc6c(c5)C(CC)(CC)c5cc(N7c8ccccc8C(C)(C)c8ccccc87)ccc5-6)cc4)c4ccc(-c5ccc6c(c5)C(CC)(CC)c5cc(N7c8ccccc8C(C)(C)c8ccccc87)ccc5-6)cc4)cc3)ccc2-c2ccc(N3c4ccccc4C(C)(C)c4ccccc43)cc21,2,366.0,373.0,369.5,7.0
CCC1(CC)c2cc(B(c3c(C)cc(C)cc3C)c3c(C)cc(C)cc3C)ccc2-c2ccc(N(c3ccccc3)c3ccc4c(c3)C(CC)(CC)c3cc(B(c5c(C)cc(C)cc5C)c5c(C)cc(C)cc5C)ccc3-4)cc21,7,417.0,424.0,422.0,7.0
CC1CC=C(c2ccc(-c3cccs3)s2)CC1,6,336.0,343.0,341.0,7.0
CC1=[N+]2C(=C(c3ccc(N4CCCCC4)cc3)c3ccc(C)n3[B-]2(F)F)C=C1,10,504.0,511.0,506.0,7.0
COc1c2ccccc2c(OC)c2c(C#C[Si](C(C)C)(C(C)C)C(C)C)c3cc4sccc4cc3c(C#C[Si](C(C)C)(C(C)C)C(C)C)c12,2,639.0,646.0,642.5,7.0
Nc1cccc2ncccc12,2,333.0,340.0,336.5,7.0
CC/C=C/C=C/C=C/C=C/CCCCCCCC(=O)O,9,313.0,320.0,315.2,7.0
OCCSc1cccc2[n+]1[B-](F)(F)n1c(c3cccc4cccc1c43)=N2,4,480.0,487.0,484.5,7.0
CCn1c2ccccc2c2cc(C#Cc3cc(C#Cc4ccc5c(c4)c4ccccc4n5CC)nc(SC)n3)ccc21,5,392.0,399.0,396.0,7.0
CCOc1ccc2cc(-c3ccc(C)cc3)c(=O)oc2c1,4,338.0,345.0,343.0,7.0
CCCCCCCCN1C(=O)c2ccc3c4c(-c5ccc(-n6c7ccccc7c7ccccc76)cc5)cc5c6c(cc(-c7ccc(-n8c9ccccc9c9ccccc98)cc7)c(c7ccc(c2c37)C1=O)c64)C(=O)N(CCCCCCCC)C5=O,2,551.0,558.0,554.5,7.0
CCCCCCCCN1C(=O)c2ccc3c4c(-c5ccc(N(c6ccccc6)c6ccccc6)cc5)cc5c6c(ccc(c7c(-c8ccc(N(c9ccccc9)c9ccccc9)cc8)cc(c2c37)C1=O)c64)C(=O)N(CCCCCCCC)C5=O,2,645.0,652.0,648.5,7.0
CCCCCCN(CCCCCC)c1ccc(C#Cc2ccc(C#N)cc2)cc1,3,378.0,385.0,379.0,7.0
CCn1c2ccccc2c2cc(C#Cc3cc(C#Cc4ccc5c(c4)c4ccccc4n5CC)ncn3)ccc21,5,379.0,386.0,383.0,7.0
CCCCCCN(CCCCCC)c1ccc(C#Cc2ccc(N(CCCCCC)CCCCCC)cc2)cc1,2,380.0,387.0,383.5,7.0
Cc1cc(C)c(B(c2ccc(-c3ccc(-c4nc5c6ccccc6c6ccccc6c5[nH]4)cc3)cc2)c2c(C)cc(C)cc2C)c(C)c1,5,371.0,378.0,374.0,7.0
CC(=O)N(Cc1ccccn1)c1c2ccccc2c2c3c(cccc13)C(=O)N(Cc1ccccn1)C2=O,5,432.0,439.0,437.0,7.0
C1=C(c2ccc(-c3cccs3)s2)CCC1,6,341.0,348.0,343.5,7.0
C1=[N+](c2ccccc2)[B-](c2ccccc2)(c2ccccc2)Oc2c1ccc1c3c(ccc21)C=[N+](c1ccccc1)[B-](c1ccccc1)(c1ccccc1)O3,2,529.0,536.0,532.5,7.0
C(#Cc1ccc(-n2c3ccccc3c3ccccc32)cc1)c1ccccc1,6,322.0,329.0,325.0,7.0
CC(C)(C)c1ccc(-c2c(-c3ccc(N(c4ccccc4)c4ccccc4)cc3)cc(-c3ccc(N(c4ccccc4)c4ccccc4)cc3)c(-c3ccc(C(C)(C)C)cc3)c2-c2ccc(C(C)(C)C)cc2)cc1,2,316.0,323.0,319.5,7.0
c1ccc2sc(-c3ccc(-c4nnc(-c5ccc(-c6nnc(-c7ccc(-c8cc9ccccc9s8)s7)o6)cc5)o4)s3)cc2c1,11,340.0,347.0,344.0,7.0
CC1(C)Cc2c(c3ccccc3c3nc4c(nc23)c2c(c3ccccc34)OC(C)(C)C2)O1,7,450.0450045,457.0383912,453.92646389999993,6.993386699999974
Cc1ccccc1N(c1ccccc1C)c1ccc2ccc3c(N(c4ccccc4C)c4ccccc4C)ccc4ccc1c2c43,2,425.0,431.83834400000006,428.419172,6.838344000000063
OB(O)c1ccc(-c2ccc(N(c3ccccc3)c3ccccc3)cc2)cc1,5,326.0,332.8,330.0,6.800000000000011
CC/C=C\C=C\C=C\C=C/CCCCCCCC(=O)O,9,318.6,325.3,320.6,6.699999999999989
CC(C)(C)c1ccc2c(c1)c1cc(C(C)(C)C)ccc1n2-c1ccc(C(=O)c2ccc(-n3c4ccc(C(C)(C)C)cc4c4cc(C(C)(C)C)ccc43)nc2)cn1,3,377.3087071000001,383.9662447,382.71767810000006,6.657537599999898
COC(=O)C(Cc1ccc2oc(-c3c4ccccc4cc4ccccc34)nc2c1)NC(=O)OC(C)(C)C,27,382.4998661,389.0006185,385.5005532,6.5007523999999535
F[B-]1(F)n2cccc2C=C2C=CC=[N+]21,8,497.0,503.5,498.0,6.5
CC1=[N+]2C(=C(c3ccc(N4CCOCC4)cc3)c3ccc(C)n3[B-]2(F)F)C=C1,10,504.5,511.0,506.5,6.5
COC(=O)[C@H](Cc1ccc2oc3c(c2c1)=CC1=C(c2ccc(OC)cc2)c2cc4c5cc(C[C@H](NC(=O)OC(C)(C)C)C(=O)OC)ccc5oc4n2[B-](F)(F)[N+]=31)NC(=O)OC(C)(C)C,3,580.0,586.5,581.5,6.5
CN(C)c1ccc(C#Cc2ccc3c(N(C)C)cc(-c4ccccc4)cc3c2)cc1,3,335.7333333,342.1333333,341.0,6.399999999999977
CCOC(=O)c1cccc(N(C)C)c1,2,334.6153846,340.9340659,337.77472525,6.31868129999998
Oc1ccc2ccc3cccc4ccc1c2c34,12,382.16073680000005,388.3344336,384.8820471,6.173696799999959
II,2,516.4525993999998,522.5688073,519.5107033499999,6.116207900000177
O=C(c1ccncc1)c1ccc(-n2c3ccccc3c3ccccc32)cc1,4,353.1531532,359.23423419999995,356.97747749999996,6.0810809999999265
C(C#Cc1ccc2ccc3cccc4ccc1c2c34)#Cc1cccc2ccccc12,4,406.0,412.0,408.0,6.0
c1ccc(N(c2ccccc2)c2ccc3c(ccc4nc5ccc6cc(N(c7ccccc7)c7ccccc7)ccc6c5nc43)c2)cc1,5,471.0,477.0,474.0,6.0
COc1cccc(-n2c(-c3ccc(F)cc3)nc(C)c2C)c1,10,284.0,290.0,287.0,6.0
C1=C(c2ccc(-c3cccs3)s2)CCC(c2ccccc2)C1,6,341.0,347.0,341.5,6.0
c1ccc(C2=C(c3ccccc3)c3cccc4c3c(cc3nc5c(-c6ccccc6)ccc(-c6ccccc6)c5nc34)O2)cc1,2,503.0,509.0,506.0,6.0
C#Cc1cccc2ccccc12,4,306.0,312.0,309.5,6.0
F[B-]1(F)OC(c2ccccc2)=Cc2cc(Cl)nc[n+]21,6,371.0,377.0,374.5,6.0
CCCCCCN(CCCCCC)c1ccc(C#Cc2c(F)c(F)c(F)c(F)c2F)cc1,2,357.0,363.0,360.0,6.0
CCCCCCN(CCCCCC)c1ccc(C#Cc2ccc(C(F)(F)F)cc2)cc1,2,356.0,362.0,359.0,6.0
C(=C/c1ccc2ccccc2c1)\c1ccc(Nc2ccccc2)cc1,2,355.0,361.0,358.0,6.0
COC(=O)c1ccc(C2=C3C=CC(C)=[N+]3[B-](F)(F)n3c(C)ccc32)cc1,7,511.0,517.0,514.0,6.0
CCCCCCCCC1(CCCCCCCC)c2cc(C=O)ccc2-c2ccc(/C=C/c3ccc(N(c4ccccc4)c4ccccc4)cc3)cc21,11,405.0,411.0,409.0,6.0
CCCCCCC1(CCCCCC)c2ccccc2-c2ccc(-c3ccc4c(c3)-c3cc(-c5ccc6c(c5)C(CCCCCC)(CCCCCC)c5ccccc5-6)ccc3S4(=O)=O)cc21,2,320.0,326.0,323.0,6.0
F[B-]1(F)N2C(=Nc3cccc4cccc2c34)c2cccc[n+]21,4,348.0,354.0,350.5,6.0
F[B-]1(F)OC(c2ccc(C(F)(F)F)cc2)=Cc2cc(Cl)nc[n+]21,6,368.0,374.0,371.5,6.0
COc1cc(/C=C/c2nc3ccccc3s2)c(OC)cc1/C=C/c1nc(C)nc(/C=C/c2cc(OC)c(/C=C/c3nc4ccccc4s3)cc2OC)n1,4,435.0,441.0,437.0,6.0
COc1cc(/C=C/c2nc3ccccc3s2)c(OC)cc1/C=C/c1ccncc1,4,410.0,416.0,415.5,6.0
COC(=O)c1cc(=O)n(C)c2cc(-c3ccc(N(C)C)cc3)sc12,2,428.0,434.0,431.0,6.0
Cc1c2ccccc2c(C2=C3C=CC=[N+]3[B-](F)(F)n3cccc32)c2ccccc12,6,502.0,508.0,505.0,6.0
CCCCCCCCOc1cc(/C=C/c2cc(OCCCCCCCC)c(/C=C/c3cc(OCCCCCCCC)c(Br)cc3OCCCCCCCC)cc2OCCCCCCCC)c(OCCCCCCCC)cc1Br,2,410.0,416.0,413.0,6.0
F[B-]1(F)n2c(c3ccccc3c2-c2ccccc2)C=C2c3ccccc3C(c3ccccc3)=[N+]21,2,634.0,640.0,637.0,6.0
F[B-]1(F)n2cccc2C(c2c3ccccc3cc3ccccc23)=C2C=CC=[N+]21,6,502.0,508.0,505.5,6.0
COc1cccc(-n2c(-c3ccc(O)cc3)nc(C)c2C)c1,10,286.0,292.0,287.5,6.0
C(=C/c1c2ccccc2cc2ccccc12)\c1ccc(Oc2ccc3ccccc3c2-c2c(Oc3ccc(/C=C/c4c5ccccc5cc5ccccc45)cc3)ccc3ccccc23)cc1,2,389.5,395.5,392.5,6.0
C(/C=C/c1ccc(N(c2ccccc2)c2ccccc2)cc1)=C\c1ccncc1,4,393.0,399.0,395.5,6.0
COc1cccc2oc(-c3cc4c(OC)cccc4oc3=O)cc12,5,383.0,389.0,385.0,6.0
COc1ccccc1-c1c(-c2ccccc2O)nc(-c2ccc(C(F)(F)F)cc2)n1-c1ccc(C)cc1,6,309.0,315.0,313.0,6.0
Cc1ccc(NC(=O)c2ccc(N(C)C)cc2)cc1,4,306.0,312.0,309.0,6.0
Cc1ccc(C)n1-c1ccccc1,2,234.0,240.0,237.0,6.0
CC(C)[Si](C#Cc1c2cc3ccccc3cc2c(C#C[Si](C(C)C)(C(C)C)C(C)C)c2nc3c(nc12)C1c2ccccc2C3c2ccccc21)(C(C)C)C(C)C,2,542.0,548.0,545.0,6.0
COc1ccc(C#Cc2c3ccccc3c3n2[B-](F)(F)[N+]2=C(C)C=C(C)C2=C3)cc1,5,610.0,616.0,615.0,6.0
COc1ccc(N2C(=O)c3ccccc3C2C(=O)OC(C)(C)C)cc1OC,4,296.0,302.0,298.0,6.0
CC(C)[Si]1(C(C)C)c2ccccc2-c2ccc(N(C)C)cc21,7,318.0,324.0,323.0,6.0
O=c1oc2ccc3ccccc3c2nc1-c1ccccc1,4,392.0,398.0,393.0,6.0
O=c1ccc2cc3c(cc2o1)OCC3,5,330.0,336.0,333.0,6.0
Cn1c(=O)cc(C(=O)c2ccccc2)c2sc(-c3ccc(OC(F)(F)F)cc3)cc21,2,394.0,400.0,397.0,6.0
O=C1C=C(Nc2ccccc2F)C(=O)c2ccccc21,2,442.0,448.0,445.0,6.0
CC(C)(C)c1ccc2c(c1)c1cc(C(C)(C)C)ccc1n2-c1ccc(C#Cc2ccc(C#Cc3ccc(-n4c5ccc(C(C)(C)C)cc5c5cc(C(C)(C)C)ccc54)cc3)cc2)cc1,6,353.0,359.0,355.5,6.0
CN(C)c1nc(N(C)C)c2nc(C#N)n(Cc3ccccc3)c2n1,4,342.0,348.0,344.5,6.0
Oc1c(-c2nc3c4ccc(-c5ccccc5)cc4c4cc(-c5ccccc5)ccc4c3[nH]2)ccc2c1c1ccccc1n2-c1ccccc1,7,388.0,394.0,392.0,6.0
CC(C)(C)c1ccc2c(c1)c1cc(C(C)(C)C)ccc1n2-c1ccc(C#Cc2ccccc2)cc1,6,329.0,335.0,329.0,6.0
Cc1cc(O)c(C(=O)/C=C/c2ccc(N(C)C)cc2)c(=O)o1,2,463.0,469.0,466.0,6.0
Cc1cc(O)c(-c2[nH]c(=O)n3c2-c2ccccc2C3=O)cc1Cl,3,393.0,399.0,395.0,6.0
CCN(CC)c1ccc(/C=N/C(C#N)=C(C#N)/N=C/c2ccc(N(CC)CC)cc2O)c(O)c1,3,565.0,571.0,570.0,6.0
CN(C)c1ccc(C2=Nc3scc(-c4ccc(N(C)C)cc4)[n+]3[B-](F)(F)O2)cc1,4,405.0,411.0,407.5,6.0
CN(C)c1ccc(C2=Nc3scc(-c4ccc([N+](=O)[O-])cc4)[n+]3[B-](F)(F)O2)cc1,4,411.0,417.0,413.5,6.0
CCN(CC)c1cc(NC(C)=O)c(/N=N/c2cc3c(=O)[nH][nH]c(=O)c3cc2[N+](=O)[O-])cc1OC,3,550.0,556.0,553.0,6.0
CCN(CC)c1ccc(-c2ccc(-c3nc4ccccc4c(=O)[nH]3)s2)cc1,2,404.0,410.0,407.0,6.0
CCN(CC)c1ccc2cc(-c3cn4cc(C)ccc4n3)c(=O)oc2c1,2,424.0,430.0,427.0,6.0
CN1C(=CC2=C([O-])C(=CC3=[N+](C)c4ccc(Cl)cc4C3(C)C)C2=O)C(C)(C)c2cc(Cl)ccc21,3,635.0,641.0,641.0,6.0
COc1ccc2n1[B-](F)(F)[N+]1=CC=CC1=C2c1ccccc1,5,493.0,499.0,495.0,6.0
CCN(CC)c1ccc2cc(C#N)/c(=N\C(=O)c3ccccc3)oc2c1,2,424.0,430.0,427.0,6.0
CCN(CC)c1ccc2cc(C#N)/c(=N\C(=O)c3ccco3)oc2c1,2,424.0,430.0,427.0,6.0
CN(C)c1ncc2nc(C#N)n(Cc3ccccc3)c2n1,4,355.0,361.0,357.5,6.0
COc1ccc(-c2oc3c(c2Br)=[N+]2C(=C(C(F)(F)F)c4cc5oc(-c6ccc(OC)cc6)c(Br)c5n4[B-]2(F)F)C=3)cc1,2,732.0,738.0,735.0,6.0
Cc1cccc(C)c1Nc1ccc(/C=C/c2ccc3ccccc3c2)cc1,2,350.0,356.0,353.0,6.0
CC(C)(C)c1ccc(C2=c3sc4ccccc4c3=[N+]3C2=Nc2c(-c4ccc(C(C)(C)C)cc4)c4sc5ccccc5c4n2[B-]3(F)F)cc1,3,709.0,715.0,711.0,6.0
CC(C)(C)c1ccc2c(c1)[nH]c1c3[nH]c4cc(C(C)(C)C)ccc4c3c3nsnc3c21,3,406.0,412.0,411.0,6.0
Cc1ccc(O)c(-c2[nH]c(=O)n3c2-c2ccccc2C3=O)c1,3,393.0,399.0,394.0,6.0
FC(F)(F)c1cc2n(n1)[B-]1(c3ccccc3Oc3ccccc31)[n+]1ccc3ccccc3c1-2,3,372.0,378.0,375.0,6.0
O=C1c2ccc3c4ccc5c6c(ccc(c7ccc(c2c37)C(=O)N1c1ccc(O)cc1)c64)C(=O)N(c1ccc(O)cc1)C5=O,3,519.0,525.0,523.0,6.0
COc1cc(/C=C/c2cc(OC)c(-c3nc(-c4ccccc4)c(-c4ccccc4)[nH]3)cc2OC)c(OC)cc1/C=C/c1cc(OC)c(-c2nc(-c3ccccc3)c(-c3ccccc3)[nH]2)cc1OC,4,441.0,447.0,444.5,6.0
CCC1=C(C)C2=C(c3c4ccccc4cc4ccccc34)c3c(C)c(CC)c(C)n3[B-](F)(F)[N+]2=C1C,6,527.0,533.0,530.0,6.0
CCC1=C(C)C2=C(c3ccc(-c4c5ccccc5c(-c5ccccc5)c5ccccc45)cc3)c3c(C)c(CC)c(C)n3[B-](F)(F)[N+]2=C1C,6,523.0,529.0,526.0,6.0
CCC1=C(C)C2=C(c3c4ccccc4c(-c4ccccc4)c4ccccc34)c3c(C)c(CC)c(C)n3[B-](F)(F)[N+]2=C1C,6,528.0,534.0,530.5,6.0
COc1cc(OC)cc(C2=C3C(C)=C(I)C(C)=[N+]3[B-](F)(F)n3c(/C=C/c4ccsc4)c(I)c(C)c32)c1,3,598.0,604.0,599.0,6.0
FC(F)(F)c1ccc(/C=C/c2nc3c(ccc4ccccc43)s2)cc1,2,369.0,375.0,372.0,6.0
CCCCC1=Cc2c3ccc4cccc5ccc(c6cc(-c7ccc(N(c8ccccc8)c8ccccc8)cc7)n(c26)P1(=O)c1ccccc1)c3c45,9,428.0,434.0,431.0,6.0
CC1=[N+]2C(=C(c3ccccc3)c3ccc(C)n3[B-]2(F)F)C=C1,7,507.0,513.0,510.0,6.0
Cc1ccccc1[B-]1(c2ccccc2C)n2nc(C(F)(F)F)cc2-c2c3ccccc3cc[n+]21,3,374.0,380.0,374.0,6.0
CC1=C(c2ccccc2)C(C)=[N+]2C1=C(c1ccccc1)c1c(C)c(-c3ccccc3)c(C)n1[B-]2(F)F,3,524.0,530.0,528.0,6.0
CC1=C2C=CC=[N+]2[B-](F)(F)n2cccc21,3,494.0,500.0,499.0,6.0
O=S(=O)([O-])c1ccc(O)c2ccccc12,10,319.0,325.0,321.5,6.0
COc1ccc(-c2cc3c(s2)c(C(C)=O)cc(=O)n3C)cc1,2,412.0,418.0,415.0,6.0
CCC1(CC)c2cc(C#Cc3cc(C#Cc4ccc5c(c4)C(CC)(CC)c4cc(N(c6ccccc6)c6ccccc6)ccc4-5)c4ccc5c(C#Cc6ccc7c(c6)C(CC)(CC)c6cc(N(c8ccccc8)c8ccccc8)ccc6-7)cc(C#Cc6ccc7c(c6)C(CC)(CC)c6cc(N(c8ccccc8)c8ccccc8)ccc6-7)c6ccc3c4c65)ccc2-c2ccc(N(c3ccccc3)c3ccccc3)cc21,7,500.0,506.0,503.0,6.0
COc1ccc(-c2cc3c(s2)c(C(C)=O)cc(=O)n3Cc2ccccc2)cc1,2,420.0,426.0,423.0,6.0
O=[N+]([O-])c1ccc(C#Cc2ccc([N+](=O)[O-])cc2)cc1,2,329.0,335.0,332.0,6.0
COc1ccc(C(=O)[O-])c(O)c1,2,292.0,298.0,295.0,6.0
COc1ccc2c(-c3nc(-c4ccccc4F)no3)cc(=O)oc2c1,2,333.0,339.0,336.0,6.0
COc1ccc(C2=C(c3ccc(OC)cc3)c3cccc4c5c(cc(c34)O2)=NC2C=C(Br)C(Br)=CC2N=5)cc1,2,526.0,532.0,529.0,6.0
CC1(C)c2ccccc2N(c2c(F)cc(-c3nnc(-c4ccccc4)o3)cc2F)c2ccccc21,2,370.0,376.0,373.0,6.0
COc1ccc(-n2nc(C(=O)N3CCCC3)c(N3CCCC3)n2)cc1,5,328.0,334.0,331.0,6.0
CC1(C)C(/C=C/C=C/C=C/C=C2/N(S(=O)(=O)[O-])c3ccc(S(=O)(=O)[O-])cc3C2(C)C)=[N+](S(=O)(=O)[O-])c2ccc(S(=O)(=O)[O-])cc21,2,749.0,755.0,752.0,6.0
COC1=[N+]2C(=C(c3ccccc3)c3cc(SC#N)c(OC)n3[B-]2(F)F)C=C1SC#N,5,512.0,518.0,515.0,6.0
FC(F)(F)c1cc2n(n1)[B-](c1ccccc1)(c1ccccc1)[n+]1ccc3ccccc3c1-2,3,373.0,379.0,377.0,6.0
CCN(CC)c1cccc2c1ccc1c(=O)oc(-c3ccc(C(F)(F)F)cc3)cc12,10,388.0,394.0,391.5,6.0
CCN(CC)c1ccc([N+]2=Cc3ccc4c5c(ccc4c3O[B-]2(c2ccccc2)c2ccccc2)C=[N+](c2ccc(N(CC)CC)cc2)[B-](c2ccccc2)(c2ccccc2)O5)cc1,2,552.0,558.0,555.0,6.0
COc1cc(-c2nc(-c3ccccc3)c(-c3ccccc3)[nH]2)c(OC)cc1/C=C/c1ccncc1,4,392.0,398.0,395.5,6.0
Cc1cccc(C)c1Nc1ccc(/C=C/c2ccccc2)cc1,2,341.0,347.0,344.0,6.0
CN1C(=O)/C(=C/c2ccncc2)N=C1/C=C/c1ccncc1,5,402.0,408.0,408.0,6.0
CCN(CC)c1ccc(-n2c(C)ccc2C)cc1,2,304.0,310.0,307.0,6.0
CCC1(CC)c2ccccc2-c2ccc(C#Cc3ccc4ccc5cccc6ccc3c4c56)cc21,8,399.0,405.0,402.5,6.0
COC(=O)/C=C/c1ccc2ccc3cccc4ccc1c2c34,10,368.5,374.5,370.55,6.0
COC(=O)C1=C(C(=O)OC)C2=C[C@H]3c4ccccc4[C@]2(S1)c1ccccc13,7,353.0,359.0,355.0,6.0
O=C(O)c1ccc(C(=O)O)c2cc3ccccc3cc12,2,390.0,396.0,393.0,6.0
COC(=O)c1cccc2c1C#Cc1c(NC(C)=O)cccc1OCCCO2,2,335.0,341.0,338.0,6.0
O=C1c2ccccc2-c2c(-c3ccccc3)c(-c3ccccc3)c(-c3ccccc3)c3cccc1c23,2,401.0,407.0,404.0,6.0
CCCCN1C(=S)c2cccc3cccc(c23)C1=S,3,437.0,443.0,442.0,6.0
O=C(O)C1=C/C(=C/C=[N+]2/c3cc(O)c(C[C@@H]4O[C@H](CO)[C@@H](O)C(O)[C@H]4O)cc3C[C@H]2C(=O)O)C[C@@H](C(=O)O)N1,4,533.0,539.0,535.5,6.0
CCCCc1c2c(nc3ccccc13)-c1cc3c(cc1CC2)-c1nc2ccccc2c(CCCC)c1CC3,2,372.0,378.0,375.0,6.0
CCCSc1ccc2n1[B-](F)(F)[N+]1=CC=CC1=C2c1ccccc1,5,531.0,537.0,536.0,6.0
CCCCN1C(=O)c2cc(Oc3ccc(C(C)(C)C)cc3)c3c4c(Oc5ccc(C(C)(C)C)cc5)cc5c6c(cc(Oc7ccc(C(C)(C)C)cc7)c(c7c(Oc8ccc(C(C)(C)C)cc8)cc(c2c37)C1=O)c64)C(=O)N(CCCC)C5=O,2,576.0,582.0,579.0,6.0
CCCCCCc1ccc(-n2c3[n+](c4c5ccccc5c5ccccc5c42)[B-](C)(C)c2cc(-n4c5ccccc5c5ccccc54)ccc2-3)cc1,4,369.0,375.0,371.0,6.0
CCCCCCc1ccc2c(/C=N/c3cc(/N=C/c4c(O)ccc5cc(CCCCCC)ccc45)cc(/N=C/c4c(O)ccc5cc(CCCCCC)ccc45)c3)c(O)ccc2c1,4,474.0,480.0,478.0,6.0
O=C(O)CCCc1cc(C#Cc2ccccc2)c2ccc3c(C#Cc4ccccc4)cc(C#Cc4ccccc4)c4ccc1c2c34,2,445.0,451.0,448.0,6.0
CCCCNC(=O)c1nc2c(N(C)C)nc(N(C)C)nc2n1Cc1ccccc1,4,332.0,338.0,334.0,6.0
O=C(O)C1=C/C(=C/C=[N+]2/c3cc(O)c(C[C@@H]4O[C@H](CO)[C@@H](O)C(O)[C@H]4O)cc3C[C@H]2C(=O)O)C[C@H](C(=O)O)N1,4,535.0,541.0,535.5,6.0
CC1=[N+]2C(=C(c3ccc(N(C)C)cc3)c3ccc(C)n3[B-]2(F)F)C=C1,10,503.0,509.0,505.5,6.0
CC1=NN(c2ccccc2)C(=O)/C1=C/c1cn(-c2ccccc2)nc1-c1ccccc1,10,364.0,370.0,367.0,6.0
O=P1(c2ccccc2)C2=C(c3ccccc31)S(=O)(=O)c1ccccc12,4,380.0,386.0,384.5,6.0
CC1=CC(C)=[N+]2C1=C(c1ccc(-c3ccc(OS(=O)(=O)c4ccc([N+](=O)[O-])cc4[N+](=O)[O-])cc3)s1)c1c(C)cc(C)n1[B-]2(F)F,3,512.0,518.0,515.0,6.0
CC1=CC(C)=[N+]2C1=C(c1ccccc1)c1c(C)c(-c3cccs3)c(C)n1[B-]2(F)F,3,507.0,513.0,511.0,6.0
CC1=CC(C)=[N+]2C1=Cc1c3ccccc3c(C#Cc3ccc(F)cc3)n1[B-]2(F)F,4,607.0,613.0,610.5,6.0
Cc1oc(-c2ccccc2)nc1C(=O)O,5,267.0,273.0,269.0,6.0
CC1=CC(C)=[N+]2C1=Cc1c3ccccc3c(C#Cc3ccccc3)n1[B-]2(F)F,5,606.0,612.0,612.0,6.0
CC1=CC(C)=[N+]2C1=C(C)c1cccn1[B-]2(F)F,3,486.0,492.0,488.0,6.0
CC1=CC(C)=[N+]2C1=C(c1c(F)c(F)c(NCCNP(=O)(OC(C)C)OC(C)C)c(F)c1F)c1c(C)cc(C)n1[B-]2(F)F,5,509.0,515.0,512.0,6.0
CC1=CC(C)=[N+]2C1=C(c1c3ccccc3c(-c3ccccc3)c3ccccc13)c1c(C)cc(C)n1[B-]2(F)F,6,503.0,509.0,506.0,6.0
CC1=CC(C)=[N+]2C1=C(c1c3ccccc3c(C)c3ccccc13)c1c(C)cc(C)n1[B-]2(F)F,6,503.0,509.0,505.5,6.0
CC1=CC(C)=[N+]2C1=C(c1c3ccccc3cc3ccccc13)c1c(C)cc(C)n1[B-]2(F)F,6,502.0,508.0,505.0,6.0
CC1=CC(C)=[N+]2C1=Cc1c3ccccc3c(C#Cc3ccsc3)n1[B-]2(F)F,5,606.0,612.0,612.0,6.0
COc1cc2c3cc(OC)c(OC)cc3c3cc4c(C)cc(=O)oc4cc3c2cc1OC,5,364.0,370.0,366.0,6.0
Cc1ccccc1C1=C2C=c3c(oc4ccccc34)=[N+]2[B-](F)(F)n2c1cc1c3ccccc3oc12,3,580.5,586.5,582.0,6.0
CC(=O)OC[C@@H]1O[C@H](N2C=CC3=Nc4nc(C)[n+](C)cc4CN3C2=O)[C@@H](O)[C@H]1O,3,382.0,388.0,386.0,6.0
CC1=CC(C)=[N+]2C1=C(c1ccc(-c3ccc(O)cc3)s1)c1c(C)cc(C)n1[B-]2(F)F,3,511.0,517.0,514.0,6.0
Cc1ccc2nc(/C=C/c3ccc(N(C)C)cc3)c(-c3ccccc3)nc2c1,3,430.0,436.0,433.0,6.0
Cc1cc(C#Cc2ccccc2)c2ccc3c(C#Cc4ccccc4)cc(C#Cc4ccccc4)c4ccc1c2c43,2,445.0,451.0,448.0,6.0
Nc1ccc(/C=C/c2ccc3ccccc3c2)cc1,2,342.0,348.0,345.0,6.0
Nc1ccc(/C=C/c2cccnc2)cc1,2,336.0,342.0,339.0,6.0
Nc1ccc(C#Cc2ccc3ccc4ccc(C#Cc5ccc(N)cc5)c5ccc2c3c45)cc1,9,415.0,421.0,419.0,6.0
c1ccc(-c2c3c(nc4ccccc24)-c2cc4c(cc2CC3)-c2nc3ccccc3c(-c3ccccc3)c2CC4)cc1,2,376.0,382.0,379.0,6.0
CCN(CC)c1ccc2cc(C#N)/c(=N\C(=O)C(C)C)oc2c1,2,422.0,428.0,425.0,6.0
CCN(CC)c1ccc2cc(C#N)/c(=N\C(=O)c3ccc(C)cc3)oc2c1,2,430.0,436.0,433.0,6.0
CCOC(=O)C(C(=O)OCC)C1=[N+]2C(=C(c3ccc(C)cc3)c3ccc(C(C(=O)OCC)C(=O)OCC)n3[B-]2(F)F)C=C1,6,509.0,515.0,512.5,6.0
CC[N+]1=C(/C=C/C=C/C=C/C=C2/N(CCCCCC(=O)O)c3ccccc3C2(C)C)C(C)(C)c2cc(S(=O)(=O)[O-])ccc21,2,745.0,751.0,748.0,6.0
CCOC(=O)c1ccccc1-c1c2ccc(=[N+](CC)CC)cc-2oc2c1c(=O)oc1cc(N(CC)CC)ccc12,3,595.0,601.0,596.0,6.0
CCOC(=O)c1ccccc1-c1c2ccc(=[N+](CC)CC)cc-2oc2c1c(=O)oc1cc3c(cc12)CCCN3C,3,602.0,608.0,602.0,6.0
CC(=O)c1nc(-c2ccc(N(C)C)cc2)oc1C,6,315.0,321.0,317.5,6.0
c1cc2ccc1CCCc1ccc(c3nsnc13)CCC2,3,378.0,384.0,384.0,6.0
CCOC(=O)c1[nH]c(C)c(/C=C/c2c(I)c(C)c3n2[B-](F)(F)[N+]2=C(C)C(I)=C(C)C2=C3c2cc(OC)cc(OC)c2)c1C,3,606.0,612.0,611.0,6.0
CCN1c2ccc(/C=N/Nc3ccccn3)cc2Sc2cc(-c3ccc(OC)cc3)ccc21,4,380.0,386.0,382.0,6.0
c1ccc2c(-c3cc(-c4nccs4)nc(-c4nccs4)c3)cccc2c1,4,324.0,330.0,325.0,6.0
CCN1c2ccc(/C=N/Nc3ccccn3)cc2Sc2cc(/C=N/Nc3ccccn3)ccc21,4,392.0,398.0,392.5,6.0
COc1ccc(O)c(-c2[nH]c(=O)n3c2-c2ccccc2C3=O)c1,3,395.0,401.0,399.0,6.0
COc1ccc(O)cc1C=O,2,349.0,355.0,352.0,6.0
Cc1ccc(/C=C/c2ccccc2-[n+]2cc([O-])on2)cc1,2,304.0,310.0,307.0,6.0
CN(C)CCNc1ccc2c3c(cccc13)C(=O)N(c1ccc(O)cc1)C2=O,3,430.0,436.0,430.0,6.0
CCn1c2cc(OC)ccc2c2c3nsnc3c3c4ccc(OC)cc4n(CC)c3c21,3,439.0,445.0,440.0,6.0
CCn1c2ccccc2c2cc(-c3cc(-c4ccc5c(c4)c4ccccc4n5CC)nc(S(C)(=O)=O)n3)ccc21,5,378.0,384.0,382.0,6.0
N#Cc1ccc(C#Cc2ccc(C#Cc3ccc(C#Cc4ccccc4C#N)cc3C#N)cc2C#N)cc1,5,352.0,358.0,357.0,6.0
CCOC(=O)c1sc(SC)c2c(=O)n(C)nnc12,6,387.5,393.5,391.25,6.0
N#Cc1ccc(-n2c(-c3ccc(-c4ccc(-n5c6ccccc6c6ccccc65)cc4)s3)nc3c4ccccc4c4ccccc4c32)c2ccccc12,2,295.0,301.0,298.0,6.0
C(=C/c1ccc(-c2nnc(-c3ccc(/C=C/c4ccc(-c5nc(-c6ccccc6)c(-c6ccccc6)[nH]5)cc4)cc3)o2)cc1)\c1ccc(-c2nc(-c3ccccc3)c(-c3ccccc3)[nH]2)cc1,4,391.0,397.0,396.5,6.0
c1ccc2c(c1)cc(-c1cc(-c3nccs3)nc(-c3nccs3)c1)c1ccccc12,4,324.0,330.0,325.5,6.0
C(=C/c1cccnc1)\c1ccc(Nc2ccccc2)cc1,2,352.0,358.0,355.0,6.0
COC(=O)c1ccc(C#Cc2ccccc2)cc1,7,311.6041381,317.2991496,314.8019895,5.695011500000021
Cc1ccccc1C1=C2C=c3c(oc4ccc(C(C)(C)C)cc34)=[N+]2[B-](F)(F)n2c1cc1c3cc(C(C)(C)C)ccc3oc12,3,586.0,591.5,587.5,5.5
Cc1c2ccncc2c(C)c2c1[nH]c1ccccc12,16,289.5,295.0,293.4,5.5
CC1=[N+]2C(=C(Oc3ccc4c(c3)CC[C@@H]3[C@@H]4CC[C@]4(C)C(=O)CC[C@@H]34)c3ccc(C)n3[B-]2(F)F)C=C1c1cc2n(c1)[B-](F)(F)[N+]1=CC=CC1=C2c1c(C)cc(C)cc1C,2,574.0,579.5,576.75,5.5
CSc1sc(C(N)=O)c2nnn(C)c(=O)c12,6,393.0,398.5,396.75,5.5
c1ccc(-c2nn(-c3ccccc3)c3nc4ccccc4cc23)cc1,7,396.039604,401.4452027,398.5651654,5.4055986999999845
COc1cc2[nH]c3c(c2cc1OC)CCCC3=O,7,333.4002006,338.6158475000001,337.0912738,5.215646900000081
c1ccc(-c2nn(-c3ccccc3)c3nc4ccc(N(c5ccccc5)c5ccccc5)cc4cc23)cc1,7,447.0272687,452.079566,450.0450045,5.052297300000021
Cc1ccccc1N(c1ccc(C(C)(C)C)cc1)c1ccc2ccc3c(N(c4ccc(C(C)(C)C)cc4)c4ccccc4C)ccc4ccc1c2c43,2,432.0,437.01330700000005,434.5066535,5.013307000000054
c1ccc2c(c1)Sc1ccccc1N2c1ccc2c(ccc3nc4ccc5cc(N6c7ccccc7Sc7ccccc76)ccc5c4nc32)c1,5,413.0,418.0,416.0,5.0
c1ccc2c(c1)CCc1ccccc1N2,3,285.0,290.0,290.0,5.0
CN(C)CCNCc1c2ccccc2cc2ccccc12,8,363.0,368.0,365.5,5.0
CN(C)CCCN1c2ccccc2Sc2ccccc21,3,302.0,307.0,305.0,5.0
CN(C)CCCN1c2ccccc2Sc2ccc(Cl)cc21,3,307.0,312.0,311.0,5.0
CCn1c2cc(C(C)(C)C)ccc2c2c3nsnc3c3c4ccc(C(C)(C)C)cc4n(CC)c3c21,3,425.0,430.0,430.0,5.0
CCn1c(=O)nc2n(C)c3cc(C)ccc3nc-2c1=O,4,443.0,448.0,445.5,5.0
CN(C)c1ccc(-c2nc3cccnc3[nH]2)cc1,2,346.0,351.0,348.5,5.0
N#Cc1ccc(/C=C/C=C/c2ccccc2)cc1,6,344.0,349.0,345.0,5.0
CC(=O)c1ccc2ccc3cccc4ccc1c2c34,8,382.0,387.0,384.0,5.0
C(=C/c1ccccn1)\c1ccc(N(c2ccc(/C=C/c3ccccn3)cc2)c2ccc(-c3nc4ccccc4nc3-c3ccc(N(c4ccc(/C=C/c5ccccn5)cc4)c4ccc(/C=C/c5ccccn5)cc4)cc3)cc2)cc1,2,378.0,383.0,380.5,5.0
CCN1c2ccc(/C=N/Nc3ccccn3)cc2Sc2cc(-c3cccc4ccccc34)ccc21,4,378.0,383.0,378.5,5.0
c1ccc2c(-c3cc(-c4nccs4)nc(-c4nccs4)c3)c3ccccc3cc2c1,4,382.0,387.0,384.0,5.0
CCn1c2ccccc2c2cc(-c3cc(-c4ccc5c(c4)c4ccccc4n5CC)nc(OC)n3)ccc21,5,364.0,369.0,366.0,5.0
COc1ccc(O)c(C=O)c1,2,359.0,364.0,361.5,5.0
CCn1c2ccccc2c2cc(-c3cc(-c4ccc5c(c4)c4ccccc4n5CC)nc(SC)n3)ccc21,5,369.0,374.0,370.0,5.0
N#Cc1cc2ccccc2oc1=N,5,347.0,352.0,350.0,5.0
COc1ccc(Nc2ccc3ccccc3n2)cc1,3,353.0,358.0,358.0,5.0
COc1ccc2c3cccc4c(OC)ccc(c5cccc1c52)c43,6,458.0,463.0,459.0,5.0
COc1ccc2c(c1)sc1[n+]2[B-](F)(F)OC(c2ccc(N(C)C)cc2)=N1,5,426.0,431.0,430.0,5.0
c1cc2ccc3ccc(-c4ccc(-c5nnc(-c6ccc(-c7nnc(-c8ccc(-c9ccc%10ccc%11cccc%12ccc9c%10c%11%12)s8)o7)cc6)o5)s4)c4ccc(c1)c2c34,11,333.0,338.0,336.0,5.0
c1ccc(-c2ccc(-c3ccccc3)cc2)cc1,3,276.0,281.0,280.0,5.0
CC1=CC(C)=[N+]2C1=C(c1ccc(N3CCCCC3)cc1)c1c(C)cc(C)n1[B-]2(F)F,7,495.0,500.0,498.0,5.0
CC(=O)[B-]1(C(C)=O)OC(c2ccc3ccccc3c2)=CC(c2ccc3ccccc3c2)=[O+]1,2,415.0,420.0,417.5,5.0
CC(=O)[B-]1(C(C)=O)OC(c2ccccc2)=CC(c2ccccc2)=[O+]1,2,377.0,382.0,379.5,5.0
CC(C)(C)c1ccc(-c2ccc(-c3c4c(nc5ccccc35)-c3cc5c(cc3CC4)-c3nc4ccccc4c(-c4ccc(-c6ccc(C(C)(C)C)cc6)cc4)c3CC5)cc2)cc1,2,376.0,381.0,378.5,5.0
CC1=N/C(=C\c2cc(C#N)cc(N(C)C)c2)C(=O)N1C,3,354.0,359.0,355.0,5.0
Clc1ccc(/C=C/c2nc3ccccc3o2)cc1,2,325.0,330.0,327.5,5.0
CC1=CC(C)=[N+]2C1=Cc1c(C)cc(C)n1[B-]2(F)F,3,503.0,508.0,506.0,5.0
c1ccc2c(-c3ccc(-n4c5ccccc5c5ccccc54)cc3)c3c(nc2c1)-c1cc2c(cc1CC3)-c1nc3ccccc3c(-c3ccc(-n4c5ccccc5c5ccccc54)cc3)c1CC2,2,377.0,382.0,379.5,5.0
Nc1ccc(C(=O)[O-])c(O)c1,2,298.0,303.0,300.5,5.0
Oc1ccccc1-c1nc2ccccc2s1,3,328.0,333.0,333.0,5.0
CC(C)(C)c1ccc(-n2c(-c3ccc(-c4cc(-c5ccccc5)c(-c5ccccc5)c(-c5ccccc5)c4-c4ccccc4)cc3)nc3c4ccccc4c4ccccc4c32)cc1,2,365.0,370.0,367.5,5.0
CC(C)(C)c1ccc(-n2c(-c3ccc(-c4cc(-c5ccccc5)c5c(c4-c4ccccc4)-c4cccc6cccc-5c46)cc3)nc3c4ccccc4c4ccccc4c32)cc1,2,367.0,372.0,369.5,5.0
CC1=[N+]2C(=C(Oc3ccccc3)c3ccc(C)n3[B-]2(F)F)C=C1c1cc2n(c1)[B-](F)(F)[N+]1=CC=CC1=C2c1c(C)cc(C)cc1C,2,577.0,582.0,579.5,5.0
CC1=[N+]2C(=C(c3c4ccccc4c(-c4ccccc4)c4ccccc34)c3ccc(C)n3[B-]2(F)F)C=C1,6,514.0,519.0,516.5,5.0
CC1=[N+]2C(=C(c3c4ccccc4c(C)c4ccccc34)c3ccc(C)n3[B-]2(F)F)C=C1,6,514.0,519.0,516.0,5.0
CCCSC1=[N+]2C(=C(c3ccccc3)c3ccc(SCCC)n3[B-]2(F)F)C=C1,5,574.0,579.0,575.0,5.0
N#C/C(=C/Nc1ccc(C#N)cc1)c1nc(-c2ccccc2)cs1,5,372.0,377.0,375.0,5.0
CCCCCCOc1cc(/C=C/c2cc(OCCCCCC)c(/C=C/c3cc(OCCCCCC)c(C=O)cc3OCCCCCC)cc2OCCCCCC)c(OCCCCCC)cc1C=O,2,444.0,449.0,446.5,5.0
CCCCCCOc1cc(C=C(C#N)C#N)c(OCCCCCC)cc1C=C(C#N)C#N,2,472.0,477.0,474.5,5.0
COC(=O)C(NC(=O)OC(C)(C)C)c1ccc2oc(-c3cc(OC)ccc3OC)nc2c1,3,332.0,337.0,333.0,5.0
CCC1=C(C)C(=O)n2c1cc1[nH]c(C(=O)OC(C)(C)C)c(C)c1c2=O,5,392.0,397.0,397.0,5.0
CCC1=C(C)C2=C(c3c(C)cc(C)nc3-c3cccs3)c3c(C)c(CC)c(C)n3[B-](F)(F)[N+]2=C1C,13,530.0,535.0,532.0,5.0
COC1=[N+]2C(=C(c3ccccc3)c3ccc(OC)n3[B-]2(F)F)C=C1,5,510.0,515.0,512.0,5.0
O=C1c2ccccc2-c2c(-c3cccc(Cl)c3O)[nH]c(=O)n21,3,388.0,393.0,391.0,5.0
O=C1c2ccccc2-c2cc3ccccc3c(=O)n21,4,377.0,382.0,379.0,5.0
COc1ccc(-c2csc(/C(C#N)=C\Nc3ccc(C#N)cc3)n2)cc1,5,376.0,381.0,379.0,5.0
COc1ccc(/C=C(\C)c2nc3ccccc3o2)cc1,2,320.0,325.0,322.5,5.0
CC1(C)C(/C=C/C=C/C=C/C=C2/N(CS(=O)(=O)[O-])c3ccc(S(=O)(=O)[O-])cc3C2(C)C)=[N+](CS(=O)(=O)[O-])c2ccc(S(=O)(=O)[O-])cc21,2,747.0,752.0,749.5,5.0
CC1(C)C(/C=C/C=C/C=C/C=C2/N(c3ccc(S(=O)(=O)[O-])cc3)c3ccc(S(=O)(=O)[O-])cc3C2(C)C)=[N+](c2ccc(S(=O)(=O)[O-])cc2)c2ccc(S(=O)(=O)[O-])cc21,2,754.0,759.0,756.5,5.0
CC1(C)C2=[N+](CCCCCC(=O)NCCCNC(=O)CCCCCN3/C(=C/C=C/C=C/C=C/2)C(C)(C)c2cc(S(=O)(=O)[O-])ccc23)c2ccc(S(=O)(=O)[O-])cc21,2,749.0,754.0,751.5,5.0
CC1(C)C2=[N+](CCCCCC(=O)NCCNC(=O)CCCCCN3/C(=C/C=C/C=C/C=C/2)C(C)(C)c2cc(S(=O)(=O)[O-])ccc23)c2ccc(S(=O)(=O)[O-])cc21,2,750.0,755.0,752.5,5.0
CC1(C)c2ccccc2N(c2ccc3c(ccc4nc5ccc6cc(N7c8ccccc8C(C)(C)c8ccccc87)ccc6c5nc43)c2)c2ccccc21,5,413.0,418.0,416.0,5.0
O=[N+]([O-])c1ccc([N+]2=Cc3ccc4c5c(ccc4c3O[B-]2(c2ccccc2)c2ccccc2)C=[N+](c2ccc([N+](=O)[O-])cc2)[B-](c2ccccc2)(c2ccccc2)O5)cc1,2,536.0,541.0,538.5,5.0
COc1ccc(C2=CC(c3ccc(OC)cc3)=[O+][B-](C(C)=O)(C(C)=O)O2)cc1,2,405.0,410.0,407.5,5.0
CC1(C)C(/C=C/C=C/C=C/C=C2/N(CCCCCC(=O)O)c3ccc(S(=O)(=O)[O-])cc3C2(C)C)=[N+](CCCCCC(=O)O)c2ccc(S(=O)(=O)[O-])cc21,2,748.0,753.0,750.5,5.0
O=S(=O)(c1ccc(-c2ccc(-n3c4ccccc4c4ccccc43)cc2)cc1)c1ccc(-c2ccc(-n3c4ccccc4c4ccccc43)cc2)cc1,2,341.0,346.0,343.5,5.0
O=S(=O)(c1ccccc1)c1ccc(-c2ccc3c(c2)c2cc(-c4ccc(S(=O)(=O)c5ccccc5)cc4)ccc2n3-c2ccccc2)cc1,5,340.0,345.0,343.0,5.0
COc1ccc(-c2[nH]c(=O)n3c2-c2ccccc2C3=O)c(OC)c1,3,401.0,406.0,401.0,5.0
COc1ccc(-c2c(-c3ccc(OC)cc3)c3c4c(cccc4c2-c2ccccc2)C(=O)c2ccccc2-3)cc1,2,402.0,407.0,404.5,5.0
CCC1(CC)c2cc(B(c3c(C)cc(C)cc3C)c3c(C)cc(C)cc3C)ccc2-c2c1c1c(c3c2C(CC)(CC)c2cc(N(c4ccccc4)c4ccccc4)ccc2-3)C(CC)(CC)c2cc(B(c3c(C)cc(C)cc3C)c3c(C)cc(C)cc3C)ccc2-1,8,359.0,364.0,360.5,5.0
CC1=[N+]2C(=C(c3c4ccccc4cc4ccccc34)c3ccc(C)n3[B-]2(F)F)C=C1,10,514.0,519.0,517.0,5.0
COc1c2ccccc2c(OC)c2c(C#C[Si](C(C)C)(C(C)C)C(C)C)c3cc4ccccc4cc3c(C#C[Si](C(C)C)(C(C)C)C(C)C)c12,2,686.0,691.0,688.5,5.0
O=Cc1ccc2ccc3cccc4ccc1c2c34,8,387.0,392.0,390.0,5.0
CC1=CC(C)=[N+]2C1=Cc1cccn1[B-]2(F)F,3,493.0,498.0,493.0,5.0
CCC1(CC)c2ccccc2-c2c1c1c(c3c2C(CC)(CC)c2cc(B(c4c(C)cc(C)cc4C)c4c(C)cc(C)cc4C)ccc2-3)C(CC)(CC)c2cc(B(c3c(C)cc(C)cc3C)c3c(C)cc(C)cc3C)ccc2-1,5,359.0,364.0,362.0,5.0
O=C1c2ccccc2-c2ccccc21,4,377.0,382.0,379.5,5.0
CC1=C2C=CC(C)=[N+]2[B-](F)(F)n2cccc21,3,494.0,499.0,498.0,5.0
O=S1(=O)c2cc(-n3c4ccccc4c4ccccc43)ccc2-c2ccc(-n3c4ccccc4c4ccccc43)cc21,2,379.0,384.0,381.5,5.0
CC1=CC(C)=[N+]2C1=C(c1ccc(-c3c4ccccc4c(-c4ccccc4)c4ccccc34)cc1)c1c(C)cc(C)n1[B-]2(F)F,6,499.0,504.0,501.0,5.0
CCC1(CC)c2ccccc2-c2c1c1c(c3c2C(CC)(CC)c2cc(B(c4c(C)cc(C)cc4C)c4c(C)cc(C)cc4C)ccc2-3)C(CC)(CC)c2ccccc2-1,5,356.0,361.0,358.0,5.0
CCC1(CC)c2cc(B(c3c(C)cc(C)cc3C)c3c(C)cc(C)cc3C)ccc2-c2c1c1c(c3c2C(CC)(CC)c2cc(B(c4c(C)cc(C)cc4C)c4c(C)cc(C)cc4C)ccc2-3)C(CC)(CC)c2cc(B(c3c(C)cc(C)cc3C)c3c(C)cc(C)cc3C)ccc2-1,5,359.0,364.0,362.0,5.0
CCC1(CC)c2ccccc2-c2c1c1c(c3c2C(CC)(CC)c2cc(N(c4ccccc4)c4ccccc4)ccc2-3)C(CC)(CC)c2cc(N(c3ccccc3)c3ccccc3)ccc2-1,5,357.0,362.0,360.0,5.0
CCCCCCC(CCCCCC)n1c(=O)c2c3ccc4cccc5c6cccc7ccc(c2c1=O)c(c76)c3c45,10,334.0,339.0,336.0,5.0
CCCCCCCCCCCCCCCCCCN1C(=O)c2cccc3c(OCCN(C)C)ccc(c23)C1=O,7,359.0,364.0,363.0,5.0
CCCCC(CC)COC(=O)/C=C/c1c(OC)ccc(OC)c1OC,2,320.0,325.0,322.5,5.0
CCCCC(CC)COC(=O)/C=C\c1c(OC)ccc(OC)c1OC,2,308.0,313.0,310.5,5.0
O=C1c2ccccc2C2=Cc3cc4c(cc3B(O)N12)OCO4,4,392.0,397.0,395.0,5.0
COc1cc(OC)c(C2=C3C(C)=CC(C)=[N+]3[B-](F)(F)n3c(C)cc(C)c32)c(OC)c1,7,501.0,506.0,503.0,5.0
COc1cc(OC)cc(C2=C3C(C)=C(I)C(/C=C/c4ccsc4)=[N+]3[B-](F)(F)n3c(/C=C/c4ccsc4)c(I)c(C)c32)c1,3,670.0,675.0,670.0,5.0
CC1=[N+]2C(=Cc3cccn3[B-]2(F)F)C=C1,3,506.0,511.0,510.0,5.0
O=C1c2ccccc2-c2c(-c3cc(Cl)ccc3O)[nH]c(=O)n21,3,390.0,395.0,393.0,5.0
Cc1ccc(/C=C(\C#N)c2nc3ccccc3s2)cc1,2,350.0,355.0,352.5,5.0
Cc1ccc(/C=C(\c2ccccc2)c2nc3ccccc3o2)cc1,2,325.0,330.0,327.5,5.0
Cc1ccc(/C=C(\c2ccccc2)c2nc3ccccc3s2)cc1,2,340.0,345.0,342.5,5.0
CCN(CC)c1ccc2c(-c3ccc(S(=O)(=O)O)cc3S(=O)(=O)[O-])c3ccc(=[N+](CC)CC)cc-3oc2c1,4,551.0,556.0,554.0,5.0
CCN(CC)c1ccc2c(c1)oc(=O)c1c(=O)oc3c(C)c4oc(=O)c5c(=O)oc6cc(N(CC)CC)ccc6c5c4cc3c12,2,458.0,463.0,460.5,5.0
CCN(CC)c1ccc(-c2ccc(-c3nc(C#N)c4ccccc4n3)s2)cc1,2,397.0,402.0,399.5,5.0
CCN(CC)c1ccc2c(c1)oc(=O)c1c(=O)oc3cc(C#Cc4ccc(C#N)cc4)ccc3c12,2,476.0,481.0,478.5,5.0
CN1CCN(CCCN2c3ccccc3Sc3ccc(Cl)cc32)CC1,3,309.0,314.0,313.0,5.0
CN(C)c1ccc(C2=Nc3scc(-c4ccccc4)[n+]3[B-](F)(F)O2)cc1,4,406.0,411.0,407.5,5.0
CN(C)c1ccc(C2=Nc3scc[n+]3[B-](F)(F)O2)cc1,4,402.0,407.0,403.5,5.0
COc1ccc(-c2oc3c(c2Br)=[N+]2C(=C(C(F)(F)F)c4c(Br)c5oc(-c6ccc(OC)cc6)c(Br)c5n4[B-]2(F)F)C=3Br)cc1,2,741.0,746.0,743.5,5.0
CCC1=C(C)C2=C(c3c4ccccc4c(C)c4ccccc34)c3c(C)c(CC)c(C)n3[B-](F)(F)[N+]2=C1C,6,527.0,532.0,529.5,5.0
CCC1=C(C)C2=Cc3c4ccccc4c4n3[B-](c3cc[n+](C)cc3)(Oc3ccccc3-4)[N+]2=C1C,2,621.0,626.0,623.5,5.0
CCC1=C(C)C2=Cc3cscc3B(O)N2C1=O,5,350.0,355.0,352.0,5.0
COc1c2ccccc2c(OC)c2c1c1cccc(OC)c1n2C,4,407.0,412.0,409.0,5.0
Oc1cc(N(c2ccccc2)c2ccccc2)ccc1-c1nc2c3ccc(-c4ccccc4)cc3c3cc(-c4ccccc4)ccc3c2[nH]1,7,395.0,400.0,398.0,5.0
Oc1c(-c2nc3c4ccccc4c4ccccc4c3[nH]2)cc2c3c1CCCN3CCC2,7,364.0,369.0,367.0,5.0
CC(C)(C)c1ccc2oc3nc4oc5ccc(-n6c7ccccc7c7cc(-n8c9ccccc9c9ccccc98)ccc76)cc5c4cc3c2c1,2,343.0,348.0,345.5,5.0
Cc1cccc(C)c1Nc1ccc(/C=C/c2cccnc2)cc1,2,346.0,351.0,348.5,5.0
COc1ccccc1C1=C2C(C)=CC(C)=[N+]2[B-](F)(F)n2c(C)cc(C)c21,7,499.0,504.0,502.0,5.0
Oc1cc2c(cc1-c1nc3c4ccccc4c4ccccc4c3[nH]1)c1ccccc1n2-c1ccccc1,7,378.0,383.0,382.0,5.0
COc1ccc2cc(-c3ccc([N+](=O)[O-])cc3)ccc2c1,4,341.0,346.0,344.5,5.0
Cc1ccc(Nc2ccc3ccccc3n2)cc1,3,350.0,355.0,353.0,5.0
CC(C)[Si](C#Cc1c2ccccc2c(C#C[Si](C(C)C)(C(C)C)C(C)C)c2nc3c4ccccc4c(=O)c4ccccc4c3nc12)(C(C)C)C(C)C,2,509.0,514.0,511.5,5.0
O=c1c2ccccc2sc2ccccc12,4,377.0,382.0,379.0,5.0
Cc1ccc(-n2c(-c3ccc(C(F)(F)F)cc3)nc(-c3ccccc3O)c2-c2ccccc2O)cc1,6,309.0,314.0,312.0,5.0
COc1cc(/C=C/c2nc3ccccc3o2)c(OC)cc1/C=C/c1nc(C)nc(/C=C/c2cc(OC)c(/C=C/c3nc4ccccc4o3)cc2OC)n1,4,431.0,436.0,431.0,5.0
COc1ccc(/N=N/c2c(O)c3ccccc3n(C)c2=O)c(S(=O)(=O)O)c1,8,446.0,451.0,448.5,5.0
COc1ccc(C#Cc2ccc(C#Cc3ccc(P(=O)(c4ccccc4)c4ccccc4)cc3)cc2)cc1,7,331.0,336.0,333.0,5.0
CC1(C)C2=[N+](CCCCCC(=O)NCNC(=O)CCCCCN3/C(=C/C=C/C=C/C=C/2)C(C)(C)c2cc(S(=O)(=O)[O-])ccc23)c2ccc(S(=O)(=O)[O-])cc21,2,749.0,754.0,751.5,5.0
CC1(C)CC(/C=C/c2ccc(-n3cncn3)cc2)=CC(=C(C#N)C#N)C1,6,390.0,395.0,391.5,5.0
CCCCCCN1C(=O)C(c2ccc(-n3c4ccccc4c4ccccc43)cc2)=C(c2ccc(-n3c4ccccc4c4ccccc43)cc2)C1=O,2,421.0,426.0,423.5,5.0
CCCCCCCCN1C(=O)c2ccc3c4c(-c5ccc6c(c5)c5ccccc5n6-c5ccccc5)cc5c6c(ccc(c7c(-c8ccc9c(c8)c8ccccc8n9-c8ccccc8)cc(c2c37)C1=O)c64)C(=O)N(CCCCCCCC)C5=O,2,604.0,609.0,606.5,5.0
CCCCCCCCCCN1C(=O)c2cc(NCCCOCCO)c3c4c(cc(NCCCOCCO)c(c24)C1=O)C(=O)N(CCCCCCCCCC)C3=O,2,604.0,609.0,606.5,5.0
O=C1C=CC2=Cc3ccccc3B(O)N12,4,360.0,365.0,364.0,5.0
COCCOc1ccc(OCCOC)c(C=O)c1,11,348.0,353.0,349.0,5.0
COC(=O)c1ccc(O)c(-c2[nH]c(=O)n3c2-c2ccccc2C3=O)c1,3,390.0,395.0,394.0,5.0
COCCOCCOc1ccc(OCCOCCOC)c(C=O)c1,11,348.0,353.0,349.0,5.0
O=C1CC(c2cccc([N+](=O)[O-])c2)c2c(c3ccccc3c3nc4ccccc4nc23)O1,6,407.0,412.0,409.0,5.0
C[P+]1(c2ccccc2)c2ccccc2-c2sc3ccccc3c21,3,335.0,340.0,336.0,5.0
C/C(=C\c1ccc(C)cc1)c1nc2ccccc2s1,2,320.0,325.0,322.5,5.0
C(=C/c1ccc(N(c2ccc(/C=C/c3ccc(N(c4ccccc4)c4ccccc4)cc3)cc2)c2ccc(-c3nc4ccccc4nc3-c3ccc(N(c4ccc(/C=C/c5ccc(N(c6ccccc6)c6ccccc6)cc5)cc4)c4ccc(/C=C/c5ccc(N(c6ccccc6)c6ccccc6)cc5)cc4)cc3)cc2)cc1)\c1ccc(N(c2ccccc2)c2ccccc2)cc1,2,375.0,380.0,377.5,5.0
Cc1cc(C)c(B(c2c(C)cc(C)cc2C)c2cc3ccc4ccccc4c3c3c2ccc2ccccc23)c(C)c1,5,410.0,415.0,413.0,5.0
C(=C/c1ccc(Nc2ccccc2)cc1)\c1ccccc1,2,346.0,351.0,348.5,5.0
c1ccc(-p2c3ccccc3c3sc4ccccc4c32)cc1,4,314.0,319.0,315.5,5.0
c1ccc(-n2c(-c3cccc4ccccc34)nc3c4ccccc4c4ccccc4c32)cc1,2,356.0,361.0,358.5,5.0
c1ccc(-c2oc(-c3ccccc3)c3ccccc23)cc1,7,411.0,416.0,413.0,5.0
CC1(C)Oc2c(c3nc4ccccc4nc3c3ccccc23)CC1Br,10,422.1190376,426.9854825000001,423.0118443,4.86644490000009
CN(C)c1cc(-c2ccc(C#Cc3ccncc3)cc2)cc2ccccc12,3,306.2600321000001,311.0,309.3900482,4.739967899999897
CC1=[N+]2C(=C(Oc3cc(C)c4c(c3)CC[C@@](C)(CCC[C@H](C)CCC[C@H](C)CCCC(C)C)O4)c3ccc(C)n3[B-]2(F)F)C=C1c1cc2n(c1)[B-](F)(F)[N+]1=CC=CC1=C2c1c(C)cc(C)cc1C,2,570.5,575.0,572.75,4.5
N#C/C=C/c1ccc2ccc3cccc4ccc1c2c34,10,368.5,373.0,371.0,4.5
CC(C)(C)c1ccc2c(c1)c1cc3c4cc(C(C)(C)C)ccc4c4c5c6ccc(C(C)(C)C)cc6c6cc7c8cc(C(C)(C)C)ccc8c8c2c1c(c34)c(c78)c65,3,541.5651232000001,545.8515284,542.1523448,4.2864051999998765
COC(=O)C(Cc1ccc2oc(-c3ccncc3)nc2c1)NC(=O)OC(C)(C)C,3,302.8571429,307.12273639999995,306.0764588,4.265593499999966
C/C=C/C=C/C1=N/C(=C\c2ccc(O)cc2)C(=O)N1C,2,421.0,425.0,423.0,4.0
c1ccc(-c2c3c(c(-c4ccccc4)c4cc5ccccc5cc24)Cc2c(c(-c4ccccc4)c4cc5ccccc5cc4c2-c2ccccc2)C3)cc1,5,388.0,392.0,389.0,4.0
c1cc2c3c(cccc3c1)NC(c1ccc3ccc4cccc5ccc1c3c45)N2,4,340.0,344.0,342.5,4.0
CSc1ccc2c(c1)N(CCCN1CCN(C)CN1C)c1ccccc1S2,3,312.0,316.0,314.0,4.0
C[C@]12C(=O)NC(=O)N([C@H]3CC(O)[C@@H](CO)O3)[C@H]1[C@H]1Oc3cc4oc(=O)ccc4cc3[C@H]12,5,325.0,329.0,327.0,4.0
Cc1cc(C)c(B(c2c(C)cc(C)cc2C)c2cc3cc(N(C)C)c4ccccc4c3c3c2ccc2ccccc23)c(C)c1,5,429.0,433.0,431.0,4.0
COc1cccc(/C=C/C(=O)c2c(O)cc(C)oc2=O)c1,2,373.0,377.0,375.0,4.0
NCc1ccc2ccc3cccc4ccc1c2c34,4,340.0,344.0,341.5,4.0
COc1ccc2c3c(OC)c4ccccc4c(OC)c3n(C)c2c1,4,392.0,396.0,392.5,4.0
CCOC(=O)C1=CN(c2ccccc2)C=CC1c1ccccc1,2,344.0,348.0,346.0,4.0
c1ccc2c(-n3c4ccccc4c4ccccc43)cccc2c1,9,321.0,325.0,323.0,4.0
c1ccc(C2=C(c3ccccc3)c3cccc4c5c(cc(c34)O2)=NC2CCCCC2N=5)cc1,2,431.0,435.0,433.0,4.0
COC(=O)c1cc(=O)n(Cc2ccccc2)c2cc(-c3ccc(N(C)C)cc3)sc12,2,432.0,436.0,434.0,4.0
COC(=O)c1cc(=O)n(Cc2ccccc2)c2cc(-c3ccc(OC)cc3)sc12,2,400.0,404.0,402.0,4.0
COc1ccc2cc(-c3ccc(C(F)(F)F)cc3)oc(=O)c2c1,9,324.0,328.0,326.0,4.0
COc1ccc2cc(-c3ccc(S(C)(=O)=O)cc3)oc(=O)c2c1,5,330.0,334.0,331.0,4.0
N#Cc1cnc(-c2c3ccccc3c(-c3ccccc3)c3ccccc23)nc1,2,390.0,394.0,392.0,4.0
COCCOCCOCCOc1ccc(OCCOCCOCCOC)c(C=O)c1,11,348.0,352.0,349.0,4.0
CCCCCCCC(=O)Oc1ccc2c3cccc4c(OC(=O)CCCCCCC)ccc(c5cccc1c52)c43,6,445.0,449.0,447.0,4.0
CCCCCCCC1=C(C)C(=O)n2c1cc1[nH]c(C(=O)OC)c(C)c1c2=O,5,393.0,397.0,396.0,4.0
O=C1C=C(Nc2ccc(F)cc2F)C(=O)c2ccccc21,2,439.0,443.0,441.0,4.0
CCCCCCCCN1C(=O)c2ccc3c4c(-c5ccc(-n6c7ccccc7c7ccccc76)cc5)cc5c6c(ccc(c7c(-c8ccc(-n9c%10ccccc%10c%10ccccc%109)cc8)cc(c2c37)C1=O)c64)C(=O)N(CCCCCCCC)C5=O,2,561.0,565.0,563.0,4.0
COc1c2ccccc2c(OC)c2c1c1ccc(C)cc1n2C,4,401.0,405.0,403.0,4.0
COc1c2ccccc2c(OC)c2c1c1ccccc1n2C,4,405.0,409.0,405.5,4.0
COc1cc(-c2nc3c4cccnc4c4ncccc4c3[nH]2)c(OC)cc1/C=C/c1ccncc1,4,392.0,396.0,394.5,4.0
CCCC1=C(CCC)c2cccc3c2c(cc2nc4ccccc4nc23)O1,2,499.0,503.0,501.0,4.0
O=C1NC(=O)[C@H]([C@H]2C[C@H](O)[C@@H](CO)O2)C=C1C#Cc1ccc2c(c1)C(=O)c1ccccc1-2,3,341.0,345.0,342.0,4.0
CCCCC1(CCCC)c2ccccc2-c2ccc(-c3c4c(nc5ccccc35)-c3cc5c(cc3CC4)-c3nc4ccccc4c(-c4ccc6c(c4)C(CCCC)(CCCC)c4ccccc4-6)c3CC5)cc21,2,377.0,381.0,379.0,4.0
CCCCCCCCCCCCCCCCOC(=O)c1ccc(N(c2ccccc2)c2ccccc2)cc1,6,332.0,336.0,334.0,4.0
COC(=O)c1cc(=O)n(C)c2cc(-c3ccccc3N(C)C)sc12,2,402.0,406.0,404.0,4.0
CCOC(=O)C1=CN(Cc2ccccc2)C=C(C(=O)OCC)C1,2,367.0,371.0,369.0,4.0
CCOC(=O)C1=CN(c2ccccc2)C=C(C(=O)OCC)C1,2,376.0,380.0,378.0,4.0
CCOC(=O)C1=CN(c2ccccc2)C=C(C(=O)OCC)C1c1ccccc1,2,362.0,366.0,364.0,4.0
CC1=[N+]2C(=c3c4c5ccccc5cc5cccc(c6cc(C)n(c36)[B-]2(F)F)c54)C=C1,6,583.0,587.0,583.5,4.0
COc1cc(OC)cc(-c2nnc(-c3cccc(-c4nnc(-c5cc(OC)cc(OC)c5)o4)c3)o2)c1,6,288.0,292.0,290.0,4.0
COc1cc(OC)cc(-c2nnc(-c3ccc(-c4nnc(-c5cc(OC)cc(OC)c5)o4)cc3)o2)c1,6,317.0,321.0,319.5,4.0
CC1=[N+]2C(=C(c3ccccc3C)c3ccc(C)n3[B-]2(F)F)C=C1c1cc2n(c1)[B-](F)(F)[N+]1=CC=CC1=C2c1c(C)cc(C)cc1C,2,595.0,599.0,597.0,4.0
O=C1c2ccccc2-c2c(-c3ccc([N+](=O)[O-])cc3)c(-c3ccc([N+](=O)[O-])cc3)c(-c3ccccc3)c3cccc1c23,2,396.0,400.0,398.0,4.0
COC(=O)c1nc2c(N(C)C)nc(N)nc2n1Cc1ccccc1,4,330.0,334.0,331.5,4.0
COC(=O)c1nc2cnc(N(C)C)nc2n1Cc1ccccc1,4,358.0,362.0,360.5,4.0
CC1CCC(O)(c2ccc(-c3cccs3)s2)CC1,6,341.0,345.0,341.0,4.0
CCCCCCCCCCCCOc1ccc(C2=c3sc4ccccc4c3=[N+]3C2=Nc2c(-c4ccc(OCCCCCCCCCCCC)cc4)c4sc5ccccc5c4n2[B-]3(F)F)cc1,3,729.0,733.0,731.0,4.0
COC(=O)C(NC(=O)OC(C)(C)C)c1ccc2oc(-c3ccc(OC(=O)c4ccccc4)cc3O)nc2c1,3,334.0,338.0,334.0,4.0
COC(=O)c1cccc2c1C#Cc1c(N)cccc1OCCCO2,2,359.0,363.0,361.0,4.0
Fc1cccc(F)c1[B-]1(c2c(F)cccc2F)Oc2c(ccc3c4c(ccc23)C=[N+](c2ccccc2)[B-](c2c(F)cccc2F)(c2c(F)cccc2F)O4)C=[N+]1c1ccccc1,2,534.0,538.0,536.0,4.0
COC(=O)c1ccccc1C#Cc1ccccc1NC(C)=O,2,330.0,334.0,332.0,4.0
CCCCCCCCOc1ccc2c3cccc4c(OCCCCCCCC)ccc(c5cccc1c52)c43,6,460.0,464.0,462.0,4.0
CCCCCCOc1ccc(/C=C/c2ccc(N(c3ccc(/C=C/c4ccc(OCCCCCC)cc4)cc3)c3ccc(-c4nc5ccccc5nc4-c4ccc(N(c5ccc(/C=C/c6ccc(OCCCCCC)cc6)cc5)c5ccc(/C=C/c6ccc(OCCCCCC)cc6)cc5)cc4)cc3)cc2)cc1,2,374.0,378.0,376.0,4.0
O=C1c2ccccc2C2=Cc3ccccc3B(O)N12,4,371.0,375.0,372.0,4.0
CCCCCCOc1ccc(C#Cc2ccc(C#CC#Cc3ccc(C#Cc4ccc(OCCCCCC)c(OCCCCCC)c4)c4nsnc34)c3nsnc23)cc1OCCCCCC,6,468.0,472.0,470.5,4.0
Cc1csc2[n+]1[B-](F)(F)OC(c1ccc(N(C)C)cc1)=N2,4,403.0,407.0,405.5,4.0
CC1=N/C(=C\c2cc(N(C)C)ccc2C#N)C(=O)N1C,3,359.0,363.0,361.0,4.0
CCC1(CC)c2cc(B(c3c(C)cc(C)cc3C)c3c(C)cc(C)cc3C)ccc2-c2c1c1c(c3c2C(CC)(CC)c2cc(N(c4ccccc4)c4ccccc4)ccc2-3)C(CC)(CC)c2cc(N(c3ccccc3)c3ccccc3)ccc2-1,8,359.0,363.0,361.0,4.0
O=P(c1ccccc1)(c1ccccc1)n1c2ccccc2c2cc(-n3c4ccccc4c4ccccc43)ccc21,2,340.0,344.0,342.0,4.0
COc1c2ccccc2c(OC)c2c1c1c(C)ccc(OC)c1n2C,4,414.0,418.0,416.5,4.0
COc1c2ccccc2c(OC)c2c1c1cc(C)ccc1n2C,4,410.0,414.0,411.0,4.0
COc1c2ccccc2c(OC)c2c1c1cc(Cl)ccc1n2C,4,413.0,417.0,414.5,4.0
COc1c2ccccc2c(OC)c2c1c1cc(F)ccc1n2C,4,415.0,419.0,416.5,4.0
Clc1nc(Cl)nc(Nc2ccc3c4cccc5cccc(c6cccc2c63)c54)n1,4,442.0,446.0,443.0,4.0
Clc1nc(Cl)nc(Nc2ccc3cc4ccccc4cc3c2)n1,4,394.0,398.0,395.5,4.0
Cc1nn(-c2ccccc2)c2c1c(=O)oc1ccc(-n3c4ccccc4c4cc(-n5c6ccccc6c6ccccc65)ccc43)cc12,2,342.0,346.0,344.0,4.0
CC1=CC(C)=[N+]2C1=C(c1ccc(N(C)C)cc1)c1c(C)cc(C)n1[B-]2(F)F,6,496.0,500.0,497.0,4.0
COC(=O)c1cc(=O)n(C)c2cc(-c3ccc4c(c3)OCCO4)sc12,2,398.0,402.0,400.0,4.0
COC(=O)c1cc(=O)n(C)c2cc(-c3ccc4c(c3)OCO4)sc12,2,400.0,404.0,402.0,4.0
F[B-]1(F)n2c(c3cc4ccccc4cc3c2-c2ccccc2)C=C2c3cc4ccccc4cc3C(c3ccccc3)=[N+]21,4,761.0,765.0,763.0,4.0
O=S1(=O)c2ccc(-c3ccc(N(c4ccccc4)c4ccccc4)cc3)cc2C2(c3ccccc3-c3ccccc32)c2cc(-c3ccc(N(c4ccccc4)c4ccccc4)cc3)ccc21,2,363.0,367.0,365.0,4.0
CC1=CC(C)=[N+]2C1=C(c1c(F)c(F)c(NCCCCNP(=O)(OC(C)C)OC(C)C)c(F)c1F)c1c(C)cc(C)n1[B-]2(F)F,5,510.0,514.0,512.0,4.0
CC1=CC(C)=[N+]2C1=C(c1c(F)c(F)c(NCCCCCCNP(=O)(OC(C)C)OC(C)C)c(F)c1F)c1c(C)cc(C)n1[B-]2(F)F,5,510.0,514.0,512.0,4.0
O=S(=O)([O-])c1ccccc1/C=C/c1ccc(-c2nnc(-c3ccc(/C=C/c4ccccc4S(=O)(=O)[O-])cc3)o2)cc1,3,344.0,348.0,346.0,4.0
CC1(C)C(/C=C/C=C/C=C/C=C2/N(CCCCCC(=O)O)c3ccc(S(=O)(=O)[O-])cc3C2(C)C)=[N+](CCCCS(=O)(=O)[O-])c2ccc(S(=O)(=O)[O-])cc21,2,749.0,753.0,751.0,4.0
O=c1[nH]c(=O)n([C@@H]2O[C@H](CO)[C@@H](O)[C@H]2O)c2ccsc12,4,292.0,296.0,294.0,4.0
COc1ccc(/C=C/C(=O)c2c(O)cc(C)oc2=O)cc1,2,380.0,384.0,382.0,4.0
COc1ccc(N(c2ccc(/C=C(\C)c3ccccc3)cc2)c2ccc(OC)cc2)cc1,2,347.0,351.0,349.0,4.0
COc1ccc(-c2nc(-c3ccccc3O)c(-c3ccccc3O)n2-c2ccc(C)cc2)cc1,4,304.0,308.0,304.5,4.0
Cc1cccc(-c2[nH]c(=O)n3c2-c2ccccc2C3=O)c1O,3,391.0,395.0,392.0,4.0
CN(C)c1cccc2c1ccc1c(=O)oc(-c3ccc(C(F)(F)F)cc3)cc12,9,391.0,395.0,393.0,4.0
CCN(CC)c1ccc(-n2cccc2)cc1,2,276.0,280.0,278.0,4.0
Nc1ncnc2c1c(C#Cc1c3ccccc3cc3ccccc13)cn2[C@H]1C[C@H](O)[C@@H](CO)O1,5,403.0,407.0,405.0,4.0
Nc1ncnc2c1c(C#Cc1ccc3ccccc3c1)cn2[C@H]1C[C@H](O)[C@@H](CO)O1,5,315.0,319.0,318.0,4.0
O=c1[nH]c(=O)n([C@@H]2O[C@H](CO)[C@@H](O)[C@H]2O)cc1-c1cc2ccccc2s1,4,318.0,322.0,321.0,4.0
CC1(C)CC(NCc2ccc3ccc4cccc5ccc2c3c45)CC(C)(C)N1[O],4,340.0,344.0,341.5,4.0
CCN(CC)c1ccc2cc(-c3csc(N)c3C#N)c(=O)oc2c1,5,403.0,407.0,406.0,4.0
Nc1ccc2ccc3cccc4ccc1c2c34,3,357.0,361.0,361.0,4.0
CCN(CC)c1ccc2c(c1)oc(=O)c1c(=O)oc3c(OC)cccc3c12,2,458.0,462.0,460.0,4.0
Cc1ccc(-n2c(C)ccc2C)cc1,2,234.0,238.0,236.0,4.0
COc1ccc2nc3c(nc2c1)c(-c1ccccc1)nn3C,3,431.0,435.0,434.0,4.0
O=c1oc2ccccc2cc1-c1ccc(-c2cc3ccccc3oc2=O)cc1,6,342.0,346.0,346.0,4.0
CC(O)CC1=N/C(=C\c2cccc(N(C)C)c2)C(=O)N1C,3,352.0,356.0,355.0,4.0
CC(C)c1ccc(/C=C/c2nc3ccc(N(C)C)cc3s2)cc1,2,388.0,392.0,390.0,4.0
CC(C)[Si](C#Cc1c2cc3ccccc3cc2c(C#C[Si](C(C)C)(C(C)C)C(C)C)c2nc3ccccc3nc12)(C(C)C)C(C)C,2,693.0,697.0,695.0,4.0
Cc1ccc(OCc2cc(=O)oc3c2ccc2ccccc23)cc1,12,351.0,355.0,353.0,4.0
Cc1ccc([B-]2(c3ccc(C)cc3)n3nc(C(F)(F)F)cc3-c3c4ccccc4cc[n+]32)cc1,3,373.0,377.0,377.0,4.0
COc1ccc(C#Cc2ccc(C#Cc3ccc(P(=O)(c4ccc(C#Cc5ccc(C#Cc6ccc(OC)cc6)cc5)cc4)c4ccc(C#Cc5ccc(C#Cc6ccc(OC)cc6)cc5)cc4)cc3)cc2)cc1,7,334.0,338.0,336.0,4.0
COc1ccc2cc(C#Cc3ccc([N+](=O)[O-])cc3)ccc2c1,3,356.0,360.0,356.0,4.0
Cc1cc2ccc(-c3cccc4cccc(-c5ccc6cc(C)c(=O)oc6c5)c34)cc2oc1=O,8,324.0,328.0,325.5,4.0
CCN(CC)c1ccc(-c2ccc(-c3nc(N4CCOCC4)c4ccccc4n3)s2)cc1,2,401.0,405.0,403.0,4.0
CCN(CC)c1ccc2c(c1)oc(=O)c1c(=O)oc3cc([N+](=O)[O-])ccc3c12,2,494.0,498.0,496.0,4.0
COc1ccc2c(c1)c1c(OC)c3ccccc3c(OC)c1n2C,4,421.0,425.0,421.5,4.0
Cc1ccc(-c2[nH]c(=O)n3c2-c2ccccc2C3=O)c(O)c1,3,393.0,397.0,393.0,4.0
COc1nc(Cl)nc(Nc2ccc3cc4ccccc4cc3c2)n1,4,394.0,398.0,396.5,4.0
Cc1cc(N(C)C)cc(C)c1/C=C/C=C/c1ccc(C#N)cc1,3,388.0,392.0,390.0,4.0
Cc1ccc(/C=C/c2ccccc2-[n+]2noc([O-])c2C)cc1,3,310.0,314.0,312.0,4.0
COc1ccc(N(c2ccccc2)c2ccccc2)cc1,2,299.0,303.0,301.0,4.0
CCn1c2ccccc2c2cc(-c3cc(-c4ccc5c(c4)c4ccccc4n5CC)nc(N4CCCCC4)n3)ccc21,5,367.0,371.0,369.0,4.0
COc1nc(Nc2ccc3cc4ccccc4cc3c2)nc(OC)n1,4,394.0,398.0,395.0,4.0
CCn1c2ccccc2c2cc(-c3cc(-c4ccc5c(c4)c4ccccc4n5CC)ncn3)ccc21,5,359.0,363.0,360.0,4.0
CCc1ccc(Nc2ccc3ccccc3n2)cc1,3,350.0,354.0,353.0,4.0
CN(C)CCCN1c2ccccc2Sc2ccc(C(F)(F)F)cc21,3,306.0,310.0,310.0,4.0
CN(C)c1ccc(C2=Nc3sc4cc(C(F)(F)F)ccc4[n+]3[B-](F)(F)O2)cc1,5,427.0,431.0,430.0,4.0
CN(C)c1ccc(C2=Nc3sc4cc(Cl)ccc4[n+]3[B-](F)(F)O2)cc1,5,426.0,430.0,430.0,4.0
CN(C)c1ccc(C2=Nc3sc4cc(F)ccc4[n+]3[B-](F)(F)O2)cc1,5,422.0,426.0,425.0,4.0
CN(C)c1ccc(C2=Nc3sc4ccccc4[n+]3[B-](F)(F)O2)cc1,5,421.0,425.0,424.0,4.0
CN(C)c1ccc(C2=Nc3scc(-c4ccc(C#N)cc4)[n+]3[B-](F)(F)O2)cc1,4,411.0,415.0,412.5,4.0
CN(C)c1ccc(/C=C/c2ccccc2)cc1,2,347.0,351.0,349.0,4.0
CN(C)CCCN1c2ccccc2CCc2ccc(Cl)cc21,3,276.0,280.0,279.0,4.0
CCOC(=O)C1c2cc(OC)c(OC)cc2C(=O)N1c1ccc(OC)c(OC)c1,4,299.0,303.0,302.5,4.0
CCOC(=O)C1c2ccccc2C(=O)N1c1ccccc1,4,282.0,286.0,283.0,4.0
N#Cc1ccc(N/N=C/c2cc([N+](=O)[O-])ccc2O)cc1,2,336.0,340.0,338.0,4.0
CCOc1ccc2c(-c3nc(-c4ccccc4)no3)cc(=O)oc2c1,2,388.0,392.0,390.0,4.0
CC(=O)c1c2c(cc3ccc(N(C)C)cc13)CCC2,9,373.0,377.0,377.0,4.0
c1ccc2c(-n3cnc4ccccc43)cccc2c1,9,282.0,286.0,284.0,4.0
C=CC1CN2CCC1CC2[C@@H](OCc1ccccc1)c1ccnc2ccc(O)cc12,5,334.0,338.0,335.0,4.0
C1=[N+](c2ccccc2)[B-]2(Oc3c1ccc1c4c(ccc31)C=[N+](c1ccccc1)[B-]1(O4)c3ccccc3Oc3ccccc31)c1ccccc1Oc1ccccc12,2,545.0,549.0,547.0,4.0
C1=Nc2cccc3cccc(c23)N1,4,329.0,333.0,330.0,4.0
C1=C(c2ccc(-c3cccs3)s2)CCCC1,6,341.0,345.0,343.0,4.0
C(=C/c1ccc(N(c2ccccc2)c2ccccc2)cc1)\c1ccc(-c2cc(-c3ccccn3)nc(-c3ccccn3)c2)cc1,5,379.0,383.0,382.0,4.0
C=O.COCCOCCCOc1ccc(/C=C/c2c(I)c(C)c3n2[B-](F)(F)[N+]2=C(C)C(I)=C(C)C2=C3c2cc(OC)cc(OC)c2)cc1,3,597.0,601.0,598.0,4.0
c1ccc(C2(c3ccccc3)c3cc4c(cc3-c3ccc5ccc6cccc7cc2c3c5c67)-c2ccc3ccc5cccc6cc(c2c3c56)C4(c2ccccc2)c2ccccc2)cc1,5,400.0,404.0,401.0,4.0
Brc1ccc(Nc2ccc3ccccc3n2)cc1,3,347.0,351.0,347.0,4.0
COC(=O)C(Cc1ccc2oc(-c3ccc(-n4c5ccccc5c5ccccc54)cc3)nc2c1)NC(=O)OC(C)(C)C,22,339.6047001,343.59538210000005,341.40762374999997,3.9906820000000494
CC1(C)Cc2c(c3ccccc3c3nc4ccccc4nc23)O1,6,455.996352,459.9816007,458.0852038,3.9852486999999996
CN(C)c1cc(-c2ccc(C#Cc3ccccc3)cc2)cc2ccccc12,3,300.2862595,304.0,302.57633589999995,3.7137404999999717
CC1(C)c2ccccc2N(c2ccc3c(c2)C(C)(C)c2cc(N4c5ccccc5C(C)(C)c5ccccc54)ccc2S3(=O)=O)c2ccccc21,2,361.4035088,365.0,363.2017544,3.5964912000000027
CC1=[N+]2C(=Cc3ccc(C)n3[B-]2(F)F)C=C1c1cc2n(c1)[B-](F)(F)[N+]1=CC=CC1=C2c1c(C)cc(C)cc1C,2,589.0,592.5,590.75,3.5
c1cc2cccc3c4cccc5cccc(c(c1)c23)c54,2,435.0,438.5,436.75,3.5
CC1=[N+]2C(=C(c3cccs3)c3ccc(C)n3[B-]2(F)F)C=C1c1cc2n(c1)[B-](F)(F)[N+]1=CC=CC1=C2c1c(C)cc(C)cc1C,2,605.0,608.5,606.75,3.5
N#Cc1ccc(C[C@H](N)C(=O)O)cc1,3,233.3347559,236.8079946,233.5828443,3.473238699999996
Cc1ccc(N(c2cc(C(C)(C)C)ccc2C)c2ccc3ccc4c(N(c5ccc(C)cc5C)c5cc(C(C)(C)C)ccc5C)ccc5ccc2c3c54)c(C)c1,2,431.0,434.3026121,432.65130605,3.302612099999976
c1ccc(-c2cc(-c3ccc(N4c5ccccc5C5(c6ccccc64)c4ccccc4N(c4ccc(-c6cc(-c7ccccc7)nc(-c7ccccc7)n6)cc4)c4ccccc45)cc3)nc(-c3ccccc3)n2)cc1,2,382.0334262,385.1973684,383.61539730000004,3.163942200000008
c1ccc(-c2cc(-c3ccc4ccc5c(-c6ccnc(-c7ccccn7)c6)ccc6ccc3c4c65)ccn2)nc1,9,359.99712,363.0027588,360.9977979,3.0056387999999856
CCOC(=O)c1ccccc1-c1c2ccc(=[N+](CC)CC)cc-2oc2c1oc1cc(N)ccc12,3,587.0,590.0,588.0,3.0
N#Cc1cnc(-c2c3ccccc3c(-c3ncc(C#N)cn3)c3ccccc23)nc1,2,391.0,394.0,392.5,3.0
c1cnc(-c2c3ccccc3c(-c3cncnc3)c3ccccc23)nc1,2,391.0,394.0,392.5,3.0
c1ccc2c(-c3cncnc3)c3ccccc3c(-c3cncnc3)c2c1,2,394.0,397.0,395.5,3.0
Cc1cc(O)c(C(=O)/C=C/c2ccc(O)c(O)c2)c(=O)o1,2,387.0,390.0,388.5,3.0
NC(=O)Cc1cccc2ccccc12,7,280.0,283.0,282.0,3.0
Cc1cc(O)c(C(=O)/C=C/c2ccc([N+](=O)[O-])cc2)c(=O)o1,2,358.0,361.0,359.5,3.0
COc1nc(Nc2ccc3c4cccc5cccc(c6cccc2c63)c54)nc(OC)n1,4,441.0,444.0,442.5,3.0
CCN(CC)c1ccc(/N=N/c2cc3c(=O)[nH][nH]c(=O)c3cc2[N+](=O)[O-])cc1,3,511.0,514.0,514.0,3.0
N#Cc1cnc(-c2c3ccccc3cc3ccccc23)nc1,2,382.0,385.0,383.5,3.0
Nc1ccc(O)c(C(=O)[O-])c1,2,331.0,334.0,332.5,3.0
CC[N+]1(CC)CN2C(C)=CC(C)=C(C(=O)O)C2=N1,2,343.0,346.0,344.5,3.0
Cc1ccc(-c2c3ccc([nH]3)c3nc(c(-c4ccc([N+](=O)[O-])cc4)c4ccc([nH]4)c4ccc([nH]4)c(-c4ccc(C)cc4)c4ccc2o4)C=C3)cc1,3,445.0,448.0,448.0,3.0
CN(C)c1nc(N)c2nc(C#N)n(Cc3ccccc3)c2n1,4,336.0,339.0,338.0,3.0
CN(C)c1ccc(C2=Nc3sc4c(F)c(F)c(F)c(F)c4[n+]3[B-](F)(F)O2)cc1,4,431.0,434.0,432.0,3.0
CN(C)c1ccc2cc(C#Cc3cn([C@H]4C[C@H](O)[C@@H](CO)O4)c4ncnc(N)c34)ccc2c1,6,333.0,336.0,334.5,3.0
CC(C)c1ccc2ccc3cccc4ccc1c2c34,3,337.0,340.0,338.0,3.0
Cc1ccc(/C=C/c2ccccc2-[n+]2noc([O-])c2-c2ccccc2)cc1,3,313.0,316.0,315.0,3.0
Cc1ccc(C#Cc2ccc3ccc4cccc5ccc2c3c45)cc1,4,362.0,365.0,362.0,3.0
Oc1ccc(-c2cccs2)cc1-c1nc2ccccc2s1,3,360.0,363.0,361.0,3.0
Oc1ccc2ncccc2c1,5,330.0,333.0,331.0,3.0
CC(C)(C)c1ccc2oc3nc4oc5ccc(-n6c7ccccc7c(=O)c7ccccc76)cc5c4cc3c2c1,2,393.0,396.0,394.5,3.0
CC(C)(C)c1ccc2oc3nc4oc5ccc(-n6c7ccccc7c7ccccc76)cc5c4cc3c2c1,2,345.0,348.0,346.5,3.0
CC(C)(C)c1ccc2ccc3c(C(C)(C)C)ccc4ccc1c2c43,3,345.0,348.0,346.0,3.0
CC(C)(C)c1ccc(C2=CC(c3ccccc3)=[N+]3C2=Nc2c(-c4ccc(C(C)(C)C)cc4)cc(-c4ccccc4)n2[B-]3(F)F)cc1,3,654.0,657.0,654.0,3.0
CCCn1c(=O)c(/C=C/c2nc3ccc(C)cc3n(CCC)c2=O)nc2ccc(C)cc21,3,431.0,434.0,434.0,3.0
CC(=O)Nc1cccc2c1C#Cc1c(cccc1C(=O)N(C)C)OCCCO2,2,315.0,318.0,316.5,3.0
CC(=O)Nc1ccc2ccc3cccc4ccc1c2c34,3,338.0,341.0,339.0,3.0
c1cc2ccc3ccc(-n4c5ccccc5c5ccccc54)c4ccc(c1)c2c34,4,344.0,347.0,344.0,3.0
Cc1cc(O)c(C(=O)/C=C/c2ccc(Cl)cc2)c(=O)o1,2,357.0,360.0,358.5,3.0
c1ccc(-c2c3ccccc3c(-c3ncccn3)c3ccccc23)cc1,2,390.0,393.0,391.5,3.0
c1ccc(-c2c3ccccc3c(-c3cncnc3)c3ccccc23)cc1,2,394.0,397.0,395.5,3.0
O=C([O-])c1ccc(C(=O)[O-])c(C2=c3cc4c5c(c3Oc3c2cc2c6c3CCCN6CCC2)CCC[N+]=5CCC4)c1,2,571.0,574.0,572.5,3.0
CCCCc1cc(CCCC)c2ccc3c(CCCC)cc(CCCC)c4ccc1c2c43,3,358.0,361.0,359.0,3.0
CCCCc1ccc2ccc3c(CCCC)cc(CCCC)c4ccc1c2c34,3,351.0,354.0,352.0,3.0
CCCCc1ccc2ccc3c(CCCC)ccc4ccc1c2c43,3,344.0,347.0,344.0,3.0
O=c1oc2ccccc2c2c1c(=O)oc1cc(O)cc(O)c12,2,385.0,388.0,386.5,3.0
CC1(C)CC(/N=C/c2ccc3ccc4cccc5ccc2c3c45)CC(C)(C)N1,4,358.0,361.0,359.5,3.0
CN(C)c1ccc2c(c1)C(C)(C)C1=CC(=[N+](C)C)C=CC1=C2C#Cc1ccccc1,2,677.0,680.0,678.5,3.0
CCCCc1ccc2ccc3cccc4ccc1c2c34,3,338.0,341.0,338.0,3.0
COc1ccc(OC)c(-c2[nH]c(=O)n3c2-c2ccccc2C3=O)c1,3,396.0,399.0,397.0,3.0
CC(C)(C)c1ccc2ccc3cccc4ccc1c2c34,3,338.0,341.0,338.0,3.0
O=P1(c2ccccc2)C(c2ccccc2)=Cc2ccccc21,2,347.0,350.0,348.5,3.0
CC1=[N+]2C(=C(c3ccc(Br)cc3)c3ccc(C)n3[B-]2(F)F)C=C1c1cc2n(c1)[B-](F)(F)[N+]1=CC=CC1=C2c1c(C)cc(C)cc1C,2,598.5,601.5,600.0,3.0
O=Cc1ccc(-c2cccc(-c3nc4ccccc4s3)c2O)o1,3,360.0,363.0,360.0,3.0
c1ccc2cc(-n3cnc4ccccc43)ccc2c1,9,275.0,278.0,276.0,3.0
c1ccc2c(c1)c1ccccc1c1[nH]c(-c3ccc(-c4nc5c6ccccc6c6ccccc6c5[nH]4)cc3)nc21,5,410.0,413.0,411.0,3.0
c1ccc2c(c1)-c1ccccc1C21c2cc(-c3ccc(-n4c5ccccc5c5ccccc54)cc3)ccc2Sc2ccc(-c3ccc(-n4c5ccccc5c5ccccc54)cc3)cc21,2,341.0,344.0,342.5,3.0
Cc1cc(-c2c3ccccc3c(-c3ccc4ccccc4c3)c3ccccc23)c(C)cc1-c1ccc(N(c2ccccc2)c2ccccc2)cc1,2,398.0,401.0,399.5,3.0
Cc1cc(=O)oc2c1cc(Br)c1occ(C)c12,2,330.0,333.0,331.5,3.0
c1ccc2cc3ccccc3cc2c1,2,355.0,358.0,356.5,3.0
CSc1ccc2c(c1)N(CCCN(C)C)c1ccccc1S2,3,312.0,315.0,314.0,3.0
c1ccc(N(c2ccccc2)c2ccc(-c3ccc4c(c3)C3(c5cc(-c6ccc(N(c7ccccc7)c7ccccc7)cc6)ccc5S4)c4ccccc4-c4ccccc43)cc2)cc1,2,356.0,359.0,357.5,3.0
C[Si](C)(C)c1ccc2ccc3cccc4ccc1c2c34,3,340.0,343.0,340.0,3.0
C[Si](C)(C)c1ccc2ccc3c([Si](C)(C)C)ccc4ccc1c2c43,3,349.0,352.0,350.0,3.0
CC(=O)c1ccc2cc(C#Cc3cn([C@H]4C[C@H](O)[C@@H](CO)O4)c4ncnc(N)c34)ccc2c1,5,344.0,347.0,345.0,3.0
Cc1cc(C)c(B(c2c(C)cc(C)cc2C)c2cc3ccc4ccccc4c3c3c2cc(N(C)C)c2ccccc23)c(C)c1,5,437.0,440.0,439.0,3.0
Cc1cc(C)c(C)c(-c2ccc3cc(C)c(=O)oc3c2)c1C,3,312.0,315.0,314.0,3.0
COc1cccc(-c2[nH]c(=O)n3c2-c2ccccc2C3=O)c1O,3,393.0,396.0,395.0,3.0
CC(=O)c1cc2c(cc1F)NC(C)(C)CC2=O,2,352.0,355.0,353.5,3.0
Cc1cc(=O)oc2ccc3ccc(O)cc3c12,2,347.0,350.0,348.5,3.0
CC(=O)Nc1ccc(O)cc1,5,290.0,293.0,290.0,3.0
COc1c2ccccc2c(-c2ccccc2)c2ccccc12,12,376.0,379.0,378.0,3.0
COc1c2ccccc2c(OC)c2c1c1c(F)cccc1n2C,4,403.0,406.0,404.5,3.0
CCCCCCCCC1(CCCCCCCC)c2ccccc2-c2ccc(N(c3ccc(-n4c5ccccc5c5ccccc54)cc3)c3ccc4c(c3)C(CCCCCCCC)(CCCCCCCC)c3ccccc3-4)cc21,11,345.0,348.0,347.0,3.0
CC(C)c1ccc2ccc3c(C(C)C)ccc4ccc1c2c43,3,343.0,346.0,345.0,3.0
Cc1oc2c(Cl)cc3c(C)cc(=O)oc3c2c1C,2,335.0,338.0,336.5,3.0
Clc1ccc(Nc2ccc3ccccc3n2)cc1,3,347.0,350.0,347.0,3.0
CC1=[N+]2C(=C(c3ccc(N(c4ccccc4)c4ccccc4)cc3)c3ccc(C)n3[B-]2(F)F)C=C1c1cc2n(c1)[B-](F)(F)[N+]1=CC=CC1=C2c1c(C)cc(C)cc1C,2,593.0,596.0,594.5,3.0
CCCCC(CC)Cn1c2ccccc2c2cc(-c3ccc4c(c3)S(=O)(=O)c3cc(-c5ccc6c(c5)c5ccccc5n6CC(CC)CCCC)ccc3-4)ccc21,2,379.0,382.0,380.5,3.0
F[B-]1(F)n2cccc2C(c2ccccc2)=C2C=CC=[N+]21,2,500.0,503.0,501.5,3.0
COCCOCCOCCOCCOc1ccc(OCCOCCOCCOCCOC)c(C=O)c1,11,349.0,352.0,349.0,3.0
Cc1ccc2cc3c(=O)n(C)c(=O)n(C)c3nc2c1,6,352.0,355.0,353.0,3.0
Cc1ccc2ccc3cccc4ccc1c2c34,3,338.0,341.0,338.0,3.0
O=S(=O)(c1ccc2c(c1)c1ccccc1n2-c1ccccc1)c1ccc2c(c1)c1ccccc1n2-c1ccccc1,2,290.0,293.0,291.5,3.0
COc1ccc(-c2cc(C)nc(-c3ccc(-n4c5ccccc5c5ccccc54)cc3)n2)cc1,3,339.0,342.0,340.0,3.0
F[B-]1(F)n2c(NCc3ccccc3)ccc2C(c2c(Cl)cccc2Cl)=C2C=CC(NCc3ccccc3)=[N+]21,5,578.0,581.0,580.0,3.0
Cc1cccc2cc3c(=O)n(C)c(=O)n(C)c3nc12,6,359.0,362.0,360.5,3.0
O=S1(=O)c2ccc(-n3c4ccccc4c4ccccc43)cc2-c2cc(-n3c4ccccc4c4ccccc43)ccc21,2,351.0,354.0,352.5,3.0
COc1ccc(-c2nc(C(C)=O)c(C)o2)cc1,6,276.0,279.0,277.5,3.0
Cc1ccc(C(=O)[O-])c(O)c1,2,292.0,295.0,293.5,3.0
CCCCCCCCN1C(=O)c2ccc3c4c(-c5ccc6c7ccccc7n(-c7ccccc7)c6c5)cc5c6c(cc(-c7ccc8c9ccccc9n(-c9ccccc9)c8c7)c(c7ccc(c2c37)C1=O)c64)C(=O)N(CCCCCCCC)C5=O,2,564.0,567.0,565.5,3.0
COc1ccc(C2=Cc3ccccc3P2(=O)c2ccccc2)cc1,2,362.0,365.0,363.5,3.0
N#C/C(=C\c1ccc(Cl)cc1)c1nc(-c2ccccc2)c(-c2ccccc2)s1,2,362.0,365.0,363.5,3.0
CC1(C)CC(/N=C/c2ccc3ccc4cccc5ccc2c3c45)CC(C)(C)N1[O],4,359.0,362.0,359.5,3.0
COc1ccc(-c2sc3c(c2Br)=[N+]2C(=C(C(F)(F)F)c4cc5sc(-c6ccc(OC)cc6)c(Br)c5n4[B-]2(F)F)C=3)cc1,2,717.0,720.0,718.5,3.0
O=C1O[B-]2(OC1=O)OC(c1ccc3ccccc3c1)=CC(c1ccc3ccccc3c1)=[O+]2,2,435.0,438.0,436.5,3.0
O=c1c2cc(S(=O)(=O)O)ccc2[nH]c2ccc(S(=O)(=O)O)cc12,2,396.0,399.0,397.5,3.0
COC(=O)c1nc(-c2ccc(OC)cc2)oc1C,4,275.0,278.0,276.0,3.0
O=C1Cc2cc3c(cc2CCCc2ccc(cc2)CCC3)CC(=O)Cc2ccc(c3nsnc23)C1,3,401.0,404.0,404.0,3.0
N#Cc1ccc(N/N=C/c2cc(Cl)ccc2O)cc1,2,354.0,357.0,355.5,3.0
N#Cc1ccc(-c2ccc(C3=CCCCC3)s2)s1,6,366.0,369.0,366.0,3.0
CN1C(=O)/C(=C/c2ccncc2)N=C1/C=C/c1ccccc1,5,408.0,411.0,408.0,3.0
CCN(CC)c1ccc2c(c1)oc(=O)c1c(=O)oc3cc(Br)ccc3c12,2,466.0,469.0,467.5,3.0
CCN(CC)c1ccc(/N=N/c2nc3ccc([N+](=O)[O-])cc3s2)cc1,2,546.0,549.0,547.5,3.0
C#Cc1ccc2ccc3cccc4ccc1c2c34,4,355.0,358.0,356.5,3.0
O=C1c2ccccc2-c2c(-c3ccccc3O)[nH]c(=O)n21,3,393.0,396.0,394.0,3.0
COc1c2ccccc2c(OC)c2c1c1ccc(C(F)(F)F)cc1n2C,4,416.0,419.0,416.5,3.0
COc1c2ccccc2c(OC)c2c1c1ccc(F)cc1n2C,4,395.0,398.0,397.0,3.0
c1ccc2c(c1)[nH]c1ccccc12,2,331.0,334.0,332.5,3.0
c1ccc2cc(-n3c4ccccc4c4ccccc43)ccc2c1,9,318.0,321.0,319.0,3.0
Cn1nc(-c2ccccc2)c2n[nH]nc2c1=O,3,296.0,299.0,299.0,3.0
O=Cc1cnc(-c2c3ccccc3cc3ccccc23)nc1,2,381.0,384.0,382.5,3.0
c1ccc(-c2nn(-c3ccccc3)c3nc4ccc(N(c5ccccc5)c5cccc6ccccc56)cc4cc23)cc1,7,445.0378282,448.0286738,447.0272687,2.9908456
O=C1c2ccccc2-c2cnccc21,2,394.1618587,397.051302,395.60658035,2.889443300000039
COc1ccc2cc([C@H](C)C(=O)O)ccc2c1,8,331.2,333.8,332.85,2.6000000000000227
CC1=[N+]2C(=C(/C=C/c3ccc(C(F)(F)F)cc3)c3ccc(C)n3[B-]2(F)F)C=C1c1cc2n(c1)[B-](F)(F)[N+]1=CC=CC1=C2c1c(C)cc(C)cc1C,2,617.5,620.0,618.75,2.5
CC1=[N+]2C(=C(c3ccc(C(=O)c4ccccc4)cc3)c3ccc(C)n3[B-]2(F)F)C=C1c1cc2n(c1)[B-](F)(F)[N+]1=CC=CC1=C2c1c(C)cc(C)cc1C,2,599.0,601.5,600.25,2.5
C(=C/c1cccc2ccccc12)\c1ccc(Oc2ccc3ccccc3c2-c2c(Oc3ccc(/C=C/c4cccc5ccccc45)cc3)ccc3ccccc23)cc1,2,334.0,336.5,335.25,2.5
CC(C)(C)c1ccc2c(c1)c1cc(C(C)(C)C)ccc1n2-c1ccccc1-c1nc(-c2ccccc2-n2c3ccc(C(C)(C)C)cc3c3cc(C(C)(C)C)ccc32)nc(-c2ccccc2P(=O)(c2ccccc2)c2ccccc2)n1,7,340.6988695,343.16546760000006,343.16546760000006,2.4665981000000556
CCCCCCC(CCCCCC)N1C(=O)c2cccc3c(-c4ccc(OC)c5ccccc45)ccc(c23)C1=O,7,322.6,325.0,323.8,2.3999999999999773
CCCCCCC(CCCCCC)N1C(=O)c2cccc3c(-c4ccc(OC)c5cccc(C)c45)ccc(c23)C1=O,7,326.6,329.0,328.8,2.3999999999999773
COc1ccc2c(c1)c1cc(OC)ccc1n2-c1nc2ccccc2nc1-n1c2ccc(OC)cc2c2cc(OC)ccc21,2,437.0,439.3730074,438.1865037,2.373007400000006
N#Cc1cccc2cc[nH]c12,3,307.3619632,309.6875,308.0,2.325536800000009
N#Cc1cccc2[nH]ccc12,3,302.8125,305.0,304.2944785,2.1875
O=c1cc(COc2ccc(I)cc2)c2c(ccc3ccccc32)o1,12,348.0,350.0,349.0,2.0
CNC(=O)[C@H](C)NC(=O)c1cccc2c1C#Cc1c(N)cccc1OCCCO2,2,345.0,347.0,346.0,2.0
CN(C)c1ccc2c(c1)[Si](C)(C)C1=CC(=[N+](C)C)C=CC1=C2,2,634.0,636.0,635.0,2.0
CN(c1ccccc1)c1ccc(/C=C/c2ccccc2)cc1,2,352.0,354.0,353.0,2.0
CN(C)c1ccc2c(-c3cc(N)ccc3C(=O)[O-])c3ccc(=[N+](C)C)cc-3oc2c1,2,542.0,544.0,543.0,2.0
O=C(O)c1c2ccccc2c(C(=O)O)c2ccccc12,2,387.0,389.0,388.0,2.0
CCCCCCc1ccc(-n2c3[n+](c4c5ccccc5c5ccccc5c42)[B-](C)(C)c2ccccc2-3)cc1,4,359.0,361.0,360.0,2.0
COc1ccc(N(c2ccccc2)c2ccc(OC)cc2)cc1,2,300.0,302.0,301.0,2.0
Cc1ccc(-c2cc3ccccc3oc2=O)cc1,4,328.0,330.0,328.0,2.0
CCCCN1C(=O)c2cccc3c(Oc4cc(CO)cc(Oc5ccc6c7c(cccc57)C(=O)N(CCCC)C6=O)c4)ccc(c23)C1=O,3,358.0,360.0,360.0,2.0
CCCCOc1ccc(-c2cc(-c3ccc(OCCCC)cc3)c3ccc4c(-c5ccc(OCCCC)cc5)cc(-c5ccc(OCCCC)cc5)c5ccc2c3c54)cc1,2,394.0,396.0,395.0,2.0
Nc1cccc2cn[nH]c12,2,294.0,296.0,295.0,2.0
CCN(CC)c1ccc(/N=N/c2nc3ccc(OC)cc3s2)cc1,2,515.0,517.0,516.0,2.0
CC(C)(C)c1ccc(-c2c(-c3ccc(-n4c5ccccc5c5ccccc54)cc3)c(C#N)c(-c3ccc(-n4c5ccccc5c5ccccc54)cc3)c(-c3ccc(C(C)(C)C)cc3)c2-c2ccc(C(C)(C)C)cc2)cc1,2,340.0,342.0,341.0,2.0
c1ccc(-c2nn(-c3ccccn3)c3nc4ccccc4cc23)cc1,6,383.0,385.0,383.5,2.0
c1csc(-c2ccc(-c3ccc(-c4cccs4)s3)s2)c1,3,391.0,393.0,393.0,2.0
N#Cc1ccc(-n2c(-c3ccc(-c4ccc(-c5nc6c7ccccc7c7ccccc7c6n5-c5ccc(C#N)c6ccccc56)c5ccccc45)c4ccccc34)nc3c4ccccc4c4ccccc4c32)c2ccccc12,2,336.0,338.0,337.0,2.0
CC(C)(C)c1cc(C(C)(C)C)c2oc3c(c2c1)C=CN1C(=O)C2=C4c5oc6c(C(C)(C)C)cc(C(C)(C)C)cc6c5C=CN4C(=O)C2=C31,2,643.0,645.0,644.0,2.0
COc1nc(Nc2cc3ccc4cccc5ccc(c2)c3c45)nc(OC)n1,3,334.0,336.0,336.0,2.0
Cc1cc(O)c(C(=O)/C=C/c2ccccc2)c(=O)o1,2,356.0,358.0,357.0,2.0
Cc1cc(O)c(C(=O)/C=C/c2ccccc2Cl)c(=O)o1,2,353.0,355.0,354.0,2.0
N#Cc1ncc(-c2c3ccccc3c(-c3cnc(C#N)nc3)c3ccccc23)cn1,2,395.0,397.0,396.0,2.0
CCN1c2ccc(-c3cc(C(F)(F)F)[nH]n3)cc2Sc2cc(-c3cc(C(F)(F)F)[nH]n3)ccc21,5,334.0,336.0,336.0,2.0
CC[N+]1=C(/C=C/C=C/C=C/C=C2/N(CCCCCC(=O)O)c3ccc(S(=O)(=O)[O-])cc3C2(C)C)C(C)(C)c2cc(S(=O)(=O)[O-])ccc21,2,747.0,749.0,748.0,2.0
Nc1cc2ccc3cccc4ccc(c1)c2c34,3,336.0,338.0,338.0,2.0
Nc1ccc(/C=C/c2ccccc2)cc1,2,316.0,318.0,317.0,2.0
CCN1c2ccc(-c3cc(-c4ccccc4)[nH]n3)cc2Sc2cc(-c3cc(-c4ccccc4)[nH]n3)ccc21,5,336.0,338.0,338.0,2.0
c1ccc(Nc2nc(Nc3ccccc3)nc(Nc3ccc4ccc5cccc6ccc3c4c56)n2)cc1,3,340.0,342.0,342.0,2.0
CCN(CC)c1ccc(/N=N/c2nc3ccc(Br)cc3s2)cc1,2,518.0,520.0,519.0,2.0
CCOC(=O)CCCn1c(C(=O)OC)c(C)c2c(=O)n3c(cc21)C(CC)=C(C)C3=O,5,396.0,398.0,397.0,2.0
N#Cc1cccc(-c2cccc(-c3nc(-c4cccc(-c5cccc(C#N)c5)c4)nc(-c4cccc(-c5cccc(C#N)c5)c4)n3)c2)c1,2,268.0,270.0,269.0,2.0
CCOC(=O)COc1ccc(C(c2c(C)[nH]c3ccccc23)c2c(C)[nH]c3ccccc23)cc1,4,289.0,291.0,290.0,2.0
CN(C)CCCN1c2ccccc2CCc2ccccc21,3,274.0,276.0,275.0,2.0
CN1CCN(CCCN2c3ccccc3Sc3ccc(C(F)(F)F)cc32)CC1,3,308.0,310.0,310.0,2.0
CCn1c2ccc(/C=C/c3ccc4c(c3)c3cc(-c5nc6ccccc6s5)ccc3n4CC)cc2c2cc(-c3nc4ccccc4s3)ccc21,5,360.0,362.0,361.0,2.0
CCN(CC)c1ccc2cc(C#N)/c(=N\C(=O)c3ccc(F)cc3)oc2c1,2,442.0,444.0,443.0,2.0
CCOC(=O)CCOc1ccc(C(c2c(C)[nH]c3ccccc23)c2c(C)[nH]c3ccccc23)cc1OC,4,289.0,291.0,289.0,2.0
COc1nc(Cl)nc(Nc2ccc3c4cccc5cccc(c6cccc2c63)c54)n1,4,442.0,444.0,443.0,2.0
COc1ccccc1-c1nc(-c2ccc(C(F)(F)F)cc2)n(-c2ccc(C)cc2)c1-c1ccccc1OC,5,284.0,286.0,285.0,2.0
COc1ccccc1-c1c2ccc(=[N+]3CCCCC3)cc-2oc2cc(N3CCCCC3)ccc12,2,564.0,566.0,565.0,2.0
CC(C)(C)c1ccc(/C=C/c2ccc(N(c3ccc(/C=C/c4ccc(C(C)(C)C)cc4)cc3)c3ccc(-c4nc5ccccc5nc4-c4ccc(N(c5ccc(/C=C/c6ccc(C(C)(C)C)cc6)cc5)c5ccc(/C=C/c6ccc(C(C)(C)C)cc6)cc5)cc4)cc3)cc2)cc1,2,373.0,375.0,374.0,2.0
[BH3-][P+]1(c2ccccc2)c2ccccc2-c2sc3ccccc3c21,4,323.0,325.0,323.5,2.0
CC(C)(C)c1ccc(-n2c(-c3ccc(-c4cc(-c5ccccc5)c5c6ccccc6c6ccccc6c5c4-c4ccccc4)cc3)nc3c4ccccc4c4ccccc4c32)cc1,2,365.0,367.0,366.0,2.0
COc1ccc2c(-c3nc(-c4cccc(C)c4)no3)cc(=O)oc2c1,2,401.0,403.0,402.0,2.0
CC(C)(C)c1ccc2c(c1)oc1nc3oc4ccc(-n5c6ccccc6c6ccccc65)cc4c3cc12,2,350.0,352.0,351.0,2.0
O=c1oc2ccccc2c2c1c(=O)oc1cc(O)ccc12,2,374.0,376.0,375.0,2.0
O=c1oc2c(ccc3ccccc32)nc1-c1ccccc1,4,396.0,398.0,396.0,2.0
COc1ccc2ncccc2c1,3,329.0,331.0,329.0,2.0
COc1ccc(-c2cc3c(s2)c(-c2ccccc2)cc(=O)n3C)cc1,2,384.0,386.0,385.0,2.0
COc1cc(OC)cc(-c2nnc(-c3cc(-c4nnc(-c5cc(OC)cc(OC)c5)o4)cc(-c4nnc(-c5cc(OC)cc(OC)c5)o4)c3)o2)c1,6,299.0,301.0,300.0,2.0
COc1ccc(-c2cc3c(s2)c(C)cc(=O)n3C)cc1,2,374.0,376.0,375.0,2.0
Cc1ccc2ccc3c(C)ccc4ccc1c2c43,3,344.0,346.0,344.0,2.0
Cc1ccc2nc3[nH]c(=O)[nH]c(=O)c3nc2c1,2,382.0,384.0,383.0,2.0
O=S1(=O)c2ccc(-c3ccc(-n4c5ccccc5c5ccccc54)cc3)cc2C2(c3ccccc3-c3ccccc32)c2cc(-c3ccc(-n4c5ccccc5c5ccccc54)cc3)ccc21,2,341.0,343.0,342.0,2.0
CC1=C(c2ccccc2)Oc2cc3nc4ccccc4nc3c3cccc1c23,2,495.0,497.0,496.0,2.0
COC(=O)c1cc(=O)n(C)c2cc(-c3ccc(N4CCN(C)CC4)cc3)sc12,2,418.0,420.0,419.0,2.0
O=C1Cc2ccc(cc2)CC(=O)Cc2ccc(c3nsnc23)C1,3,382.0,384.0,384.0,2.0
COCc1ncc(-c2c3ccccc3c(-c3cnc(COC)nc3)c3ccccc23)cn1,2,395.0,397.0,396.0,2.0
COCCOCCOCCOc1ccc(/C=C/C2=[N+]3C(=C(c4cc(OC)cc(OC)c4)c4c(C)c(I)c(/C=C/c5ccc(OCCOCCOCCOC)cc5)n4[B-]3(F)F)C(C)=C2I)cc1,3,664.0,666.0,664.0,2.0
Cc1ccc2nc3c(=O)[nH]c(=O)[nH]c3nc2c1,2,368.0,370.0,369.0,2.0
Cc1ccc2nc3c(nc2c1)c(-c1ccccc1)nn3C,3,423.0,425.0,424.0,2.0
COC(=O)c1cc(=O)n(C)c2cc(-c3cc(OC)c(OC)c(OC)c3)sc12,2,398.0,400.0,399.0,2.0
COC(=O)c1cc(=O)n(C)c2cc(-c3ccccc3)sc12,2,392.0,394.0,393.0,2.0
COC(=O)c1cc(=O)n(C)c2cc(-c3ccc(Oc4ccccc4)cc3)sc12,2,396.0,398.0,397.0,2.0
COC(=O)c1ccc2ccc3cccc4ccc1c2c34,8,379.0,381.0,379.0,2.0
CCCCCCCCCCCCOc1cc2c(cc1OCCCCCCCCCCCC)C1=C3C(=O)N4C=Cc5cc(OCCCCCCCCCCCC)c(OCCCCCCCCCCCC)cc5C4=C3C(=O)N1C=C2,2,590.0,592.0,591.0,2.0
CC(C)[Si](C#Cc1ccc(C#C[Si](C(C)C)(C(C)C)C(C)C)c2nc3c4ccccc4c(=O)c4ccccc4c3nc12)(C(C)C)C(C)C,2,379.0,381.0,380.0,2.0
CC(C)[Si](C#Cc1c2nc3c(nc2c(C#C[Si](C(C)C)(C(C)C)C(C)C)c2nc4c(nc12)C1c2ccccc2C4c2ccccc21)C1c2ccccc2C3c2ccccc21)(C(C)C)C(C)C,2,450.0,452.0,451.0,2.0
Cc1ccc(C)n1-c1ccc(N(C)C)cc1,2,304.0,306.0,305.0,2.0
CC1(C)CC(=O)C2=C(C1)Oc1ccc3cc(O)ccc3c1C2c1ccccn1,7,347.0,349.0,349.0,2.0
COc1ccc(N(c2ccc(C=C(c3ccccc3)c3ccccc3)cc2)c2ccc(C=C(c3ccccc3)c3ccccc3)cc2)cc1,2,397.0,399.0,398.0,2.0
COc1ccc(N(c2ccc(/C=C(\C)c3ccccc3)cc2)c2ccc(/C=C(\C)c3ccccc3)cc2)cc1,2,364.0,366.0,365.0,2.0
O=c1[nH]c(=O)c2scc([C@H]3C[C@H](O)[C@@H](CO)O3)c2[nH]1,4,294.0,296.0,295.0,2.0
COc1ccc(-n2c(C)ccc2C)cc1,2,222.0,224.0,223.0,2.0
COc1ccc(-c2sc3c(c2Br)=[N+]2C(=C(C(F)(F)F)c4c(Br)c5sc(-c6ccc(OC)cc6)c(Br)c5n4[B-]2(F)F)C=3Br)cc1,2,764.0,766.0,765.0,2.0
CCCCCCC1(CCCCCC)c2ccccc2-c2ccc(-c3cc4c(cc3F)-c3cc(F)c(-c5ccc6c(c5)C(CCCCCC)(CCCCCC)c5ccccc5-6)cc3S4(=O)=O)cc21,2,360.0,362.0,361.0,2.0
COC(=O)c1cc(=O)n(C)c2cc(-c3ccccc3OC)sc12,2,396.0,398.0,397.0,2.0
Ic1ccc(-c2c3ccc(=[N+]4CCCCC4)cc-3oc3cc(N4CCCCC4)ccc23)cc1,2,568.0,570.0,569.0,2.0
Fc1ccc(Nc2ccc3ccccc3n2)cc1,3,348.0,350.0,349.0,2.0
COc1ccc(C2=CC(c3ccc4ccccc4c3)=[O+][B-](C(C)=O)(C(C)=O)O2)cc1,2,411.0,413.0,412.0,2.0
COc1ccc(-c2cc3c(ccc(=O)n3C)s2)cc1,2,376.0,378.0,377.0,2.0
COc1ccc(-c2c3ccc([nH]3)c3nc(c(-c4ccc([N+](=O)[O-])cc4)c4ccc([nH]4)c4ccc([nH]4)c(-c4ccc(OC)cc4)c4ccc2o4)C=C3)cc1,3,446.0,448.0,448.0,2.0
O=P1(c2ccccc2)c2ccccc2-c2sc3ccccc3c21,4,327.0,329.0,328.0,2.0
Cc1ccccc1-c1c2ccc(=[N+]3CCOCC3)cc-2oc2cc(N3CCOCC3)ccc12,2,554.0,556.0,555.0,2.0
CC1=[N+]2C(=C(NCc3ccccc3)c3ccc(C)n3[B-]2(F)F)C=C1c1cc2n(c1)[B-](F)(F)[N+]1=CC=CC1=C2c1c(C)cc(C)cc1C,2,568.0,570.0,569.0,2.0
FC(F)(F)c1cc2n(n1)[B-]1(c3ccccc3-c3ccccc31)[n+]1ccc3ccccc3c1-2,3,373.0,375.0,373.0,2.0
CC1=N/C(=C\c2cccc(N(C)C)c2)C(=O)N1CCO,3,352.0,354.0,352.0,2.0
CCC1=C(C)C(=O)n2c1cc1c(c(C)c(C(=O)OC)n1C)c2=O,5,396.0,398.0,397.0,2.0
FC(F)(F)c1ccc2c(c1)Nc1ccccc1S2,2,322.0,324.0,323.0,2.0
CCC1=C(C)C(=O)n2c1cc1c(c(C)c(C(=O)OCC(C)C)n1CC(C)C)c2=O,5,397.0,399.0,397.0,2.0
Cn1c2ccc(S(=O)(=O)O)cc2c(=O)c2cc(S(=O)(=O)O)ccc21,2,403.0,405.0,404.0,2.0
Cn1nc(-c2ccccc2)c2nc3cc(Cl)ccc3nc21,3,427.0,429.0,428.0,2.0
Cn1nc(-c2ccccc2)c2nc3cc(F)ccc3nc21,3,424.0,426.0,425.0,2.0
Clc1nc(Nc2ccccc2)nc(Nc2ccc3c4cccc5cccc(c6cccc2c63)c54)n1,4,442.0,444.0,442.5,2.0
Clc1nc(Cl)nc(Nc2cc3ccc4cccc5ccc(c2)c3c45)n1,3,334.0,336.0,336.0,2.0
CC1=N/C(=C\c2cccc(N(C)C)c2)C(=O)N1C,3,352.0,354.0,353.0,2.0
O=P(c1ccccc1)(c1ccccc1)n1c2ccccc2c2ccccc21,2,319.0,321.0,320.0,2.0
O=P(c1ccccc1)(c1ccccc1)n1c2ccccc2c2cc(-n3c4ccccc4c4cc(-n5c6ccccc6c6ccccc65)ccc43)ccc21,2,341.0,343.0,342.0,2.0
COc1cc2cc(OC)c(C#Cc3ccc([N+](=O)[O-])cc3)cc2cc1C#Cc1ccc([N+](=O)[O-])cc1,3,360.0,362.0,361.0,2.0
Clc1nc(Nc2ccccc2)nc(Nc2ccc3cc4ccccc4cc3c2)n1,4,396.0,398.0,397.5,2.0
C=CCNS(=O)(=O)c1ccc2c(c1)C(=O)/C(=C1\Sc3ccc(S(=O)(=O)NCC=C)cc3C1=O)S2,2,542.0,544.0,543.0,2.0
CC(=O)c1nc(-c2ccc(C)cc2)oc1C,6,271.0,273.0,271.0,2.0
Clc1ncc(-c2c3ccccc3c(-c3cnc(Cl)nc3)c3ccccc23)cn1,2,394.0,396.0,395.0,2.0
CC(=O)Nc1cc2ccc3cccc4ccc(c1)c2c34,3,334.0,336.0,334.0,2.0
Cc1c2c(nc3ccccc13)-c1cc3c(cc1CC2)-c1nc2ccccc2c(C)c1CC3,2,372.0,374.0,373.0,2.0
c1ccc(Nc2ccc3ccccc3n2)cc1,3,348.0,350.0,349.0,2.0
COc1nnc(Cl)nn1,2,518.0,520.0,519.0,2.0
c1ccc2c(c1)[nH]c1ncccc12,2,336.0,338.0,337.0,2.0
C(=C/c1cc(/C=C/c2ccc(-n3c4ccccc4c4ccccc43)cc2)cc(/C=C/c2ccc(-n3c4ccccc4c4ccccc43)cc2)c1)\c1ccc(-n2c3ccccc3c3ccccc32)cc1,4,343.0,345.0,344.0,2.0
c1ccc(-c2cc(-c3ccc4ccc5cccc6ccc3c4c56)ccn2)nc1,9,341.9972640000001,343.997248,342.9943406000001,1.9999839999999267
N#Cc1cc2ccccc2[nH]1,2,279.6875,281.595092,280.641296,1.9075920000000224
CC(C)(C)c1ccc2c(c1)c1cc(C(C)(C)C)ccc1n2-c1cccc(C(=O)c2cccc(-n3c4ccc(C(C)(C)C)cc4c4cc(C(C)(C)C)ccc43)n2)n1,3,336.5789474,337.9227053,336.5789474,1.3437579000000142
N#Cc1c[nH]c2ccccc12,2,276.25,277.3006135,276.77530675,1.0506134999999972
Cc1cc(=O)oc2c1cc(Cl)c1occ(C)c12,2,332.0,333.0,332.5,1.0
COc1nc(Nc2ccc3ccc4cccc5ccc2c3c45)nc(OC)n1,3,340.0,341.0,340.0,1.0
c1ccc2c(c1)c1ccccc1n2-c1ccc2c(c1)c1ccccc1n2-c1ccc(-n2c3ccccc3c3cc(-n4c5ccccc5c5ccccc54)ccc32)cc1,2,341.0,342.0,341.5,1.0
Cc1cc(-c2ccc(-n3c4ccccc4c4ccccc43)cc2)nc(-c2ccc(-n3c4ccccc4c4ccccc43)cc2)n1,4,341.0,342.0,342.0,1.0
COC(=O)c1c2ccccc2nc2ccccc12,12,360.0,361.0,361.0,1.0
CCCCCCCCCCCCN(CCCCCCCCCCCC)c1ccc2c(c1)oc(=O)c1c(=O)oc3ccccc3c12,2,463.0,464.0,463.5,1.0
COc1ccc(-n2c(-c3ccc(-c4cncc5ccccc45)cc3)nc(-c3ccccc3)c2-c2ccccc2)cc1,2,328.0,329.0,328.5,1.0
COc1ccc(-c2nc(C)cc(-c3ccc(-n4c5ccccc5c5ccccc54)cc3)n2)cc1,3,340.0,341.0,341.0,1.0
CCC1=C(C)c2cc3c(OC)cc(OC)cc3c(=O)n2C1=O,4,433.0,434.0,433.5,1.0
c1ccc2nc3cccc(-c4ccc(-n5c6ccccc6c6ccccc65)cc4)c3cc2c1,8,358.0,359.0,359.0,1.0
CSc1nc(-c2ccc(-n3c4ccccc4c4ccccc43)cc2)cc(-c2ccc(-n3c4ccccc4c4ccccc43)cc2)n1,3,363.0,364.0,364.0,1.0
C/C=C/C1=N/C(=C\c2ccc(O)cc2)C(=O)N1C,2,400.0,401.0,400.5,1.0
CCCCCCCCCCC1(CCCCCCCCCC)c2cc(N3C(=O)c4ccc5c6ccc7c8c(ccc(c9ccc(c4c59)C3=O)c86)C(=O)N(c3ccc4c(c3)C(CCCCCCCCCC)(CCCCCCCCCC)c3cc(N(c5ccccc5)c5ccccc5)ccc3-4)C7=O)ccc2-c2ccc(N(c3ccccc3)c3ccccc3)cc21,2,527.0,528.0,527.5,1.0
COc1ccc(-c2cc3c(s2)=CC2=C(C(F)(F)F)c4cc5sc(-c6ccc(OC)cc6)cc5n4[B-](F)(F)[N+]=32)cc1,2,730.0,731.0,730.5,1.0
COC(=O)c1nc(-c2ccco2)oc1C,4,276.0,277.0,276.0,1.0
CC1=[N+]2C(=C(c3ccc4c(c3)Cc3ccccc3-4)c3ccc(C)n3[B-]2(F)F)C=C1c1cc2n(c1)[B-](F)(F)[N+]1=CC=CC1=C2c1c(C)cc(C)cc1C,2,597.5,598.5,598.0,1.0
COC(C)CC1=N/C(=C\c2cccc(N(C)C)c2)C(=O)N1C,3,354.0,355.0,355.0,1.0
COc1ccc(-c2c3ccc([nH]3)c3nc(c(-c4ccc(C#N)cc4)c4ccc([nH]4)c4ccc([nH]4)c(-c4ccc(OC)cc4)c4ccc2o4)C=C3)cc1,3,452.0,453.0,453.0,1.0
COc1ccc(-c2c3ccc(=[N+]4CCCCC4)cc-3oc3cc(N4CCCCC4)ccc23)cc1,2,561.0,562.0,561.5,1.0
Cc1nn(-c2ccccc2)c2c1c(=O)oc1ccc(-n3c4ccccc4c4ccccc43)cc12,2,341.0,342.0,341.5,1.0
CCC(CC)COC1=CC2=C3c4cc(OCC(CC)CC)c(-c5cccs5)n4[B-](F)(F)[n+]4c3n(c3cc(C(C)(C)C)ccc34)[B-](F)(F)[N+]2=C1c1cccs1,2,791.0,792.0,791.5,1.0
F[B-]1(F)OC(c2ccccc2)=CC(c2ccccc2)=[O+]1,2,375.0,376.0,375.5,1.0
Cc1ccccc1-c1c2ccc(=[N+]3CCCCC3)cc-2oc2cc(N3CCCCC3)ccc12,2,564.0,565.0,564.5,1.0
COc1cc2cc(OC)c(-c3ccc([N+](=O)[O-])cc3)cc2cc1-c1ccc([N+](=O)[O-])cc1,2,336.0,337.0,336.5,1.0
Cc1ccccc1-c1c2ccc(=[N+]3CCOCC3)cc-2oc2cc(N3CCCCC3)ccc12,2,559.0,560.0,559.5,1.0
CCCCC(CC)Cn1c2ccccc2c2ccc(-c3ccc4c(c3)S(=O)(=O)c3cc(-c5ccc6c7ccccc7n(CC(CC)CCCC)c6c5)ccc3-4)cc21,2,370.0,371.0,370.5,1.0
Cc1ccc2sc3cc(CCC(=O)O)ccc3c(=O)c2c1,2,401.0,402.0,401.5,1.0
CCCCCCCCCCC1(CCCCCCCCCC)c2cc(-c3nc4ccccc4s3)ccc2-c2ccc(N3C(=O)c4ccc5c6ccc7c8c(ccc(c9ccc(c4c59)C3=O)c86)C(=O)N(c3ccc4c(c3)C(CCCCCCCCCC)(CCCCCCCCCC)c3cc(-c5nc6ccccc6s5)ccc3-4)C7=O)cc21,2,528.0,529.0,528.5,1.0
C(=C/c1ccc(N(c2ccc(/C=C/c3ccc(-c4cc(-c5ccccc5)nc(-c5ccccc5)c4)cc3)cc2)c2ccc(/C=C/c3ccc(-c4cc(-c5ccccc5)nc(-c5ccccc5)c4)cc3)cc2)cc1)\c1ccc(-c2cc(-c3ccccc3)nc(-c3ccccc3)c2)cc1,2,410.0,411.0,410.5,1.0
COCCN1C(=O)/C(=C/c2cccc(N(C)C)c2)N=C1C,3,352.0,353.0,353.0,1.0
F[B-]1(F)OC(c2ccccc2)=Cc2ccc3ccccc3[n+]21,2,426.0,427.0,426.5,1.0
CCCCCCC1(CCCCCC)c2ccccc2-c2ccc(-c3ccc4c(c3)S(=O)(=O)c3cc(-c5ccc6c(c5)C(CCCCCC)(CCCCCC)c5ccccc5-6)ccc3-4)cc21,2,366.0,367.0,366.5,1.0
CC(C)[Si](C#Cc1c2nc3c(nc2c(C#C[Si](C(C)C)(C(C)C)C(C)C)c2nc4ccccc4nc12)C1c2ccccc2C3c2ccccc21)(C(C)C)C(C)C,2,550.0,551.0,550.5,1.0
CC(C)(C)c1ccc2c(c1)Sc1cc(C(C)(C)C)ccc1N2c1ccc2c(ccc3nc4ccc5cc(N6c7ccc(C(C)(C)C)cc7Sc7cc(C(C)(C)C)ccc76)ccc5c4nc32)c1,3,451.0,452.0,451.0,1.0
COc1ccc2c(-c3nc(-c4ccccc4Cl)no3)cc(=O)oc2c1,2,354.0,355.0,354.5,1.0
COc1ccc2c(-c3nc(-c4ccccc4)no3)cc(=O)oc2c1,2,344.0,345.0,344.5,1.0
O=C([O-])c1ccccc1O,2,296.0,297.0,296.5,1.0
Nc1nc2ccc(Br)cc2s1,2,268.0,269.0,268.5,1.0
c1ccc(Nc2nc(Nc3ccccc3)nc(Nc3ccc4cc5ccccc5cc4c3)n2)cc1,4,401.0,402.0,402.0,1.0
c1csc(-c2c3ccc(=[N+]4CCCCC4)cc-3oc3cc(N4CCCCC4)ccc23)c1,2,581.0,582.0,581.5,1.0
C(#Cc1ccccc1)c1ccccc1,3,298.0,299.0,299.0,1.0
C(=C/c1c2ccccc2cc2ccccc12)\c1ccc2ccccc2c1,2,386.0,387.0,386.5,1.0
C#CC1CN2CCC1CC2[C@@H](O)c1ccnc2ccc(OC)cc12,5,332.0,333.0,332.0,1.0
CN1c2ccccc2CCc2ccccc21,2,278.0,279.0,278.5,1.0
O=C([O-])c1ccc(C2=c3cc4c5c(c3Oc3c2cc2c6c3CCCN6CCC2)CCC[N+]=5CCC4)c(C(=O)[O-])c1,2,573.0,574.0,573.5,1.0
N#Cc1ccc(-n2c(-c3ccc(-c4ccc(-c5nc6c7ccccc7c7ccccc7c6n5-c5ccc(C#N)c6ccccc56)cc4)cc3)nc3c4ccccc4c4ccccc4c32)c2ccccc12,2,340.0,341.0,340.5,1.0
CC(C)(C)OC(=O)COc1ccc2c(c1)oc(=O)c1c(=O)oc3ccccc3c12,2,365.0,366.0,365.5,1.0
CC(C)(C)c1ccc(-c2c(-c3cccc(N(c4ccccc4)c4ccccc4)c3)c(C#N)c(-c3cccc(N(c4ccccc4)c4ccccc4)c3)c(-c3ccc(C(C)(C)C)cc3)c2-c2ccc(C(C)(C)C)cc2)cc1,2,297.0,298.0,297.5,1.0
CC(C)(C)c1ccc(-c2c(-c3ccc(-n4c5ccccc5c5ccccc54)cc3)cc(-c3ccc(-n4c5ccccc5c5ccccc54)cc3)c(-c3ccc(C(C)(C)C)cc3)c2-c2ccc(C(C)(C)C)cc2)cc1,2,341.0,342.0,341.5,1.0
c1ccc(-c2c3ccc(=[N+]4CCCCC4)cc-3oc3cc(N4CCCCC4)ccc23)cc1,2,564.0,565.0,564.5,1.0
c1cc2ccc1CCCc1cc3c(cc1CCCc1ccc(c4nsnc14)CCC3)CCC2,3,402.0,403.0,402.0,1.0
c1ccc(-n2c3ccccc3c3cc([Si](c4ccccc4)(c4ccccc4)c4ccc5c(c4)c4ccccc4n5-c4ccccc4)ccc32)cc1,2,342.0,343.0,342.5,1.0
Cc1ccc(-c2c3ccc([nH]3)c3nc(c(-c4ccc(C#N)cc4)c4ccc([nH]4)c4ccc([nH]4)c(-c4ccc(C)cc4)c4ccc2o4)C=C3)cc1,3,451.0,452.0,452.0,1.0
CCOC(=O)c1ccc2nc(/N=N/c3ccc(N(CC)CC)cc3)sc2c1,2,526.0,527.0,526.5,1.0
Cc1cc(O)c(C(=O)/C=C/c2ccc(Cl)cc2Cl)c(=O)o1,2,349.0,350.0,349.5,1.0
Cc1cc(O)c(C(=O)/C=C/c2ccccc2O)c(=O)o1,2,359.0,360.0,359.5,1.0
CCOc1ccc2c(-c3nc(-c4ccccc4Cl)no3)cc(=O)oc2c1,2,393.0,394.0,393.5,1.0
CCOC(=O)COc1ccc(C(c2c(C)[nH]c3ccccc23)c2c(C)[nH]c3ccccc23)cc1OC,4,290.0,291.0,290.5,1.0
CCOC(=O)COc1ccccc1C(c1c(C)[nH]c2ccccc12)c1c(C)[nH]c2ccccc12,4,290.0,291.0,290.0,1.0
c1ccc2c(-n3c(-c4ccc(-c5ccc(-c6nc7c8ccccc8c8ccccc8c7n6-c6cccc7ccccc67)c6ccccc56)c5ccccc45)nc4c5ccccc5c5ccccc5c43)cccc2c1,2,334.0,335.0,334.5,1.0
C(#Cc1ccc(N(c2ccc(C#Cc3ccc(-c4cc(-c5ccccc5)nc(-c5ccccc5)c4)cc3)cc2)c2ccc(C#Cc3ccc(-c4cc(-c5ccccc5)nc(-c5ccccc5)c4)cc3)cc2)cc1)c1ccc(-c2cc(-c3ccccc3)nc(-c3ccccc3)c2)cc1,2,378.0,379.0,378.5,1.0
CCCCCCCCN1C(=O)c2ccc3c4c(-c5ccc6c(c5)c5ccccc5n6-c5ccccc5)cc5c6c(cc(-c7ccc8c(c7)c7ccccc7n8-c7ccccc7)c(c7ccc(c2c37)C1=O)c64)C(=O)N(CCCCCCCC)C5=O,2,562.0,563.0,562.5,1.0
COc1ccc(N(c2ccc(C=C(c3ccccc3)c3ccccc3)cc2)c2ccc(OC)cc2)cc1,2,376.0,377.0,376.5,1.0
CC(C)[Si](C#Cc1ccc(C#C[Si](C(C)C)(C(C)C)C(C)C)c2nc3ccccc3nc12)(C(C)C)C(C)C,2,439.0,440.0,439.5,1.0
COc1ccc(C2=C3C=c4c(oc5cc6c(cc45)[C@H]4CC[C@]5(C)C(=O)CC[C@H]5[C@@H]4CC6)=[N+]3[B-](F)(F)n3c2cc2c4cc5c(cc4oc23)CC[C@@H]2[C@@H]5CC[C@]3(C)C(=O)CC[C@@H]23)cc1,3,595.5,596.5,596.5,1.0
O=c1oc2ccccc2c2c1c(=O)oc1cc(O)c3ccccc3c12,2,441.0,442.0,441.5,1.0
CN(C)c1ccc2c(c1)C(C)(C)C1=CC(=[N+](C)C)C=CC1=C2,2,604.0,605.0,604.5,1.0
CNCCCN1c2ccccc2CCc2ccccc21,3,275.0,276.0,276.0,1.0
CNCCCC1c2ccccc2C=Cc2ccccc21,3,292.0,293.0,293.0,1.0
COc1ccc(C2=CC(c3ccccc3)=[N+]3C2=Nc2c(-c4ccc(OC)cc4)cc(-c4ccccc4)n2[B-]3(F)F)cc1,2,663.0,664.0,663.5,1.0
O=c1c2ccccc2c2c3c(cccc13)c(-c1ccccc1)c1c3cccc4cccc(c43)c12,2,461.0,462.0,461.5,1.0
c1ccc(Nc2nc(Nc3ccccc3)nc(Nc3ccc4c5cccc6cccc(c7cccc3c74)c65)n2)cc1,4,443.0,444.0,444.0,1.0
N#Cc1cc(C#N)c(-c2cc(-n3c4ccccc4c4ccccc43)cc(-n3c4ccccc4c4ccccc43)c2)cc1-c1cc(-n2c3ccccc3c3ccccc32)cc(-n2c3ccccc3c3ccccc32)c1,2,337.0,338.0,337.5,1.0
CCOC(=O)CCOc1ccccc1C(c1c(C)[nH]c2ccccc12)c1c(C)[nH]c2ccccc12,4,290.0,291.0,290.5,1.0
CCOC(=O)CCOc1ccc(C(c2c(C)[nH]c3ccccc23)c2c(C)[nH]c3ccccc23)cc1,4,290.0,291.0,290.0,1.0
CN(C)c1ccc2cc3ccc(=[N+](C)C)cc-3oc2c1,2,547.0,548.0,547.5,1.0
CCCCN1C(=O)c2cccc3cccc(c23)C1=O,3,341.0,342.0,342.0,1.0
CNc1ncc2nc(C#N)n(Cc3ccccc3)c2n1,4,341.0,342.0,342.0,1.0
F[Si](c1ccccc1)(c1ccccc1)c1c2ccccc2cc2ccccc12,2,393.0,394.0,393.5,1.0
F[Si](c1c2ccccc2cc2ccccc12)(c1c2ccccc2cc2ccccc12)c1c2ccccc2cc2ccccc12,2,401.0,402.0,401.5,1.0
O=[N+]([O-])c1ccc(C#Cc2ccc3ccccc3c2)cc1,2,338.0,339.0,338.5,1.0
Cc1ccccc1-c1c2ccc(=[N+]3CCN(C(=O)OC(C)(C)C)CC3)cc-2oc2cc(N3CCN(C(=O)OC(C)(C)C)CC3)ccc12,2,555.0,556.0,555.5,1.0
CC1=[N+]2C(=C(NC(C)c3ccccc3)c3ccc(C)n3[B-]2(F)F)C=C1c1cc2n(c1)[B-](F)(F)[N+]1=CC=CC1=C2c1c(C)cc(C)cc1C,2,570.0,571.0,570.5,1.0
Clc1nc(Cl)nc(Nc2ccc3ccc4cccc5ccc2c3c45)n1,3,340.0,341.0,341.0,1.0
c1ccc(-c2nc(-c3ccc(-c4cncc5ccccc45)cc3)[nH]c2-c2ccccc2)cc1,2,333.0,334.0,333.5,1.0
O=[N+]([O-])c1cccc(O)c1,2,328.0,329.0,328.5,1.0
O=P1(c2ccccc2)c2ccc(N3c4ccccc4Oc4ccccc43)cc2-c2cc(N3c4ccccc4Oc4ccccc43)ccc21,2,404.2,405.0,404.6,0.8000000000000114
N#Cc1ccc2cc[nH]c2c1,3,284.3558282,285.0,285.0,0.644171799999981
C(=C/c1ccc(-c2ccccc2)cc1)\c1ccc(Oc2ccc3ccccc3c2-c2c(Oc3ccc(/C=C/c4ccc(-c5ccccc5)cc4)cc3)ccc3ccccc23)cc1,2,328.0,328.5,328.25,0.5
c1ccc(-c2nc(-c3ccccc3)c(-c3ccccc3)[nH]2)cc1,2,311.5,311.75,311.625,0.25
N#Cc1ccc2[nH]ccc2c1,3,274.8466258,275.0,275.0,0.15337419999997337
CC(=O)[B-]1(C(C)=O)OC(C)=CC(c2ccc3ccccc3c2)=[O+]1,2,380.0,380.0,380.0,0.0
CC(=O)[B-]1(C(C)=O)OC(c2ccccc2)=CC(c2ccc3ccccc3c2)=[O+]1,2,400.0,400.0,400.0,0.0
COc1ccc(/C=C(\C)c2nc3ccccc3s2)cc1,2,330.0,330.0,330.0,0.0
COc1ccc(/C=C(\C#N)c2nc(-c3ccc(OC)cc3)cs2)cc1,2,380.0,380.0,380.0,0.0
COc1ccc(/C=C(\C#N)c2nc(-c3ccc(Cl)cc3)cs2)cc1,2,373.0,373.0,373.0,0.0
O=C1c2cc(F)ccc2-c2cnccc21,2,408.6090753,408.6090753,408.6090753,0.0
O=C1O[B-]2(OC1=O)OC(c1ccccc1)=CC(c1ccccc1)=[O+]2,2,384.0,384.0,384.0,0.0
O=C1c2cc(-n3c4ccccc4c4ccccc43)ccc2S(=O)(=O)c2ccc(-n3c4ccccc4c4ccccc43)cc21,5,406.0,406.0,406.0,0.0
COC(=O)c1cc(=O)n(C)c2cc(-c3cccc(N(C)C)c3)sc12,2,396.0,396.0,396.0,0.0
O=C1O[B-]2(OC1=O)OC(c1ccccc1)=CC(c1ccc3ccccc3c1)=[O+]2,2,435.0,435.0,435.0,0.0
COC(=O)c1cc(=O)n(C)c2cc(-c3cccc(OC)c3)sc12,2,394.0,394.0,394.0,0.0
O=S(=O)(c1ccc(-c2ccc(-c3nc4c5ccccc5c5ccccc5c4n3-c3ccccc3)cc2)cc1)c1ccc(-c2ccc(-c3nc4c5ccccc5c5ccccc5c4n3-c3ccccc3)cc2)cc1,12,368.0,368.0,368.0,0.0
COc1ccc(-c2csc(/C(C#N)=C/c3ccc(Cl)cc3Cl)n2)cc1,2,377.0,377.0,377.0,0.0
COc1ccc(-c2csc(/C(C#N)=C/c3ccc(Cl)cc3)n2)cc1,2,376.0,376.0,376.0,0.0
COc1ccc(-c2csc(/C(C#N)=C/c3c(Cl)cccc3Cl)n2)cc1,2,360.0,360.0,360.0,0.0
COc1ccc(-c2nc(/C(C#N)=C/c3ccc(Cl)cc3)sc2-c2ccc(OC)cc2)cc1,2,394.0,394.0,394.0,0.0
COc1ccc(-c2csc(/C(C#N)=C/c3ccccc3Cl)n2)cc1,2,372.0,372.0,372.0,0.0
COc1ccc(-c2nc(/C(C#N)=C/c3ccc(C#N)cc3)sc2-c2ccc(OC)cc2)cc1,2,407.0,407.0,407.0,0.0
COc1ccc(-c2csc(/C(C#N)=C/c3ccc(C(F)(F)F)cc3)n2)cc1,2,380.0,380.0,380.0,0.0
Cc1ccc2c(c1)C(=O)c1ccncc1-2,2,408.9490098,408.9490098,408.9490098,0.0
Cc1ccccc1-c1c2ccc(=[N+]3CCCC3)cc-2oc2cc(N3CCCC3)ccc12,2,558.0,558.0,558.0,0.0
CC1=[N+]2C(=C(c3ccc(C=O)cc3)c3ccc(C)n3[B-]2(F)F)C=C1c1cc2n(c1)[B-](F)(F)[N+]1=CC=CC1=C2c1c(C)cc(C)cc1C,2,604.5,604.5,604.5,0.0
Clc1ccc2c(c1)Nc1ccccc1S2,2,323.0,323.0,323.0,0.0
C(=C/c1c2ccccc2cc2ccccc12)\c1ccc2ccccc2n1,2,390.0,390.0,390.0,0.0
O=P(c1ccccc1)(c1ccccc1)n1c2ccccc2c2cc(-n3c4ccccc4c4cc(-n5c6ccccc6c6cc(-n7c8ccccc8c8ccccc87)ccc65)ccc43)ccc21,2,341.0,341.0,341.0,0.0
CC1=CC(c2ccc3ccccc3c2)=[O+][B-]2(OC(=O)C(=O)O2)O1,2,400.0,400.0,400.0,0.0
CC1=[O+][B-]2(OC(=O)C(=O)O2)OC(c2c3ccccc3cc3ccccc23)=C1,2,494.0,494.0,494.0,0.0
O=C1c2ccccc2S(=O)(=O)c2ccc(-n3c4ccccc4c4ccccc43)cc21,5,404.0,404.0,404.0,0.0
FC(F)(F)C(F)(F)C(F)(F)C(F)(F)C(F)(F)C(F)(F)CCOc1nnc(Cl)nn1,2,519.0,519.0,519.0,0.0
COC(=O)c1nc(-c2ccccc2)oc1C,5,267.0,267.0,267.0,0.0
Clc1ccc(/C=C(\c2ccccc2)c2nc3ccccc3o2)cc1,2,330.0,330.0,330.0,0.0
COc1ccc(-c2csc(/C(C#N)=C/c3ccc([N+](=O)[O-])cc3)n2)cc1,2,399.0,399.0,399.0,0.0
Clc1ccc(/C=C/c2nc3ccccc3s2)cc1,2,340.0,340.0,340.0,0.0
Clc1ccc(/C=C(\c2ccccc2)c2nc3ccccc3s2)cc1,2,340.0,340.0,340.0,0.0
Cc1nc(-c2ccc(-n3c4ccccc4c4ccccc43)cc2)cc(-c2ccc(-n3c4ccccc4c4ccccc43)cc2)n1,3,343.0,343.0,343.0,0.0
COc1cc2c(cc1OC)C1=C3C(=O)N4C=Cc5cc(OC)c(OC)cc5C4=C3C(=O)N1C=C2,2,593.0,593.0,593.0,0.0
C(=C/c1nc2ccccc2s1)\c1ccccc1,2,340.0,340.0,340.0,0.0
C(=C/c1nc2ccccc2o1)\c1ccccc1,2,320.0,320.0,320.0,0.0
C(=C/c1ccnc2ccccc12)\c1c2ccccc2cc2ccccc12,2,387.0,387.0,387.0,0.0
C(=C/c1ccc2ccccc2c1)\c1ccc(N(c2ccccc2)c2ccccc2)cc1,2,371.0,371.0,371.0,0.0
C/C(=C\c1ccccc1)c1nc2ccccc2o1,2,315.0,315.0,315.0,0.0
C/C(=C\c1ccc(Cl)cc1)c1nc2ccccc2s1,2,320.0,320.0,320.0,0.0
C(=C/c1c2ccccc2cc2ccccc12)\c1cccc2ccccc12,2,386.0,386.0,386.0,0.0
c1ccc2c(c1)[nH]c1c3[nH]c4ccccc4c3c3nsnc3c21,3,410.0,410.0,410.0,0.0
c1ccc2c(c1)Nc1ccccc1S2,2,318.0,318.0,318.0,0.0
C(=C/c1c2ccccc2cc2ccccc12)\c1cnc2ccccc2c1,2,386.0,386.0,386.0,0.0
C(=C/c1ccc(N(c2ccccc2)c2ccccc2)cc1)\c1ccccc1,2,362.0,362.0,362.0,0.0
c1ccc2c(c1)Cc1cc3c(cc1-2)Cc1ccccc1-3,2,333.0,333.0,333.0,0.0
c1ccc2c(c1)Nc1ccccc1B2c1c2ccccc2cc2ccccc12,2,394.0,394.0,394.0,0.0
C(=C/c1c2ccccc2cc2ccccc12)\c1ccccc1,2,385.0,385.0,385.0,0.0
C/C(=C\c1ccc(Cl)cc1)c1nc2ccccc2o1,2,320.0,320.0,320.0,0.0
C/C(=C\c1ccc(C)cc1)c1nc2ccccc2o1,2,315.0,315.0,315.0,0.0
c1ccc(N2c3ccccc3Sc3cc(-c4cccc5nc6ccccc6cc45)ccc32)cc1,11,407.0,407.0,407.0,0.0
c1ccc(Cn2c3sccc3c3c4nsnc4c4c5ccsc5n(Cc5ccccc5)c4c32)cc1,2,424.0,424.0,424.0,0.0
Cc1cc(-c2ccc(-n3c4ccccc4c4ccccc43)cc2)nc(-c2ccc(-c3ccccc3)cc2)n1,4,341.0,341.0,341.0,0.0
C1=CB2C=Cc3ccccc3N2C=C1,2,310.0,310.0,310.0,0.0
C1=Cc2ccccc2Cc2ccccc21,2,285.0,285.0,285.0,0.0
C1=Cc2nc1c(-c1ccccc1)c1ccc([nH]1)c(-c1ccccc1)c1nc(c(-c3ccccc3)c3ccc([nH]3)c2-c2ccccc2)C=C1,2,646.0,646.0,646.0,0.0
CC/[NH+]=c1\cc2oc3cc(NCCNC(=O)C(NC(=O)OC(C)(C)C)C(C)C)c4ccccc4c3nc-2cc1C,2,590.0,590.0,590.0,0.0
CC/[NH+]=c1\cc2oc3cc(NCCN)c4ccccc4c3nc-2cc1C,2,590.0,590.0,590.0,0.0
CCCCCCCCn1nnc(-c2ccc(C#Cc3ccc(C#Cc4ccc(-c5nnn(CCCCCCCC)n5)cc4)c4nc5c6ccccc6c6ccccc6c5nc34)cc2)n1,3,428.0,428.0,428.0,0.0
N#C/C(=C\c1ccc(C#N)cc1)c1nc(-c2ccccc2)c(-c2ccccc2)s1,2,379.0,379.0,379.0,0.0
N#C/C(=C\c1ccc(C(F)(F)F)cc1)c1nc(-c2ccc(Cl)cc2)cs1,2,359.0,359.0,359.0,0.0
N#C/C(=C\c1ccc(C#N)cc1)c1nc(-c2ccc(Cl)cc2)c(-c2ccccc2)s1,2,377.0,377.0,377.0,0.0
N#C/C(=C\c1ccc(C#N)cc1)c1nc(-c2ccc(Cl)cc2)cs1,2,367.0,367.0,367.0,0.0
CC/[NH+]=c1\cc2oc3cc(NCCC(=O)NC(CCC(=O)OC)C(=O)OC)c4ccccc4c3nc-2cc1C,2,600.0,600.0,600.0,0.0
CCCCN1C(=O)c2cccc3c(Oc4cc(COc5ccc(N6C(=O)c7cccc8c(NCCN(C)C)ccc(c78)C6=O)cc5)cc(Oc5ccc6c7c(cccc57)C(=O)N(CCCC)C6=O)c4)ccc(c23)C1=O,3,430.0,430.0,430.0,0.0
N#C/C(=C\c1ccncc1)c1nc(-c2ccc(Cl)cc2)cs1,2,357.0,357.0,357.0,0.0
N#C/C(=C\c1ccccc1)c1nc2ccccc2s1,2,350.0,350.0,350.0,0.0
CN(C)c1ccc2c(c1)[Si](C)(C)C1=CC(=[N+](C)C)C=CC1=C2C#Cc1ccccc1,2,712.0,712.0,712.0,0.0
COc1ccc2cc(C3=[N+]4C(=Nc5c(-c6ccccc6)cc(-c6ccc7cc(OC)ccc7c6)n5[B-]4(F)F)C(c4ccccc4)=C3Br)ccc2c1,2,695.0,695.0,695.0,0.0
CC(C)(C)c1ccc2c(c1)c1cc(C(C)(C)C)ccc1n2-c1cccc(-c2nc(-c3cccc(P(=O)(c4ccccc4)c4ccccc4)c3)nc(-c3cccc(P(=O)(c4ccccc4)c4ccccc4)c3)n2)c1,7,343.0,343.0,343.0,0.0
COc1ccc2nc(N)sc2c1,2,305.0,305.0,305.0,0.0
COc1ccc2nc(/N=N/c3ccc(N(C)C)cc3)sc2c1,2,506.0,506.0,506.0,0.0
CC(C)(C)c1ccc2c(c1)c1cc(C(C)(C)C)ccc1n2-c1cccc(-c2nc(-c3cccc(-n4c5ccc(C(C)(C)C)cc5c5cc(C(C)(C)C)ccc54)c3)nc(-c3cccc(P(=O)(c4ccccc4)c4ccccc4)c3)n2)c1,7,344.3632568,344.3632568,344.3632568,0.0
O=c1oc2ccccc2c2c1c(=O)oc1ccc3ccc(O)cc3c12,2,428.0,428.0,428.0,0.0
O=C1C2=C3c4sccc4C=CN3C(=O)C2=C2c3sccc3C=CN12,2,605.0,605.0,605.0,0.0
Cc1ccc(C)n1-c1ccc(C#N)cc1,5,275.0,275.0,275.0,0.0
CC(C)[Si](C#Cc1c2ccccc2c(C#C[Si](C(C)C)(C(C)C)C(C)C)c2nc3ccccc3nc12)(C(C)C)C(C)C,2,570.0,570.0,570.0,0.0
Cc1ccc(C)n1-c1cccc(C#N)c1,5,259.0,259.0,259.0,0.0
CC(C)[Si](C#Cc1ccc(C#C[Si](C(C)C)(C(C)C)C(C)C)c2nc3cc4c(cc3nc12)[C@H]1c2ccccc2[C@@H]4c2ccccc21)(C(C)C)C(C)C,2,435.0,435.0,435.0,0.0
O=c1c2ccccc2sc2ccc(-n3c4ccccc4c4ccccc43)cc12,5,388.0,388.0,388.0,0.0
CCCCCCCCCCOc1ccc2c3c(oc2c1)C1=C2C(=O)N4C=Cc5c(oc6cc(OCCCCCCCCCC)ccc56)C4=C2C(=O)N1C=C3,2,648.0,648.0,648.0,0.0
CCCCCCCCCCn1nnc(-c2ccc(C#Cc3ccc(C#Cc4ccc(-c5nnn(CCCCCCCCCC)n5)cc4)c4nc5c6ccccc6c6ccccc6c5nc34)cc2)n1,3,428.0,428.0,428.0,0.0
O=C1C2=C3c4ccsc4C=CN3C(=O)C2=C2c3ccsc3C=CN12,2,575.0,575.0,575.0,0.0
COc1ccc(/C=C/c2nc3ccccc3s2)cc1,2,350.0,350.0,350.0,0.0
COc1ccc(/C=C(\c2ccccc2)c2nc3ccccc3s2)cc1,2,350.0,350.0,350.0,0.0
N#C/C(=C\c1ccc(Cl)cc1)c1nc(-c2ccccc2)cs1,2,364.0,364.0,364.0,0.0
N#C/C(=C\c1ccc(Cl)cc1)c1nc2ccccc2s1,2,350.0,350.0,350.0,0.0
N#C/C(=C\c1ccc([N+](=O)[O-])cc1)c1nc(-c2ccccc2)cs1,2,382.0,382.0,382.0,0.0
N#C/C(=C\c1ccc([N+](=O)[O-])cc1)c1nc2ccccc2s1,2,360.0,360.0,360.0,0.0
CNc1ncc2nc(C(=O)OC)n(Cc3ccccc3)c2n1,4,345.0,345.0,345.0,0.0
COC(=O)C[C@H](Cc1c[nH]c2ccccc12)NC(=O)[C@H](CC(=O)N[C@@H](CC1=CCc2ccccc21)C(=O)OC)NC(=O)OC(C)(C)C,3,280.0,280.0,280.0,0.0
COC(=O)C[C@H](Cc1c[nH]c2ccccc12)NC(=O)[C@H](CC(=O)N[C@@H](CC1=CCc2ccccc21)C(=O)OC)NC(=O)[C@H](Cc1c[nH]c2ccccc12)NC(=O)OC(C)(C)C,3,280.0,280.0,280.0,0.0
COC(=O)C[C@H](NC(=O)[C@H](Cc1c[nH]c2ccccc12)NC(=O)OC(C)(C)C)C(=O)OC,3,280.0,280.0,280.0,0.0
CCCCCCCCCCCCOc1ccc(C#Cc2ccc(C#Cc3ccc(OCCCCCCCCCCCC)c(OCCCCCCCCCCCC)c3)c3nc4c5ccccc5c5ccccc5c4nc23)cc1OCCCCCCCCCCCC,3,461.0,461.0,461.0,0.0
CCCCCCCCCCCCn1nnc(-c2ccc(C#Cc3ccc(C#Cc4ccc(-c5nnn(CCCCCCCCCCCC)n5)cc4)c4nc5c6ccccc6c6ccccc6c5nc34)cc2)n1,3,428.0,428.0,428.0,0.0
CCCCCCCCCCOc1ccc(C#Cc2ccc(C#Cc3ccc(OCCCCCCCCCC)c(OCCCCCCCCCC)c3)c3nc4c5ccccc5c5ccccc5c4nc23)cc1OCCCCCCCCCC,3,461.0,461.0,461.0,0.0
O=c1c2cc(-n3c4ccccc4c4ccccc43)ccc2sc2ccc(-n3c4ccccc4c4ccccc43)cc12,5,408.0,408.0,408.0,0.0
COc1ccc(C2=[N+]3C(=Nc4c(-c5ccccc5)cc(-c5ccc(OC)cc5)n4[B-]3(F)F)C(c3ccccc3)=C2)cc1,2,688.0,688.0,688.0,0.0
COc1ccc(C2=[N+]3C(=Nc4c(-c5ccccc5)c(Br)c(-c5ccc(OC)cc5)n4[B-]3(F)F)C(c3ccccc3)=C2Br)cc1,2,679.0,679.0,679.0,0.0
CC/[NH+]=c1\cc2oc3cc(NCCO)c4ccccc4c3nc-2cc1C,2,590.0,590.0,590.0,0.0
CC/[NH+]=c1\cc2oc3cc(NCCOC(=O)C(NC(=O)OC(C)(C)C)C(C)C)c4ccccc4c3nc-2cc1C,2,590.0,590.0,590.0,0.0
CC/[NH+]=c1\cc2oc3cc(NCCC(=O)NCCCCC(NC(C)=O)C(=O)OC)c4ccccc4c3nc-2cc1C,2,590.0,590.0,590.0,0.0
O=C(O)c1ccc2cc3cc(C(=O)O)ccc3cc2c1,2,409.0,409.0,409.0,0.0
CC(C)(C)c1ccc2oc3nc4oc5ccc(-n6c7ccc(C(C)(C)C)cc7c7cc(C(C)(C)C)ccc76)cc5c4cc3c2c1,2,346.0,346.0,346.0,0.0
Cc1ccc(/C=C/c2nc3ccccc3s2)cc1,2,345.0,345.0,345.0,0.0
Cc1ccc(-c2sc(/C(C#N)=C/c3ccc(C#N)cc3)nc2-c2ccc(Cl)cc2)cc1,2,383.0,383.0,383.0,0.0
Cc1ccc(-c2ccc3ccc4cc(C(C)(C)C)cc5ccc2c3c45)cc1,2,342.0,342.0,342.0,0.0
CCCCCCCCOc1ccc(C#Cc2ccc(C#Cc3ccc(OCCCCCCCC)c(OCCCCCCCC)c3)c3nc4c5ccccc5c5ccccc5c4nc23)cc1OCCCCCCCC,3,461.0,461.0,461.0,0.0
CC(C)(C)c1ccc2oc3nc4oc5cc(-n6c7ccccc7c7ccccc76)ccc5c4cc3c2c1,2,347.0,347.0,347.0,0.0
Oc1c(-c2ccco2)cccc1-c1nc2ccccc2s1,3,360.0,360.0,360.0,0.0
CC(C)CCCN1c2ccccc2CCc2ccccc21,2,276.0,276.0,276.0,0.0
CCCCCn1c2ccc(S(=O)(=O)O)cc2c(=O)c2cc(S(=O)(=O)O)ccc21,2,406.0,406.0,406.0,0.0
c1ccc(Nc2nc(Nc3ccccc3)nc(Nc3cc4ccc5cccc6ccc(c3)c4c56)n2)cc1,3,336.0,336.0,336.0,0.0
CCn1c2ccccc2c2c3nsnc3c3c4ccccc4n(CC)c3c21,3,420.0,420.0,420.0,0.0
CCN(CC)c1ccc(-c2nc3cc(C(NC(=O)OC(C)(C)C)C(=O)OC)ccc3o2)c(O)c1,3,364.0,364.0,364.0,0.0
CCN(CC)c1ccc(Nc2cc3oc(-c4ccc(C#N)cc4)nc3c3ccccc23)cc1,4,420.0,420.0,420.0,0.0
N#Cc1ccc2cc(C#Cc3cn([C@H]4C[C@H](O)[C@@H](CO)O4)c4ncnc(N)c34)ccc2c1,5,345.0,345.0,345.0,0.0
Nc1cc(N)cc(-c2nc3ccccc3s2)c1,8,360.0,360.0,360.0,0.0
CCOC(=O)c1ccc2nc(N)sc2c1,2,293.0,293.0,293.0,0.0
CCOC(=O)C1=CNC=C(C(=O)OCC)C1c1ccccc1,2,355.0,355.0,355.0,0.0
CC(C)(C)c1ccc2c(c1)c1cc(C(C)(C)C)ccc1n2-c1ccc(S(=O)(=O)c2cccc(S(=O)(=O)c3ccc(-n4c5ccc(C(C)(C)C)cc5c5cc(C(C)(C)C)ccc54)cc3)c2)cc1,2,348.0,348.0,348.0,0.0
COc1ccc2cc(C3=[N+]4C(=Nc5c(-c6ccccc6)cc(-c6ccc7cc(OC)ccc7c6)n5[B-]4(F)F)C(c4ccccc4)=C3)ccc2c1,2,706.0,706.0,706.0,0.0
Cc1cc2c(o1)c(Br)cc1c(C)cc(=O)oc12,2,330.0,330.0,330.0,0.0
N#Cc1ccc(-n2cccc2)cc1,5,287.0,287.0,287.0,0.0
c1ccc(-c2cc(-c3ccc4c(c3)C3(c5ccccc5-c5ccccc53)c3cc(-c5cc(-c6ccccn6)nc(-c6ccccn6)c5)ccc3-4)cc(-c3ccccn3)n2)nc1,2,344.0,344.0,344.0,0.0
CC(C)(C)c1ccc(-c2c(-c3ccc4c5ccccc5n(-c5ccccc5)c4c3)c(C#N)c(-c3ccc4c5ccccc5n(-c5ccccc5)c4c3)c(-c3ccc(C(C)(C)C)cc3)c2-c2ccc(C(C)(C)C)cc2)cc1,2,345.0,345.0,345.0,0.0
c1cnc(-c2c3ccccc3c(-c3ncccn3)c3ccccc23)nc1,2,389.0,389.0,389.0,0.0
C#CCNC1=C2C=C(c3cc4n(c3)[B-](F)(F)[N+]3=CC=CC3=C4c3c(C)cc(C)cc3C)C(C)=[N+]2[B-](F)(F)n2c(C)ccc21,2,568.0,568.0,568.0,0.0
